selection_status,category,document_type,section,title,date_iso,year,size_mb,estimated_store_mb,cumulative_pdf_mb,cumulative_store_estimated_mb,path,exists,file_url,post_url
selected,avis,avis,conseil central de l’économie,Vers une réforme réussie du budget mobilité,2026-04-29,2026,0.209,0.628,0.209,0.628,avis/2026-04-30-08-29-55_doc261330fr.pdf,yes,https://www.ccecrb.fgov.be/dpics/fichiers/2026-04-30-08-29-55_doc261330fr.pdf,https://www.ccecrb.fgov.be/p/fr/1384/vers-une-reforme-reussie-du-budget-mobilite
selected,rapport,rapport,conseil central de l’économie,Les déplacements domicile-travail en voiture privée : remboursements et alternatives possibles à la voiture,2026-04-22,2026,0.404,1.211,0.613,1.839,rapport/2026-04-22-04-32-04_doc261200fr.pdf,yes,https://www.ccecrb.fgov.be/dpics/fichiers/2026-04-22-04-32-04_doc261200fr.pdf,https://www.ccecrb.fgov.be/p/fr/1377/les-deplacements-domicile-travail-en-voiture-privee-remboursements-et-alternatives-possibles-a-la-voiture
selected,avis,avis,conseil central de l’économie,Vers un système de billettique intégré pour les transports en commun en Belgique,2026-04-02,2026,0.095,0.286,0.708,2.124,avis/2026-04-03-09-49-58_doc261080fr.pdf,yes,https://www.ccecrb.fgov.be/dpics/fichiers/2026-04-03-09-49-58_doc261080fr.pdf,https://www.ccecrb.fgov.be/p/fr/1374/vers-un-systeme-de-billettique-integre-pour-les-transports-en-commun-en-belgique
selected,avis,avis,conseil central de l’économie,"Impact de la transition climatique sur l’activité, l'emploi et la formation",2026-04-02,2026,3.921,11.763,4.629,13.888,avis/2026-04-03-09-43-23_doc261020fr.pdf,yes,https://www.ccecrb.fgov.be/dpics/fichiers/2026-04-03-09-43-23_doc261020fr.pdf,https://www.ccecrb.fgov.be/p/fr/1373/impact-de-la-transition-climatique-sur-l-activite-l-emploi-et-la-formation
selected,avis-conjoint,avis conjoint,conseil central de l’économie,Avis sur le projet de plan d'action fédéral pour l'économie circulaire,2026-04-02,2026,4.251,12.754,8.881,26.642,avis-conjoint/2026-04-03-09-30-53_doc261035fr.pdf,yes,https://www.ccecrb.fgov.be/dpics/fichiers/2026-04-03-09-30-53_doc261035fr.pdf,https://www.ccecrb.fgov.be/p/fr/1372/avis-sur-le-projet-de-plan-d-action-federal-pour-l-economie-circulaire
selected,avis,avis,conseil central de l’économie,Le mécanisme d’indexation plafonnée passé au crible par les partenaires sociaux,2026-03-31,2026,0.218,0.654,9.099,27.296,avis/2026-03-31-06-58-19_doc261000fr.pdf,yes,https://www.ccecrb.fgov.be/dpics/fichiers/2026-03-31-06-58-19_doc261000fr.pdf,https://www.ccecrb.fgov.be/p/fr/1368/le-mecanisme-d-indexation-plafonnee-passe-au-crible-par-les-partenaires-sociaux
selected,avis-conjoint,avis conjoint,secteurs,Pourquoi une hausse de la TVA sur les produits alimentaires est une mauvaise idée,2026-03-31,2026,0.102,0.306,9.201,27.602,avis-conjoint/2026-04-28-02-48-59_CCE20261115AvishausseTVA.pdf,yes,https://www.ccecrb.fgov.be/dpics/fichiers/2026-04-28-02-48-59_CCE20261115AvishausseTVA.pdf,https://www.ccecrb.fgov.be/p/fr/1380/pourquoi-une-hausse-de-la-tva-sur-les-produits-alimentaires-est-une-mauvaise-idee
selected,avis,avis,clauses abusives,Ajouts à la liste noire des clauses abusives dans les contrats conclus avec les consommateurs,2026-03-27,2026,1.367,4.101,10.568,31.703,avis/2026-04-28-10-34-05_doc261310fr.pdf,yes,https://www.ccecrb.fgov.be/dpics/fichiers/2026-04-28-10-34-05_doc261310fr.pdf,https://www.ccecrb.fgov.be/p/fr/1378/ajouts-a-la-liste-noire-des-clauses-abusives-dans-les-contrats-conclus-avec-les-consommateurs
selected,actualite,actualité,secteurs,Points d’attention relatifs aux investissements publics dans la défense visant à respecter la norme de l’OTAN,2026-03-25,2026,0.113,0.338,10.68,32.041,actualite/2026-04-29-10-07-29_doc261141fr.pdf,yes,https://www.ccecrb.fgov.be/dpics/fichiers/2026-04-29-10-07-29_doc261141fr.pdf,https://www.ccecrb.fgov.be/p/fr/1381/points-d-attention-relatifs-aux-investissements-publics-dans-la-defense-visant-a-respecter-la-norme-de-l-otan
selected,avis,avis,conseil central de l’économie,Une enveloppe spécifique pour les groupes vulnérables,2026-03-24,2026,0.713,2.138,11.393,34.178,avis/2026-03-25-10-27-21_doc260925fr.pdf,yes,https://www.ccecrb.fgov.be/dpics/fichiers/2026-03-25-10-27-21_doc260925fr.pdf,https://www.ccecrb.fgov.be/p/fr/1365/une-enveloppe-specifique-pour-les-groupes-vulnerables
selected,avis-conjoint,avis conjoint,secteurs,Avis sur la rénovation des copropriétés,2026-03-18,2026,0.53,1.591,11.923,35.77,avis-conjoint/2026-03-20-01-29-34_CCE20260885Renovationenergetiquefinancementetcopropriete.pdf,yes,https://www.ccecrb.fgov.be/dpics/fichiers/2026-03-20-01-29-34_CCE20260885Rénovationénergétiquefinancementetcopropriété.pdf,https://www.ccecrb.fgov.be/p/fr/1362/avis-sur-la-renovation-des-coproprietes
selected,avis,avis,clauses abusives,Suppression de l'exception relative aux marchés publics en cas de clauses abusives,2026-03-13,2026,0.764,2.291,12.687,38.06,avis/2026-04-02-10-30-08_doc260860fr.pdf,yes,https://www.ccecrb.fgov.be/dpics/fichiers/2026-04-02-10-30-08_doc260860fr.pdf,https://www.ccecrb.fgov.be/p/fr/1369/suppression-de-l-exception-relative-aux-marches-publics-en-cas-de-clauses-abusives
selected,avis,avis,consommation,Dispositions diverses en matière de protection des consommateurs : la CCS Consommation publie un avis politique important,2026-03-10,2026,0.667,2.0,13.353,40.06,avis/2026-03-19-05-25-47_CCE20260870Avis_002_.pdf,yes,https://www.ccecrb.fgov.be/dpics/fichiers/2026-03-19-05-25-47_CCE20260870Avis(002).pdf,https://www.ccecrb.fgov.be/p/fr/1363/dispositions-diverses-en-matiere-de-protection-des-consommateurs-la-ccs-consommation-publie-un-avis-politique-important
selected,avis,avis,consommation,Restriction de l'utilisation d'articles pyrotechniques,2026-03-10,2026,0.477,1.432,13.831,41.492,avis/2026-03-10-02-05-40_doc260775fr.pdf,yes,https://www.ccecrb.fgov.be/dpics/fichiers/2026-03-10-02-05-40_doc260775fr.pdf,https://www.ccecrb.fgov.be/p/fr/1360/restriction-de-l-utilisation-d-articles-pyrotechniques
selected,avis,avis,concurrence,Marchés publics : Le guide de bonnes pratiques de l’ABC pour les acheteurs,2026-03-05,2026,0.667,2.0,14.497,43.492,avis/2026-03-13-09-58-15_CCE20260750Projetdeguiderelatifalapplicationdesreglesdeconcurrenceauxmarchespublics.pdf,yes,https://www.ccecrb.fgov.be/dpics/fichiers/2026-03-13-09-58-15_CCE20260750Projetdeguiderelatifàl’applicationdesrèglesdeconcurrenceauxmarchéspublics.pdf,https://www.ccecrb.fgov.be/p/fr/1361/marches-publics-le-guide-de-bonnes-pratiques-de-l-abc-pour-les-acheteurs
selected,avis,avis,consommation,Unité de mesure alternative pour l’indication des prix des compléments alimentaires,2026-03-05,2026,0.574,1.723,15.072,45.216,avis/2026-03-06-10-11-38_doc260760fr.pdf,yes,https://www.ccecrb.fgov.be/dpics/fichiers/2026-03-06-10-11-38_doc260760fr.pdf,https://www.ccecrb.fgov.be/p/fr/1359/unite-de-mesure-alternative-pour-l-indication-des-prix-des-complements-alimentaires
selected,avis-conjoint,avis conjoint,consommation,Utilisation des produits phytopharmaceutiques,2026-03-02,2026,0.288,0.864,15.36,46.08,avis-conjoint/2026-03-04-01-30-13_CCE20260675Avis.pdf,yes,https://www.ccecrb.fgov.be/dpics/fichiers/2026-03-04-01-30-13_CCE20260675Avis.pdf,https://www.ccecrb.fgov.be/p/fr/1357/utilisation-des-produits-phytopharmaceutiques
selected,avis,avis,consommation,Adaptation de la réglementation sur les articles pyrotechniques,2026-02-26,2026,0.487,1.46,15.847,47.54,avis/2026-03-02-03-18-30_doc260680fr.pdf,yes,https://www.ccecrb.fgov.be/dpics/fichiers/2026-03-02-03-18-30_doc260680fr.pdf,https://www.ccecrb.fgov.be/p/fr/1355/adaptation-de-la-reglementation-sur-les-articles-pyrotechniques
selected,avis,avis,conseil central de l’économie,Étude prospective multi-vecteurs sur la sécurité d’approvisionnement en énergie,2026-02-23,2026,3.885,11.654,19.731,59.194,avis/2026-02-24-04-41-54_doc260625fr.pdf,yes,https://www.ccecrb.fgov.be/dpics/fichiers/2026-02-24-04-41-54_doc260625fr.pdf,https://www.ccecrb.fgov.be/p/fr/1353/etude-prospective-multi-vecteurs-sur-la-securite-d-approvisionnement-en-energie
selected,note-documentaire,note documentaire,Services Postaux et e-commerce,Analyse de suivi sur le travail de nuit dans le secteur du commerce et les secteurs connexes,2026-02-19,2026,1.065,3.196,20.797,62.39,note-documentaire/2026-03-05-11-42-02_doc260653.pdf,yes,https://www.ccecrb.fgov.be/dpics/fichiers/2026-03-05-11-42-02_doc260653.pdf,https://www.ccecrb.fgov.be/p/fr/1358/analyse-de-suivi-sur-le-travail-de-nuit-dans-le-secteur-du-commerce-et-les-secteurs-connexes
selected,note-documentaire,note documentaire,Services Postaux et e-commerce,Analyse de suivi sur le travail de nuit dans le secteur du commerce et les secteurs connexes,2026-02-19,2026,1.025,3.074,21.821,65.464,note-documentaire/2025-10-06-12-47-53_CCE20251785Travaildenuitdanslesecteurducommerceetlessecteursconnexes.pdf,yes,https://www.ccecrb.fgov.be/dpics/fichiers/2025-10-06-12-47-53_CCE20251785Travaildenuitdanslesecteurducommerceetlessecteursconnexes.pdf,https://www.ccecrb.fgov.be/p/fr/1358/analyse-de-suivi-sur-le-travail-de-nuit-dans-le-secteur-du-commerce-et-les-secteurs-connexes
selected,avis,avis,Télécommunications,Budget du service de médiation pour les télécommunications 2026,2026-02-19,2026,0.113,0.338,21.934,65.802,avis/2026-03-03-02-09-25_doc260690fr.pdf,yes,https://www.ccecrb.fgov.be/dpics/fichiers/2026-03-03-02-09-25_doc260690fr.pdf,https://www.ccecrb.fgov.be/p/fr/1356/budget-du-service-de-mediation-pour-les-telecommunications-2026
selected,rapport,rapport,conseil central de l’économie,Rapport 2025 sur les avantages non récurrents liés aux résultats,2026-02-18,2026,0.088,0.264,22.022,66.066,rapport/2026-02-18-03-38-50_doc260453fr.pdf,yes,https://www.ccecrb.fgov.be/dpics/fichiers/2026-02-18-03-38-50_doc260453fr.pdf,https://www.ccecrb.fgov.be/p/fr/1350/rapport-2025-sur-les-avantages-non-recurrents-lies-aux-resultats
selected,rapport,rapport,conseil central de l’économie,Rapport 2025 sur l’écart salarial entre femmes et hommes,2026-02-18,2026,0.268,0.803,22.29,66.869,rapport/2026-02-18-03-36-59_doc260562fr.pdf,yes,https://www.ccecrb.fgov.be/dpics/fichiers/2026-02-18-03-36-59_doc260562fr.pdf,https://www.ccecrb.fgov.be/p/fr/1349/rapport-2025-sur-l-ecart-salarial-entre-femmes-et-hommes
selected,rapport,rapport,conseil central de l’économie,Rapport technique du secrétariat sur les marges maximales disponibles 2025,2026-02-18,2026,0.857,2.572,23.147,69.441,rapport/2026-02-18-03-35-16_doc260600fr.pdf,yes,https://www.ccecrb.fgov.be/dpics/fichiers/2026-02-18-03-35-16_doc260600fr.pdf,https://www.ccecrb.fgov.be/p/fr/1345/rapport-technique-du-secretariat-sur-les-marges-maximales-disponibles-2025
selected,rapport,rapport,conseil central de l’économie,Rapport 2025 sur le handicap des coûts salariaux,2026-02-18,2026,0.248,0.744,23.395,70.185,rapport/2026-02-18-03-33-14_doc260451fr.pdf,yes,https://www.ccecrb.fgov.be/dpics/fichiers/2026-02-18-03-33-14_doc260451fr.pdf,https://www.ccecrb.fgov.be/p/fr/1351/rapport-2025-sur-le-handicap-des-couts-salariaux
selected,rapport,rapport,conseil central de l’économie,La situation macroéconomique des entreprises sous la loupe,2026-02-17,2026,0.837,2.511,24.232,72.696,rapport/2026-02-18-03-30-21_doc260530fr.pdf,yes,https://www.ccecrb.fgov.be/dpics/fichiers/2026-02-18-03-30-21_doc260530fr.pdf,https://www.ccecrb.fgov.be/p/fr/1348/la-situation-macroeconomique-des-entreprises-sous-la-loupe
selected,avis,avis,Services Postaux et e-commerce,Projet de budget du Service de médiation pour le secteur postal,2026-02-17,2026,0.095,0.284,24.327,72.98,avis/2026-04-09-10-54-49_doc260630fr.pdf,yes,https://www.ccecrb.fgov.be/dpics/fichiers/2026-04-09-10-54-49_doc260630fr.pdf,https://www.ccecrb.fgov.be/p/fr/1376/projet-de-budget-du-service-de-mediation-pour-le-secteur-postal
selected,avis,avis,conseil central de l’économie,La société à mission,2026-02-12,2026,0.541,1.623,24.868,74.603,avis/2026-02-16-08-47-21_doc260480fr.pdf,yes,https://www.ccecrb.fgov.be/dpics/fichiers/2026-02-16-08-47-21_doc260480fr.pdf,https://www.ccecrb.fgov.be/p/fr/1344/la-societe-a-mission
selected,avis,avis,Services Postaux et e-commerce,Un contrôle efficient et efficace des flux d’importation de l’e-commerce,2026-02-05,2026,0.158,0.473,25.025,75.076,avis/2026-04-28-01-54-06_CCE20260495Avisdesuivisurlamiseenplaced_uncontroleefficientetefficacedesfluxdimportationresultantdelecommerce.pdf,yes,https://www.ccecrb.fgov.be/dpics/fichiers/2026-04-28-01-54-06_CCE20260495Avisdesuivisurlamiseenplaced'uncontrôleefficientetefficacedesfluxd’importationrésultantdel’ecommerce.pdf,https://www.ccecrb.fgov.be/p/fr/1354/un-controle-efficient-et-efficace-des-flux-d-importation-de-l-e-commerce
selected,avis,avis,consommation,Règles visant à promouvoir la réparation des biens,2026-02-04,2026,0.601,1.802,25.626,76.878,avis/2026-02-18-03-07-26_doc260570fr.pdf,yes,https://www.ccecrb.fgov.be/dpics/fichiers/2026-02-18-03-07-26_doc260570fr.pdf,https://www.ccecrb.fgov.be/p/fr/1352/regles-visant-a-promouvoir-la-reparation-des-biens
selected,avis,avis,conseil central de l’économie,Les prix des abonnements de la SNCB à partir du 1er février 2026,2026-01-27,2026,0.217,0.65,25.843,77.528,avis/2026-01-29-10-28-34_doc260270fr.pdf,yes,https://www.ccecrb.fgov.be/dpics/fichiers/2026-01-29-10-28-34_doc260270fr.pdf,https://www.ccecrb.fgov.be/p/fr/1342/les-prix-des-abonnements-de-la-sncb-a-partir-du-1er-fevrier-2026
selected,avis,avis,clauses abusives,La CCS Clauses abusives tire la sonnette d'alarme concernant les contrats de résidences-services abusifs,2026-01-21,2026,0.919,2.758,26.762,80.286,avis/2026-02-16-11-37-59_doc260240fr.pdf,yes,https://www.ccecrb.fgov.be/dpics/fichiers/2026-02-16-11-37-59_doc260240fr.pdf,https://www.ccecrb.fgov.be/p/fr/1343/la-ccs-clauses-abusives-tire-la-sonnette-d-alarme-concernant-les-contrats-de-residences-services-abusifs
selected,avis,avis,conseil central de l’économie,La mise en œuvre de la politique climatique fédérale,2026-01-21,2026,3.969,11.908,30.732,92.195,avis/2026-01-22-03-32-27_doc260210fr.pdf,yes,https://www.ccecrb.fgov.be/dpics/fichiers/2026-01-22-03-32-27_doc260210fr.pdf,https://www.ccecrb.fgov.be/p/fr/1340/la-mise-en-uvre-de-la-politique-climatique-federale
selected,avis,avis,conseil central de l’économie,Appel pour un Plan d’action fédéral ambitieux pour l’économie circulaire,2026-01-21,2026,3.842,11.525,34.573,103.72,avis/2026-01-22-03-16-04_doc260190fr.pdf,yes,https://www.ccecrb.fgov.be/dpics/fichiers/2026-01-22-03-16-04_doc260190fr.pdf,https://www.ccecrb.fgov.be/p/fr/1339/appel-pour-un-plan-d-action-federal-ambitieux-pour-l-economie-circulaire
selected,avis,avis,Télécommunications,Proposition de loi concernant le plan tarifaire le plus avantageux,2026-01-05,2026,0.145,0.434,34.718,104.154,avis/2026-01-07-03-30-40_CCE20260020Propositiondeloiplantarifaireleplusavantageux.pdf,yes,https://www.ccecrb.fgov.be/dpics/fichiers/2026-01-07-03-30-40_CCE20260020Propositiondeloiplantarifaireleplusavantageux.pdf,https://www.ccecrb.fgov.be/p/fr/1337/proposition-de-loi-concernant-le-plan-tarifaire-le-plus-avantageux
selected,debat,Débat,conseil central de l’économie,Webinaire sur des modèles de gouvernance pour l’intégration des transports en commun,2025-12-18,2025,1.814,5.443,36.532,109.597,debat/2026-01-05-11-36-31_PresentatieKarinZipperer.pdf,yes,https://www.ccecrb.fgov.be/dpics/fichiers/2026-01-05-11-36-31_PresentatieKarinZipperer.pdf,https://www.ccecrb.fgov.be/p/fr/1330/webinaire-sur-des-modeles-de-gouvernance-pour-l-integration-des-transports-en-commun
selected,debat,Débat,conseil central de l’économie,Webinaire sur des modèles de gouvernance pour l’intégration des transports en commun,2025-12-18,2025,1.865,5.594,38.397,115.19,debat/2026-01-05-11-35-03_PresentatieEmmanuelDommergues.pdf,yes,https://www.ccecrb.fgov.be/dpics/fichiers/2026-01-05-11-35-03_PresentatieEmmanuelDommergues.pdf,https://www.ccecrb.fgov.be/p/fr/1330/webinaire-sur-des-modeles-de-gouvernance-pour-l-integration-des-transports-en-commun
selected,debat,Débat,conseil central de l’économie,Webinaire sur des modèles de gouvernance pour l’intégration des transports en commun,2025-12-18,2025,4.401,13.202,42.797,128.392,debat/2026-01-05-11-32-32_PresentationCedricAubouinIledeFranceMobilites.pdf,yes,https://www.ccecrb.fgov.be/dpics/fichiers/2026-01-05-11-32-32_Pr%C3%A9sentationC%C3%A9dricAubouin%C3%8EledeFranceMobilit%C3%A9s.pdf,https://www.ccecrb.fgov.be/p/fr/1330/webinaire-sur-des-modeles-de-gouvernance-pour-l-integration-des-transports-en-commun
selected,avis,avis,conseil central de l’économie,La stratégie « Women in Digital 2026-2030 »,2025-12-17,2025,0.103,0.31,42.901,128.702,avis/2025-12-19-09-57-17_doc252400fr.pdf,yes,https://www.ccecrb.fgov.be/dpics/fichiers/2025-12-19-09-57-17_doc252400fr.pdf,https://www.ccecrb.fgov.be/p/fr/1334/la-strategie-women-in-digital-2026-2030-
selected,avis,avis,consommation,Révision des critères applicables au service bancaire de base,2025-12-17,2025,0.6,1.801,43.501,130.503,avis/2025-12-19-03-17-04_CCE20252450Avis.pdf,yes,https://www.ccecrb.fgov.be/dpics/fichiers/2025-12-19-03-17-04_CCE20252450Avis.pdf,https://www.ccecrb.fgov.be/p/fr/1336/revision-des-criteres-applicables-au-service-bancaire-de-base
selected,avis,avis,conseil central de l’économie,"La productivité au centre d’une économie compétitive, inclusive et soutenable",2025-12-17,2025,0.261,0.784,43.763,131.288,avis/2025-12-19-02-53-46_CCE20252440AvisrapportCNP.pdf,yes,https://www.ccecrb.fgov.be/dpics/fichiers/2025-12-19-02-53-46_CCE20252440AvisrapportCNP.pdf,https://www.ccecrb.fgov.be/p/fr/1335/la-productivite-au-centre-d-une-economie-competitive-inclusive-et-soutenable
selected,avis-conjoint,avis conjoint,secteurs,Le financement de la rénovation énergétique résidentielle,2025-12-17,2025,0.564,1.693,44.327,132.98,avis-conjoint/2026-01-14-02-14-10_doc252510fr.pdf,yes,https://www.ccecrb.fgov.be/dpics/fichiers/2026-01-14-02-14-10_doc252510fr.pdf,https://www.ccecrb.fgov.be/p/fr/1338/le-financement-de-la-renovation-energetique-residentielle
selected,avis,avis,consommation,Les désignations commerciales de produits de la pêche et de l'aquaculture,2025-12-11,2025,0.649,1.946,44.975,134.926,avis/2025-12-12-09-12-34_doc252365fr.pdf,yes,https://www.ccecrb.fgov.be/dpics/fichiers/2025-12-12-09-12-34_doc252365fr.pdf,https://www.ccecrb.fgov.be/p/fr/1331/les-designations-commerciales-de-produits-de-la-peche-et-de-l-aquaculture
selected,debat,Débat,conseil central de l’économie,Webinaire sur la gouvernance des transports publics à Bâle,2025-12-09,2025,5.234,15.701,50.209,150.627,debat/2025-12-10-02-33-32_presentationBarth.pdf,yes,https://www.ccecrb.fgov.be/dpics/fichiers/2025-12-10-02-33-32_pr%C3%A9sentationBarth.pdf,https://www.ccecrb.fgov.be/p/fr/1325/webinaire-sur-la-gouvernance-des-transports-publics-a-bale
selected,debat,Débat,conseil central de l’économie,Webinaire sur l’exploitation future du réseau ferroviaire et sur la faisabilité d’un horaire intégré en Belgique,2025-12-05,2025,3.857,11.572,54.066,162.199,debat/2025-12-18-11-59-47_PresentationWarnerOldenziel.pdf,yes,https://www.ccecrb.fgov.be/dpics/fichiers/2025-12-18-11-59-47_Pr%C3%A9sentationWarnerOldenziel.pdf,https://www.ccecrb.fgov.be/p/fr/1323/webinaire-sur-l-exploitation-future-du-reseau-ferroviaire-et-sur-la-faisabilite-d-un-horaire-integre-en-belgique
selected,rapport,rapport,secteurs,L'emploi dans le secteur de la distribution,2025-12-01,2025,3.197,9.591,57.263,171.79,rapport/2025-12-12-10-47-37_doc252145fr.pdf,yes,https://www.ccecrb.fgov.be/dpics/fichiers/2025-12-12-10-47-37_doc252145fr.pdf,https://www.ccecrb.fgov.be/p/fr/1332/l-emploi-dans-le-secteur-de-la-distribution
selected,debat,Débat,conseil central de l’économie,Webinaire sur des exemples étrangers d'intégration tarifaire des transports en commun,2025-11-28,2025,7.47,22.411,64.734,194.201,debat/2025-12-01-11-17-43_PowerPointpresentatiePeterMeukens.pdf,yes,https://www.ccecrb.fgov.be/dpics/fichiers/2025-12-01-11-17-43_PowerPointpresentatiePeterMeukens.pdf,https://www.ccecrb.fgov.be/p/fr/1316/webinaire-sur-des-exemples-etrangers-d-integration-tarifaire-des-transports-en-commun
selected,avis,avis,concurrence,Accords de durabilité : la CCS Concurrence rend son avis sur le projet de lignes directrices de l’ABC,2025-11-20,2025,0.148,0.443,64.882,194.645,avis/2025-11-24-02-30-17_CCE20252170AvisLignesdirectricesconcernantlesaccordsdedurabilitedel_ABC.pdf,yes,https://www.ccecrb.fgov.be/dpics/fichiers/2025-11-24-02-30-17_CCE20252170AvisLignesdirectricesconcernantlesaccordsdedurabilitédel'ABC.pdf,https://www.ccecrb.fgov.be/p/fr/1324/accords-de-durabilite-la-ccs-concurrence-rend-son-avis-sur-le-projet-de-lignes-directrices-de-l-abc
selected,avis,avis,Télécommunications,"Rôle, financement et publications du Service de médiation pour les télécommunications",2025-11-14,2025,0.12,0.361,65.002,195.006,avis/2025-12-18-04-02-48_CCE20252290AvisServicemediationTEL.pdf,yes,https://www.ccecrb.fgov.be/dpics/fichiers/2025-12-18-04-02-48_CCE20252290AvisServicemédiationTEL.pdf,https://www.ccecrb.fgov.be/p/fr/1333/role-financement-et-publications-du-service-de-mediation-pour-les-telecommunications
selected,avis-conjoint,avis conjoint,consommation,Informations communiquées à l’Agence européenne des produits chimiques,2025-11-14,2025,0.335,1.004,65.336,196.009,avis-conjoint/2025-11-17-08-51-25_CCE20252125Avis.pdf,yes,https://www.ccecrb.fgov.be/dpics/fichiers/2025-11-17-08-51-25_CCE20252125Avis.pdf,https://www.ccecrb.fgov.be/p/fr/1317/informations-communiquees-a-l-agence-europeenne-des-produits-chimiques
selected,rapport,rapport,conseil central de l’économie,Hausse des déplacements domicile-travail à vélo : le CCE et le CNT évaluent la CCT n° 164,2025-11-05,2025,0.541,1.624,65.878,197.633,rapport/2025-11-05-03-57-14_doc252055fr.pdf,yes,https://www.ccecrb.fgov.be/dpics/fichiers/2025-11-05-03-57-14_doc252055fr.pdf,https://www.ccecrb.fgov.be/p/fr/1314/hausse-des-deplacements-domicile-travail-a-velo-le-cce-et-le-cnt-evaluent-la-cct-n-164
selected,avis,avis,conseil central de l’économie,Contribution du CCE et du CNT au nouveau plan d’action fédéral pour la promotion du vélo,2025-11-04,2025,0.13,0.391,66.008,198.025,avis/2025-11-05-12-33-33_doc252060fr.pdf,yes,https://www.ccecrb.fgov.be/dpics/fichiers/2025-11-05-12-33-33_doc252060fr.pdf,https://www.ccecrb.fgov.be/p/fr/1315/contribution-du-cce-et-du-cnt-au-nouveau-plan-d-action-federal-pour-la-promotion-du-velo
selected,article,article,concurrence,Droit de la concurrence et durabilité : vers une conciliation nécessaire,2025-10-29,2025,0.131,0.393,66.139,198.418,article/2025-10-29-12-56-28_CCE20252050Droitdelaconcurrenceetdurabilite.pdf,yes,https://www.ccecrb.fgov.be/dpics/fichiers/2025-10-29-12-56-28_CCE20252050Droitdelaconcurrenceetdurabilité.pdf,https://www.ccecrb.fgov.be/p/fr/1312/droit-de-la-concurrence-et-durabilite-vers-une-conciliation-necessaire
selected,actualite,actualité,concurrence,Appel à candidatures pour le mandat de président de la Commission consultative spéciale « Concurrence »,2025-10-17,2025,0.06,0.18,66.199,198.598,actualite/2025-10-17-03-56-10_doc251962fr.pdf,yes,https://www.ccecrb.fgov.be/dpics/fichiers/2025-10-17-03-56-10_doc251962fr.pdf,https://www.ccecrb.fgov.be/p/fr/1311/appel-a-candidatures-pour-le-mandat-de-president-de-la-commission-consultative-speciale-concurrence-
selected,rapport,rapport,conseil central de l’économie,Le CCE appelle à une gestion durable et coordonnée des finances publiques,2025-10-16,2025,0.406,1.218,66.605,199.815,rapport/2025-10-17-01-27-27_doc251930fr.pdf,yes,https://www.ccecrb.fgov.be/dpics/fichiers/2025-10-17-01-27-27_doc251930fr.pdf,https://www.ccecrb.fgov.be/p/fr/1310/le-cce-appelle-a-une-gestion-durable-et-coordonnee-des-finances-publiques
selected,actualite,actualité,secteurs,Les partenaires sociaux du secteur de l’alimentation disent non à une harmonisation de la TVA à 9 %,2025-10-10,2025,0.075,0.225,66.68,200.041,actualite/2025-11-20-03-36-28_CCE20251894CommunicationauxPremierministreetVicepremiersministresconcernantuneharmonisationdelaTVA.pdf,yes,https://www.ccecrb.fgov.be/dpics/fichiers/2025-11-20-03-36-28_CCE20251894CommunicationauxPremierministreetVicepremiersministresconcernantuneharmonisationdelaTVA.pdf,https://www.ccecrb.fgov.be/p/fr/1319/les-partenaires-sociaux-du-secteur-de-l-alimentation-disent-non-a-une-harmonisation-de-la-tva-a-9-
selected,avis,avis,consommation,Extension des heures d'ouverture des magasins et suppression du jour de fermeture obligatoire,2025-10-06,2025,0.671,2.013,67.351,202.053,avis/2025-10-09-11-50-56_doc251850fr.pdf,yes,https://www.ccecrb.fgov.be/dpics/fichiers/2025-10-09-11-50-56_doc251850fr.pdf,https://www.ccecrb.fgov.be/p/fr/1308/extension-des-heures-d-ouverture-des-magasins-et-suppression-du-jour-de-fermeture-obligatoire
selected,rapport,rapport,secteurs,Rapport de conjoncture dans le secteur de la construction,2025-10-01,2025,1.169,3.507,68.52,205.56,rapport/2025-10-10-02-31-37_CCE20251660Rapportconjonctureconstruction_Oct.25.pdf,yes,https://www.ccecrb.fgov.be/dpics/fichiers/2025-10-10-02-31-37_CCE20251660Rapportconjonctureconstruction_Oct.25.pdf,https://www.ccecrb.fgov.be/p/fr/1309/rapport-de-conjoncture-dans-le-secteur-de-la-construction
selected,debat,Débat,conseil central de l’économie,Webinaire « Intégration et gestion de la billettique des transports en commun : pratiques en Belgique et à l’étranger »,2025-10-01,2025,18.645,55.934,87.165,261.494,debat/2025-10-07-12-16-01_CCE20251795PPTBertieaux.pdf,yes,https://www.ccecrb.fgov.be/dpics/fichiers/2025-10-07-12-16-01_CCE20251795PPTBertieaux.pdf,https://www.ccecrb.fgov.be/p/fr/1301/webinaire-integration-et-gestion-de-la-billettique-des-transports-en-commun-pratiques-en-belgique-et-a-l-etranger-
selected,avis,avis,Services Postaux et e-commerce,Le travail de nuit dans le secteur du commerce et les secteurs connexes,2025-09-30,2025,1.025,3.074,88.189,264.568,avis/2025-10-06-12-47-53_CCE20251785Travaildenuitdanslesecteurducommerceetlessecteursconnexes.pdf,yes,https://www.ccecrb.fgov.be/dpics/fichiers/2025-10-06-12-47-53_CCE20251785Travaildenuitdanslesecteurducommerceetlessecteursconnexes.pdf,https://www.ccecrb.fgov.be/p/fr/1306/le-travail-de-nuit-dans-le-secteur-du-commerce-et-les-secteurs-connexes
selected,avis,avis,Services Postaux et e-commerce,La participation de l'État dans l’entreprise publique autonome cotée en bourse bpost,2025-09-24,2025,0.189,0.566,88.378,265.134,avis/2025-10-03-02-26-24_CCE20251760Laparticipationdel_Etatdanslentreprisepubliqueautonomecoteeenboursebpost.pdf,yes,https://www.ccecrb.fgov.be/dpics/fichiers/2025-10-03-02-26-24_CCE20251760Laparticipationdel'Étatdansl’entreprisepubliqueautonomecotéeenboursebpost.pdf,https://www.ccecrb.fgov.be/p/fr/1304/la-participation-de-l-etat-dans-l-entreprise-publique-autonome-cotee-en-bourse-bpost
selected,avis,avis,Télécommunications,La participation de l'État dans l’entreprise publique autonome cotée en bourse Proximus,2025-09-24,2025,0.133,0.399,88.511,265.534,avis/2025-10-03-02-25-10_CCE20251750Participationdel_EtatdanslentreprisepubliqueautonomecoteeenbourseProximus.pdf,yes,https://www.ccecrb.fgov.be/dpics/fichiers/2025-10-03-02-25-10_CCE20251750Participationdel'Étatdansl’entreprisepubliqueautonomecotéeenbourseProximus.pdf,https://www.ccecrb.fgov.be/p/fr/1305/la-participation-de-l-etat-dans-l-entreprise-publique-autonome-cotee-en-bourse-proximus
selected,avis,avis,consommation,Transposition de la directive relative aux contrats de crédit aux consommateurs,2025-09-23,2025,0.634,1.902,89.145,267.436,avis/2025-09-30-03-32-35_CCE20251740Avis_Complet.pdf,yes,https://www.ccecrb.fgov.be/dpics/fichiers/2025-09-30-03-32-35_CCE20251740Avis_Complet.pdf,https://www.ccecrb.fgov.be/p/fr/1303/transposition-de-la-directive-relative-aux-contrats-de-credit-aux-consommateurs
selected,avis,avis,secteurs,"Rénovation de logements : un besoin urgent de sensibilisation, d'informations claires et de règles uniformes",2025-08-26,2025,0.282,0.846,89.427,268.282,avis/2025-09-02-10-48-02_doc251505fr.pdf,yes,https://www.ccecrb.fgov.be/dpics/fichiers/2025-09-02-10-48-02_doc251505fr.pdf,https://www.ccecrb.fgov.be/p/fr/1296/renovation-de-logements-un-besoin-urgent-de-sensibilisation-d-informations-claires-et-de-regles-uniformes
selected,avis,avis,secteurs,L’industrie de l’alimentation et des boissons comme secteur clé pour le plan interfédéral « MAKE 2025-2030 »,2025-08-18,2025,0.341,1.023,89.768,269.305,avis/2025-08-27-02-55-38_doc251465fr.pdf,yes,https://www.ccecrb.fgov.be/dpics/fichiers/2025-08-27-02-55-38_doc251465fr.pdf,https://www.ccecrb.fgov.be/p/fr/1293/l-industrie-de-l-alimentation-et-des-boissons-comme-secteur-cle-pour-le-plan-interfederal-make-2025-2030-
selected,rapport,rapport,conseil central de l’économie,Stratégie de relance – Introduction d’un engagement global des employeurs en matière de places de stage - Évaluation annuelle,2025-07-15,2025,0.101,0.303,89.869,269.608,rapport/2025-07-18-02-29-00_CCE20251365CNTRapport138RapportStrategiederelance.pdf,yes,https://www.ccecrb.fgov.be/dpics/fichiers/2025-07-18-02-29-00_CCE20251365CNTRapport138RapportStratégiederelance.pdf,https://www.ccecrb.fgov.be/p/fr/1290/strategie-de-relance-introduction-d-un-engagement-global-des-employeurs-en-matiere-de-places-de-stage-evaluation-annuelle
selected,avis,avis,Services Postaux et e-commerce,Mettons fin à l'importation de produits d’e-commerce non conformes et dangereux,2025-07-04,2025,2.305,6.915,92.174,276.522,avis/2025-07-09-02-27-00_doc251320fr.pdf,yes,https://www.ccecrb.fgov.be/dpics/fichiers/2025-07-09-02-27-00_doc251320fr.pdf,https://www.ccecrb.fgov.be/p/fr/1289/mettons-fin-a-l-importation-de-produits-d-e-commerce-non-conformes-et-dangereux
selected,avis,avis,consommation,"ConsumerConnect, une initiative louable mais perfectible",2025-07-04,2025,0.186,0.558,92.36,277.08,avis/2025-07-08-10-04-45_doc251310fr.pdf,yes,https://www.ccecrb.fgov.be/dpics/fichiers/2025-07-08-10-04-45_doc251310fr.pdf,https://www.ccecrb.fgov.be/p/fr/1288/consumerconnect-une-initiative-louable-mais-perfectible
selected,avis,avis,consommation,Donner aux consommateurs les moyens d’agir en faveur de la transition écologique,2025-07-04,2025,0.19,0.571,92.55,277.651,avis/2025-07-07-02-49-30_doc251300fr.pdf,yes,https://www.ccecrb.fgov.be/dpics/fichiers/2025-07-07-02-49-30_doc251300fr.pdf,https://www.ccecrb.fgov.be/p/fr/1287/donner-aux-consommateurs-les-moyens-d-agir-en-faveur-de-la-transition-ecologique
selected,rapport,rapport,secteurs,L'emploi dans l'industrie alimentaire,2025-06-30,2025,3.076,9.229,95.627,286.88,rapport/2025-07-03-03-16-46_CCE20251200Rapportdeconjoncturedanslesecteurdel_alimentation.pdf,yes,https://www.ccecrb.fgov.be/dpics/fichiers/2025-07-03-03-16-46_CCE20251200Rapportdeconjoncturedanslesecteurdel'alimentation.pdf,https://www.ccecrb.fgov.be/p/fr/1285/l-emploi-dans-l-industrie-alimentaire
selected,avis,avis,conseil central de l’économie,L'innovation comme moteur important d’une prospérité soutenable,2025-06-18,2025,0.251,0.753,95.878,287.633,avis/2025-09-30-03-01-46_CCE20251170Innovationcommemoteurimportantduneprosperitesoutenable.pdf,yes,https://www.ccecrb.fgov.be/dpics/fichiers/2025-09-30-03-01-46_CCE20251170Innovationcommemoteurimportantd’uneprospéritésoutenable.pdf,https://www.ccecrb.fgov.be/p/fr/1284/l-innovation-comme-moteur-important-d-une-prosperite-soutenable
selected,avis,avis,Télécommunications,La mise en œuvre de la Gigabit Infrastructure Act (GIA),2025-05-21,2025,0.108,0.324,95.985,287.956,avis/2025-12-05-03-05-50_CCE20251054AvisconcernantLavantprojetdeloifederalemettantenuvreleGIA.pdf,yes,https://www.ccecrb.fgov.be/dpics/fichiers/2025-12-05-03-05-50_CCE20251054AvisconcernantL’avantprojetdeloifédéralemettantenœuvreleGIA.pdf,https://www.ccecrb.fgov.be/p/fr/1281/la-mise-en-uvre-de-la-gigabit-infrastructure-act-gia-
selected,actualite,actualité,conseil central de l’économie,"Mobilité partagée, précarité en matière de transport et lieux de travail difficilement accessibles",2025-05-19,2025,2.296,6.889,98.282,294.845,actualite/2025-05-27-08-49-55_PresentatieRobertOphoff_deelmobiliteit_deoplossingvoorvervoersarmoede.pdf,yes,"https://www.ccecrb.fgov.be/dpics/fichiers/2025-05-27-08-49-55_PresentatieRobertOphoff_deelmobiliteit,deoplossingvoorvervoersarmoede.pdf",https://www.ccecrb.fgov.be/p/fr/1280/mobilite-partagee-precarite-en-matiere-de-transport-et-lieux-de-travail-difficilement-accessibles
selected,article,article,conseil central de l’économie,L’impact du paquet de simplification Omnibus sur les directives CSRD et CSDDD,2025-04-24,2025,0.099,0.296,98.38,295.141,article/2025-04-24-04-24-01_CCE20250839LimpactdupaquetdesimplificationOmnibussurlesdirectivesCSRDetCSDDD.pdf,yes,https://www.ccecrb.fgov.be/dpics/fichiers/2025-04-24-04-24-01_CCE20250839L’impactdupaquetdesimplificationOmnibussurlesdirectivesCSRDetCSDDD.pdf,https://www.ccecrb.fgov.be/p/fr/1277/l-impact-du-paquet-de-simplification-omnibus-sur-les-directives-csrd-et-csddd
selected,avis,avis,conseil central de l’économie,Le traitement fiscal du remboursement des frais de recharge des voitures de société électriques,2025-04-23,2025,0.117,0.352,98.498,295.493,avis/2025-04-24-08-14-12_doc250808fr.pdf,yes,https://www.ccecrb.fgov.be/dpics/fichiers/2025-04-24-08-14-12_doc250808fr.pdf,https://www.ccecrb.fgov.be/p/fr/1276/le-traitement-fiscal-du-remboursement-des-frais-de-recharge-des-voitures-de-societe-electriques
selected,avis,avis,conseil central de l’économie,Demande du CCE de supprimer les obstacles dans la mise en place d’un système intégré de transports en commun,2025-04-23,2025,0.159,0.476,98.656,295.969,avis/2025-04-24-08-04-41_doc250810fr.pdf,yes,https://www.ccecrb.fgov.be/dpics/fichiers/2025-04-24-08-04-41_doc250810fr.pdf,https://www.ccecrb.fgov.be/p/fr/1275/demande-du-cce-de-supprimer-les-obstacles-dans-la-mise-en-place-d-un-systeme-integre-de-transports-en-commun
selected,avis,avis,secteurs,"Pour une égalité de traitement des entreprises papetières, des imprimeries et des éditeurs",2025-04-11,2025,0.124,0.373,98.781,296.342,avis/2025-04-29-11-06-19_CCE20250850Pouruneegalitedetraitementdesentreprisespapetieres_desimprimeriesetdesediteurs_belges_danslemarcheinterieureuropeen.pdf,yes,"https://www.ccecrb.fgov.be/dpics/fichiers/2025-04-29-11-06-19_CCE20250850Pouruneégalitédetraitementdesentreprisespapetières,desimprimeriesetdeséditeurs(belges)danslemarchéintérieureuropéen.pdf",https://www.ccecrb.fgov.be/p/fr/1278/pour-une-egalite-de-traitement-des-entreprises-papetieres-des-imprimeries-et-des-editeurs
selected,avis-conjoint,avis conjoint,consommation,Formation des utilisateurs professionnels de produits biocides,2025-04-01,2025,0.421,1.262,99.201,297.604,avis-conjoint/2025-04-03-03-18-18_doc250680fr.pdf,yes,https://www.ccecrb.fgov.be/dpics/fichiers/2025-04-03-03-18-18_doc250680fr.pdf,https://www.ccecrb.fgov.be/p/fr/1272/formation-des-utilisateurs-professionnels-de-produits-biocides
selected,avis,avis,clauses abusives,Évaluation et application de la loi B2B relative aux clauses abusives,2025-03-28,2025,0.524,1.572,99.726,299.177,avis/2025-04-15-04-09-28_doc250770fr.pdf,yes,https://www.ccecrb.fgov.be/dpics/fichiers/2025-04-15-04-09-28_doc250770fr.pdf,https://www.ccecrb.fgov.be/p/fr/1274/evaluation-et-application-de-la-loi-b2b-relative-aux-clauses-abusives
selected,avis,avis,concurrence,La CCS Concurrence préconise des guidelines claires en ce qui concerne l’interdiction de l’abus de dépendance économique,2025-03-27,2025,0.282,0.846,100.008,300.023,avis/2025-04-02-02-47-26_doc25720fr.pdf,yes,https://www.ccecrb.fgov.be/dpics/fichiers/2025-04-02-02-47-26_doc25720fr.pdf,https://www.ccecrb.fgov.be/p/fr/1271/la-ccs-concurrence-preconise-des-guidelines-claires-en-ce-qui-concerne-l-interdiction-de-l-abus-de-dependance-economique
selected,note-documentaire,note documentaire,conseil central de l’économie,Note d'analyse sur la prime corona et pouvoir d'achat,2025-03-24,2025,0.382,1.147,100.39,301.17,note-documentaire/2025-03-25-04-18-23_CRB20250675NotaAnalysecoronaenkoopkrachtpremie.pdf,yes,https://www.ccecrb.fgov.be/dpics/fichiers/2025-03-25-04-18-23_CRB20250675NotaAnalysecoronaenkoopkrachtpremie.pdf,https://www.ccecrb.fgov.be/p/fr/1270/note-d-analyse-sur-la-prime-corona-et-pouvoir-d-achat
selected,avis,avis,consommation,Transposition de la directive sur les services financiers à distance,2025-03-17,2025,0.585,1.755,100.975,302.925,avis/2025-03-19-11-54-00_CCE20250620Avissurlatranspositiondeladirective_UE_20232673encequiconcernelescontratsdeservicesfinanciersconclusadistance.pdf,yes,https://www.ccecrb.fgov.be/dpics/fichiers/2025-03-19-11-54-00_CCE20250620Avissurlatranspositiondeladirective(UE)20232673encequiconcernelescontratsdeservicesfinanciersconclusàdistance.pdf,https://www.ccecrb.fgov.be/p/fr/1267/transposition-de-la-directive-sur-les-services-financiers-a-distance
selected,avis-conjoint,avis conjoint,consommation,Biocarburants issus de la biomasse cotraitée,2025-03-05,2025,0.728,2.183,101.703,305.108,avis-conjoint/2025-03-20-04-06-27_CCE20250540Avissurlesbiocarburantsissusdelabiomassecotraitee.pdf,yes,https://www.ccecrb.fgov.be/dpics/fichiers/2025-03-20-04-06-27_CCE20250540Avissurlesbiocarburantsissusdelabiomassecotraitée.pdf,https://www.ccecrb.fgov.be/p/fr/1269/biocarburants-issus-de-la-biomasse-cotraitee
selected,avis,avis,consommation,La procédure d’autorisation de la construction et de la mise en service des installations à câbles destinées à transporter des personnes,2025-02-26,2025,0.556,1.669,102.259,306.777,avis/2025-02-28-10-00-53_doc250492fr.pdf,yes,https://www.ccecrb.fgov.be/dpics/fichiers/2025-02-28-10-00-53_doc250492fr.pdf,https://www.ccecrb.fgov.be/p/fr/1256/la-procedure-d-autorisation-de-la-construction-et-de-la-mise-en-service-des-installations-a-cables-destinees-a-transporter-des-personnes
selected,avis,avis,Télécommunications,Projet de budget du Service de médiation pour les télécommunications pour l’année 2025,2025-02-21,2025,0.091,0.272,102.35,307.049,avis/2025-04-02-03-20-51_cce20250605avissurlebudgetduservicedemediationpourlesecteurtelecommunicationpourlannee2025.pdf,yes,https://www.ccecrb.fgov.be/dpics/fichiers/2025-04-02-03-20-51_cce20250605avissurlebudgetduservicedemediationpourlesecteurtelecommunicationpourlannee2025.pdf,https://www.ccecrb.fgov.be/p/fr/1273/projet-de-budget-du-service-de-mediation-pour-les-telecommunications-pour-l-annee-2025
selected,rapport,rapport,conseil central de l’économie,Rapport 2024 sur l’écart salarial entre femmes et hommes,2025-02-19,2025,0.339,1.017,102.689,308.066,rapport/2025-02-19-04-48-39_doc250375fr.pdf,yes,https://www.ccecrb.fgov.be/dpics/fichiers/2025-02-19-04-48-39_doc250375fr.pdf,https://www.ccecrb.fgov.be/p/fr/1249/rapport-2024-sur-l-ecart-salarial-entre-femmes-et-hommes
selected,rapport,rapport,conseil central de l’économie,Rapport 2024 sur les avantages non récurrents liés aux résultats,2025-02-19,2025,0.119,0.357,102.808,308.423,rapport/2025-02-19-04-31-21_doc250370fr.pdf,yes,https://www.ccecrb.fgov.be/dpics/fichiers/2025-02-19-04-31-21_doc250370fr.pdf,https://www.ccecrb.fgov.be/p/fr/1250/rapport-2024-sur-les-avantages-non-recurrents-lies-aux-resultats
selected,rapport,rapport,conseil central de l’économie,Rapport 2024 sur le handicap des coûts salariaux,2025-02-19,2025,0.266,0.799,103.074,309.222,rapport/2025-02-19-04-08-17_doc250380fr.pdf,yes,https://www.ccecrb.fgov.be/dpics/fichiers/2025-02-19-04-08-17_doc250380fr.pdf,https://www.ccecrb.fgov.be/p/fr/1248/rapport-2024-sur-le-handicap-des-couts-salariaux
selected,rapport,rapport,conseil central de l’économie,Rapport technique du secrétariat sur les marges maximales disponibles 2024,2025-02-19,2025,1.132,3.395,104.206,312.617,rapport/2025-02-19-03-46-26_CCE20250390Rapporttechniquedusecretariatsurlesmargesmaximalesdisponiblesedition2024.pdf,yes,https://www.ccecrb.fgov.be/dpics/fichiers/2025-02-19-03-46-26_CCE20250390Rapporttechniquedusecrétariatsurlesmargesmaximalesdisponiblesedition2024.pdf,https://www.ccecrb.fgov.be/p/fr/1247/rapport-technique-du-secretariat-sur-les-marges-maximales-disponibles-2024
selected,avis,avis,conseil central de l’économie,Le futur modèle d’exploitation du rail,2025-02-19,2025,0.106,0.319,104.312,312.936,avis/2025-02-24-03-30-00_CCE20250413Avissurlefuturmodeled_exploitationdurail.pdf,yes,https://www.ccecrb.fgov.be/dpics/fichiers/2025-02-24-03-30-00_CCE20250413Avissurlefuturmodèled'exploitationdurail.pdf,https://www.ccecrb.fgov.be/p/fr/1254/le-futur-modele-d-exploitation-du-rail
selected,avis,avis,conseil central de l’économie,Avis concernant le rapport 2022-2023 du Service de lutte contre la pauvreté,2025-02-19,2025,0.262,0.787,104.574,313.723,avis/2025-02-20-02-51-42_CCE20250400CNTAVIS2441RapportbisannuelduServicedeluttecontrelapauvretelaprecariteetlexclusionsociale.pdf,yes,https://www.ccecrb.fgov.be/dpics/fichiers/2025-02-20-02-51-42_CCE20250400CNTAVIS2441RapportbisannuelduServicedeluttecontrelapauvretélaprécaritéetlexclusionsociale.pdf,https://www.ccecrb.fgov.be/p/fr/1251/avis-concernant-le-rapport-2022-2023-du-service-de-lutte-contre-la-pauvrete
selected,avis-conjoint,avis conjoint,conseil central de l’économie,Vers une vision belge intégrée de l’économie circulaire,2025-02-19,2025,3.801,11.403,108.375,325.126,avis-conjoint/2025-02-21-11-39-48_CCE20250385AvisLeprojetdevisionbelgeintegreedeleconomiecirculaire.pdf,yes,https://www.ccecrb.fgov.be/dpics/fichiers/2025-02-21-11-39-48_CCE20250385AvisLeprojetdevisionbelgeintégréedel’économiecirculaire.pdf,https://www.ccecrb.fgov.be/p/fr/1252/vers-une-vision-belge-integree-de-l-economie-circulaire
selected,rapport,rapport,secteurs,"La conjoncture dans le secteur papetier, graphique et de l’édition",2025-02-14,2025,2.281,6.843,110.656,331.968,rapport/2025-03-03-11-51-40_CCE20250395RapportconjuncturePAR.pdf,yes,https://www.ccecrb.fgov.be/dpics/fichiers/2025-03-03-11-51-40_CCE20250395RapportconjuncturePAR.pdf,https://www.ccecrb.fgov.be/p/fr/1257/la-conjoncture-dans-le-secteur-papetier-graphique-et-de-l-edition
selected,avis,avis,conseil central de l’économie,Les adaptations tarifaires prévues pour les abonnements domicile-travail de la SNCB,2025-01-28,2025,0.198,0.595,110.854,332.563,avis/2025-01-29-10-15-51_CCE20250190CNTAvis2439LesadaptationstarifairesprevuespourlesabonnementsdomiciletravaildelaSNCB.pdf,yes,https://www.ccecrb.fgov.be/dpics/fichiers/2025-01-29-10-15-51_CCE20250190CNTAvis2439LesadaptationstarifairesprévuespourlesabonnementsdomiciletravaildelaSNCB.pdf,https://www.ccecrb.fgov.be/p/fr/1245/les-adaptations-tarifaires-prevues-pour-les-abonnements-domicile-travail-de-la-sncb
selected,rapport,rapport,secteurs,Les perspectives de croissance ne sont guère réjouissantes pour le secteur de la construction,2025-01-22,2025,2.393,7.18,113.248,339.744,rapport/2025-01-22-03-15-12_CCE20250080Rapportdeconjoncturedanslesecteurdelaconstruction.pdf,yes,https://www.ccecrb.fgov.be/dpics/fichiers/2025-01-22-03-15-12_CCE20250080Rapportdeconjoncturedanslesecteurdelaconstruction.pdf,https://www.ccecrb.fgov.be/p/fr/1244/les-perspectives-de-croissance-ne-sont-guere-rejouissantes-pour-le-secteur-de-la-construction
selected,rapport,rapport,conseil central de l’économie,"Une vision et une stratégie pour un modèle socioéconomique résilient, compétitif, inclusif et soutenable à l'horizon 2050",2025-01-17,2025,0.867,2.602,114.115,342.346,rapport/2025-03-11-04-16-58_CCE20250050REC2024.pdf,yes,https://www.ccecrb.fgov.be/dpics/fichiers/2025-03-11-04-16-58_CCE20250050REC2024.pdf,https://www.ccecrb.fgov.be/p/fr/1261/une-vision-et-une-strategie-pour-un-modele-socioeconomique-resilient-competitif-inclusif-et-soutenable-a-l-horizon-2050
selected,avis,avis,clauses abusives,Clauses en matière de cessions de créance dans les contrats de crédit à la consommation,2024-12-19,2024,0.877,2.631,114.992,344.977,avis/2025-02-28-09-44-51_doc250364fr.pdf,yes,https://www.ccecrb.fgov.be/dpics/fichiers/2025-02-28-09-44-51_doc250364fr.pdf,https://www.ccecrb.fgov.be/p/fr/1255/clauses-en-matiere-de-cessions-de-creance-dans-les-contrats-de-credit-a-la-consommation
selected,avis,avis,Services Postaux et e-commerce,Projet de budget du Service de médiation pour le service postal pour l’année 2025,2024-12-18,2024,0.106,0.318,115.098,345.295,avis/2025-07-09-02-15-11_CCE20242725AvissurlebudgetduServicedeMediationpourleSecteurPostalpourlannee2025.pdf,yes,https://www.ccecrb.fgov.be/dpics/fichiers/2025-07-09-02-15-11_CCE20242725AvissurlebudgetduServicedeMédiationpourleSecteurPostalpourlannée2025.pdf,https://www.ccecrb.fgov.be/p/fr/1241/projet-de-budget-du-service-de-mediation-pour-le-service-postal-pour-l-annee-2025
selected,avis,avis,conseil central de l’économie,"La productivité, un levier stratégique au cœur des politiques publiques",2024-12-18,2024,0.255,0.766,115.354,346.061,avis/2024-12-19-10-49-26_CCE20242700AvisLaproductiviteunlevierstrategiqueaucurdespolitiquespubliques.pdf,yes,https://www.ccecrb.fgov.be/dpics/fichiers/2024-12-19-10-49-26_CCE20242700AvisLaproductivitéunlevierstratégiqueaucœurdespolitiquespubliques.pdf,https://www.ccecrb.fgov.be/p/fr/1238/la-productivite-un-levier-strategique-au-c-ur-des-politiques-publiques
selected,avis,avis,consommation,Transposition de la directive relative aux contrats de crédit aux consommateurs,2024-12-16,2024,0.659,1.976,116.012,348.037,avis/2024-12-23-12-37-05_CCE20242660ChoixdesoptionslaisseesdanslaDirective_UE_202.pdf,yes,https://www.ccecrb.fgov.be/dpics/fichiers/2024-12-23-12-37-05_CCE20242660ChoixdesoptionslaisséesdanslaDirective(UE)202.pdf,https://www.ccecrb.fgov.be/p/fr/1239/transposition-de-la-directive-relative-aux-contrats-de-credit-aux-consommateurs
selected,avis-conjoint,avis conjoint,conseil central de l’économie,Accélérer la transition vers une économie circulaire,2024-12-06,2024,3.985,11.956,119.998,359.993,avis-conjoint/2024-12-10-09-34-53_CCE20242568Accelererlatransitionversuneeconomie.pdf,yes,https://www.ccecrb.fgov.be/dpics/fichiers/2024-12-10-09-34-53_CCE20242568Accélérerlatransitionversuneéconomie.pdf,https://www.ccecrb.fgov.be/p/fr/1236/accelerer-la-transition-vers-une-economie-circulaire
selected,avis-conjoint,avis conjoint,consommation,Simplification du mécanisme de paiement lors de la déclaration de mélanges dangereux,2024-11-29,2024,0.22,0.661,120.218,360.654,avis-conjoint/2024-12-05-03-52-53_CCE20242500AvisMelangesdangereux.pdf,yes,https://www.ccecrb.fgov.be/dpics/fichiers/2024-12-05-03-52-53_CCE20242500AvisMélangesdangereux.pdf,https://www.ccecrb.fgov.be/p/fr/1235/simplification-du-mecanisme-de-paiement-lors-de-la-declaration-de-melanges-dangereux
selected,actualite,actualité,secteurs,Une conférence sur la voie vers un secteur de la distribution et un e-commerce belges durables et compétitifs.,2024-11-21,2024,5.815,17.446,126.034,378.101,actualite/2024-11-21-04-02-21_doc242383.pdf,yes,https://www.ccecrb.fgov.be/dpics/fichiers/2024-11-21-04-02-21_doc242383.pdf,https://www.ccecrb.fgov.be/p/fr/1233/une-conference-sur-la-voie-vers-un-secteur-de-la-distribution-et-un-e-commerce-belges-durables-et-competitifs-
selected,actualite,actualité,secteurs,Une conférence sur la voie vers un secteur de la distribution et un e-commerce belges durables et compétitifs.,2024-11-21,2024,3.222,9.666,129.255,387.766,actualite/2024-11-21-04-00-00_doc242387fr.pdf,yes,https://www.ccecrb.fgov.be/dpics/fichiers/2024-11-21-04-00-00_doc242387fr.pdf,https://www.ccecrb.fgov.be/p/fr/1233/une-conference-sur-la-voie-vers-un-secteur-de-la-distribution-et-un-e-commerce-belges-durables-et-competitifs-
selected,rapport,rapport,conseil central de l’économie,État des lieux des finances publiques belges dans le nouveau cadre budgétaire européen,2024-10-11,2024,0.812,2.435,130.067,390.201,rapport/2024-10-16-01-37-18_doc242205fr.pdf,yes,https://www.ccecrb.fgov.be/dpics/fichiers/2024-10-16-01-37-18_doc242205fr.pdf,https://www.ccecrb.fgov.be/p/fr/1229/etat-des-lieux-des-finances-publiques-belges-dans-le-nouveau-cadre-budgetaire-europeen
selected,avis-conjoint,avis conjoint,consommation,Utilisation des produits phytopharmaceutiques et adjuvants compatible avec le développement durable,2024-10-04,2024,0.351,1.053,130.418,391.254,avis-conjoint/2024-10-08-04-57-05_doc242170fr.pdf,yes,https://www.ccecrb.fgov.be/dpics/fichiers/2024-10-08-04-57-05_doc242170fr.pdf,https://www.ccecrb.fgov.be/p/fr/1227/utilisation-des-produits-phytopharmaceutiques-et-adjuvants-compatible-avec-le-developpement-durable
selected,actualite,actualité,conseil central de l’économie,Une journée d’étude consacrée à la publication d’informations sur la durabilité,2024-10-01,2024,1.223,3.67,131.641,394.924,actualite/2024-10-15-02-33-24_doc242126fr.pdf,yes,https://www.ccecrb.fgov.be/dpics/fichiers/2024-10-15-02-33-24_doc242126fr.pdf,https://www.ccecrb.fgov.be/p/fr/1219/une-journee-d-etude-consacree-a-la-publication-d-informations-sur-la-durabilite
selected,actualite,actualité,conseil central de l’économie,Une journée d’étude consacrée à la publication d’informations sur la durabilité,2024-10-01,2024,0.572,1.715,132.213,396.639,actualite/2024-10-10-03-09-29_doc242123fr.pdf,yes,https://www.ccecrb.fgov.be/dpics/fichiers/2024-10-10-03-09-29_doc242123fr.pdf,https://www.ccecrb.fgov.be/p/fr/1219/une-journee-d-etude-consacree-a-la-publication-d-informations-sur-la-durabilite
selected,actualite,actualité,conseil central de l’économie,Une journée d’étude consacrée à la publication d’informations sur la durabilité,2024-10-01,2024,2.419,7.256,134.632,403.896,actualite/2024-10-08-04-45-22_doc242121fr.pdf,yes,https://www.ccecrb.fgov.be/dpics/fichiers/2024-10-08-04-45-22_doc242121fr.pdf,https://www.ccecrb.fgov.be/p/fr/1219/une-journee-d-etude-consacree-a-la-publication-d-informations-sur-la-durabilite
selected,actualite,actualité,conseil central de l’économie,Une journée d’étude consacrée à la publication d’informations sur la durabilité,2024-10-01,2024,1.524,4.572,136.156,408.467,actualite/2024-10-08-04-41-06_doc242128fr.pdf,yes,https://www.ccecrb.fgov.be/dpics/fichiers/2024-10-08-04-41-06_doc242128fr.pdf,https://www.ccecrb.fgov.be/p/fr/1219/une-journee-d-etude-consacree-a-la-publication-d-informations-sur-la-durabilite
selected,actualite,actualité,conseil central de l’économie,Une journée d’étude consacrée à la publication d’informations sur la durabilité,2024-10-01,2024,0.152,0.455,136.308,408.923,actualite/2024-10-08-04-38-08_doc242122fr.pdf,yes,https://www.ccecrb.fgov.be/dpics/fichiers/2024-10-08-04-38-08_doc242122fr.pdf,https://www.ccecrb.fgov.be/p/fr/1219/une-journee-d-etude-consacree-a-la-publication-d-informations-sur-la-durabilite
selected,actualite,actualité,conseil central de l’économie,Une journée d’étude consacrée à la publication d’informations sur la durabilité,2024-10-01,2024,0.968,2.904,137.276,411.827,actualite/2024-10-08-04-36-18_doc242120fr.pdf,yes,https://www.ccecrb.fgov.be/dpics/fichiers/2024-10-08-04-36-18_doc242120fr.pdf,https://www.ccecrb.fgov.be/p/fr/1219/une-journee-d-etude-consacree-a-la-publication-d-informations-sur-la-durabilite
selected,actualite,actualité,conseil central de l’économie,Une journée d’étude consacrée à la publication d’informations sur la durabilité,2024-10-01,2024,0.227,0.681,137.503,412.508,actualite/2024-10-08-04-32-22_doc242125fr.pdf,yes,https://www.ccecrb.fgov.be/dpics/fichiers/2024-10-08-04-32-22_doc242125fr.pdf,https://www.ccecrb.fgov.be/p/fr/1219/une-journee-d-etude-consacree-a-la-publication-d-informations-sur-la-durabilite
selected,actualite,actualité,conseil central de l’économie,Une journée d’étude consacrée à la publication d’informations sur la durabilité,2024-10-01,2024,1.016,3.048,138.519,415.556,actualite/2024-10-03-10-54-08_CCECRB20242124SaskiaSlomp.pdf,yes,https://www.ccecrb.fgov.be/dpics/fichiers/2024-10-03-10-54-08_CCECRB20242124SaskiaSlomp.pdf,https://www.ccecrb.fgov.be/p/fr/1219/une-journee-d-etude-consacree-a-la-publication-d-informations-sur-la-durabilite
selected,actualite,actualité,conseil central de l’économie,Une journée d’étude consacrée à la publication d’informations sur la durabilité,2024-10-01,2024,0.721,2.162,139.239,417.718,actualite/2024-10-03-10-52-08_CCE20242127KarenHofmans.pdf,yes,https://www.ccecrb.fgov.be/dpics/fichiers/2024-10-03-10-52-08_CCE20242127KarenHofmans.pdf,https://www.ccecrb.fgov.be/p/fr/1219/une-journee-d-etude-consacree-a-la-publication-d-informations-sur-la-durabilite
selected,article,article,conseil central de l’économie,Progrès et obstacles dans la mise en place d’un système intégré de transports en commun,2024-09-16,2024,0.122,0.366,139.361,418.084,article/2024-09-05-10-12-11_ArticleProgresetobstaclesdanslamiseenplacedunsystemeintegredetransportsencommunDEF.pdf,yes,https://www.ccecrb.fgov.be/dpics/fichiers/2024-09-05-10-12-11_ArticleProgrèsetobstaclesdanslamiseenplacedunsystèmeintégrédetransportsencommunDEF.pdf,https://www.ccecrb.fgov.be/p/fr/1211/progres-et-obstacles-dans-la-mise-en-place-d-un-systeme-integre-de-transports-en-commun
selected,article,article,conseil central de l’économie,Zoom sur l’exemple suisse d’un système intégré de transports en commun,2024-09-16,2024,0.271,0.814,139.633,418.899,article/2024-08-08-12-49-37_ArticleZoomsurlexemplesuissedunsystemeintegredetransportsencommun.pdf,yes,https://www.ccecrb.fgov.be/dpics/fichiers/2024-08-08-12-49-37_ArticleZoomsurl’exemplesuissed’unsystèmeintégrédetransportsencommun.pdf,https://www.ccecrb.fgov.be/p/fr/1212/zoom-sur-l-exemple-suisse-d-un-systeme-integre-de-transports-en-commun
selected,article,article,conseil central de l’économie,La capacité de l’infrastructure ferroviaire face aux ambitions d’un « transfert modal » vers le rail,2024-09-16,2024,0.133,0.399,139.766,419.298,article/2024-08-08-12-10-54_Lacapacitedelinfrastructureferroviairefaceauxambitionsduntransfertmodalverslerail.pdf,yes,https://www.ccecrb.fgov.be/dpics/fichiers/2024-08-08-12-10-54_Lacapacitédel’infrastructureferroviairefaceauxambitionsd’un«transfertmodal»verslerail.pdf,https://www.ccecrb.fgov.be/p/fr/1210/la-capacite-de-l-infrastructure-ferroviaire-face-aux-ambitions-d-un-transfert-modal-vers-le-rail
selected,article,article,conseil central de l’économie,Feuille de route d'Integrato pour un système intégré de transports en commun en Belgique,2024-09-16,2024,0.147,0.44,139.913,419.738,article/2024-08-08-01-05-01_Feuillederouted_IntegratopourunsystemeintegredetransportsencommunenBelgiqueversiondefinitivearticleFR.pdf,yes,https://www.ccecrb.fgov.be/dpics/fichiers/2024-08-08-01-05-01_Feuillederouted'IntegratopourunsystèmeintégrédetransportsencommunenBelgiqueversiondéfinitivearticleFR.pdf,https://www.ccecrb.fgov.be/p/fr/1213/feuille-de-route-d-integrato-pour-un-systeme-integre-de-transports-en-commun-en-belgique
selected,rapport,rapport,secteurs,L’emploi dans le secteur de la distribution – septembre 2024,2024-09-12,2024,3.076,9.229,142.989,428.966,rapport/2024-11-06-12-10-49_CCE20242270Rapportsurl_emploidanslesecteurdeladistributionDEF.pdf,yes,https://www.ccecrb.fgov.be/dpics/fichiers/2024-11-06-12-10-49_CCE20242270Rapportsurl'emploidanslesecteurdeladistributionDEF.pdf,https://www.ccecrb.fgov.be/p/fr/1230/l-emploi-dans-le-secteur-de-la-distribution-septembre-2024
selected,actualite,actualité,secteurs,Save the date : Pour un secteur de la distribution et un e-commerce belges durables et compétitifs,2024-09-04,2024,0.14,0.421,143.129,429.387,actualite/2024-10-18-02-19-37_programme21.11.2024.pdf,yes,https://www.ccecrb.fgov.be/dpics/fichiers/2024-10-18-02-19-37_programme21.11.2024.pdf,https://www.ccecrb.fgov.be/p/fr/1221/save-the-date-pour-un-secteur-de-la-distribution-et-un-e-commerce-belges-durables-et-competitifs
selected,actualite,actualité,consommation,La CCS Consommation explique sa valeur ajoutée aux négociateurs du gouvernement fédéral,2024-09-02,2024,0.118,0.353,143.247,429.74,actualite/2024-09-02-02-12-06_doc241920fr.pdf,yes,https://www.ccecrb.fgov.be/dpics/fichiers/2024-09-02-02-12-06_doc241920fr.pdf,https://www.ccecrb.fgov.be/p/fr/1217/la-ccs-consommation-explique-sa-valeur-ajoutee-aux-negociateurs-du-gouvernement-federal
selected,rapport,rapport,secteurs,L'emploi dans l'industrie alimentaire,2024-08-29,2024,2.852,8.557,146.099,438.297,rapport/2024-11-04-02-02-14_CCE20242275L_emploidansl_industriealimentaireDEF.pdf,yes,https://www.ccecrb.fgov.be/dpics/fichiers/2024-11-04-02-02-14_CCE20242275L'emploidansl'industriealimentaireDEF.pdf,https://www.ccecrb.fgov.be/p/fr/1232/l-emploi-dans-l-industrie-alimentaire
selected,article,article,conseil central de l’économie,Fiscalité et parafiscalité des déplacements domicile-travail,2024-07-29,2024,0.488,1.463,146.587,439.761,article/2025-02-03-02-52-36_Fiscaliteetparafiscalitedesdeplacementsdomiciletravail.pdf,yes,https://www.ccecrb.fgov.be/dpics/fichiers/2025-02-03-02-52-36_Fiscalitéetparafiscalitédesdéplacementsdomiciletravail.pdf,https://www.ccecrb.fgov.be/p/fr/1209/fiscalite-et-parafiscalite-des-deplacements-domicile-travail
selected,article,article,conseil central de l’économie,Fiscalité et parafiscalité des déplacements domicile-travail,2024-07-29,2024,0.212,0.635,146.798,440.395,article/2024-09-19-11-10-18_La_para_fiscaliteunlevierpourunemobiliteplusdurableetmultimodaleversiondefinitive19.09.2024.pdf,yes,https://www.ccecrb.fgov.be/dpics/fichiers/2024-09-19-11-10-18_La(para)fiscalit%C3%A9unlevierpourunemobilit%C3%A9plusdurableetmultimodaleversiond%C3%A9finitive19.09.2024.pdf,https://www.ccecrb.fgov.be/p/fr/1209/fiscalite-et-parafiscalite-des-deplacements-domicile-travail
selected,article,article,conseil central de l’économie,Fiscalité et parafiscalité des déplacements domicile-travail,2024-07-29,2024,0.286,0.859,147.085,441.255,article/2024-08-08-11-10-41_Articlefiscaliteetparafiscalitetrajetsdomiciletravail2020.pdf,yes,https://www.ccecrb.fgov.be/dpics/fichiers/2024-08-08-11-10-41_Articlefiscalit%C3%A9etparafiscalit%C3%A9trajetsdomiciletravail2020.pdf,https://www.ccecrb.fgov.be/p/fr/1209/fiscalite-et-parafiscalite-des-deplacements-domicile-travail
selected,avis,avis,conseil central de l’économie,Vers un système intégré de transports en commun en Belgique,2024-07-16,2024,0.104,0.312,147.189,441.567,avis/2024-07-18-10-58-38_doc241820fr.pdf,yes,https://www.ccecrb.fgov.be/dpics/fichiers/2024-07-18-10-58-38_doc241820fr.pdf,https://www.ccecrb.fgov.be/p/fr/1207/vers-un-systeme-integre-de-transports-en-commun-en-belgique
selected,rapport,rapport,secteurs,Conjoncture Construction Juin 2024,2024-07-09,2024,0.86,2.579,148.049,444.146,rapport/2024-07-09-04-21-09_CCE20241710RapportdeconjonctureConstructionJuin24DEF.pdf,yes,https://www.ccecrb.fgov.be/dpics/fichiers/2024-07-09-04-21-09_CCE20241710RapportdeconjonctureConstructionJuin24DEF.pdf,https://www.ccecrb.fgov.be/p/fr/1204/conjoncture-construction-juin-2024
selected,actualite,actualité,secteurs,Communication aux présidents de partis : appel pour rendre au logement la place centrale au sein des politiques publiques,2024-07-09,2024,0.088,0.265,148.137,444.41,actualite/2024-07-09-04-52-32_CCE20241807Appelpourrendreaulogementlaplacecentralequiluirevientauseindespolitiquespubliques_Website.pdf,yes,https://www.ccecrb.fgov.be/dpics/fichiers/2024-07-09-04-52-32_CCE20241807Appelpourrendreaulogementlaplacecentralequiluirevientauseindespolitiquespubliques_Website.pdf,https://www.ccecrb.fgov.be/p/fr/1205/communication-aux-presidents-de-partis-appel-pour-rendre-au-logement-la-place-centrale-au-sein-des-politiques-publiques
selected,avis,avis,conseil central de l’économie,Étude FORBEG,2024-06-26,2024,0.086,0.258,148.223,444.668,avis/2024-07-08-01-01-14_CCE20241781AvisEtudeForbeg.pdf,yes,https://www.ccecrb.fgov.be/dpics/fichiers/2024-07-08-01-01-14_CCE20241781AvisEtudeForbeg.pdf,https://www.ccecrb.fgov.be/p/fr/1203/etude-forbeg
selected,avis,avis,conseil central de l’économie,9 conseils consultatifs appellent à une meilleure coopération entre les différents niveaux politiques,2024-06-25,2024,3.855,11.566,152.078,456.234,avis/2024-07-03-10-13-43_CCE20241719CNTAvis2.420CFDD202411AvisUnappelauxdifferentsgouvernementsdenotrepays.pdf,yes,https://www.ccecrb.fgov.be/dpics/fichiers/2024-07-03-10-13-43_CCE20241719CNTAvis2.420CFDD202411AvisUnappelauxdifférentsgouvernementsdenotrepays.pdf,https://www.ccecrb.fgov.be/p/fr/1201/9-conseils-consultatifs-appellent-a-une-meilleure-cooperation-entre-les-differents-niveaux-politiques
selected,memorandum,Memorandum,secteurs,Mémorandum pour un secteur de la distribution durable et compétitif,2024-06-21,2024,0.68,2.039,152.757,458.272,memorandum/2024-08-26-03-41-40_doc241750fr.pdf,yes,https://www.ccecrb.fgov.be/dpics/fichiers/2024-08-26-03-41-40_doc241750fr.pdf,https://www.ccecrb.fgov.be/p/fr/1208/memorandum-pour-un-secteur-de-la-distribution-durable-et-competitif
selected,actualite,actualité,conseil central de l’économie,Dialogue entre les opérateurs de transports en commun et les conseils consultatifs fédéraux et régionaux,2024-06-18,2024,0.271,0.814,153.029,459.086,actualite/2024-07-18-11-04-47_doc241689fr.pdf,yes,https://www.ccecrb.fgov.be/dpics/fichiers/2024-07-18-11-04-47_doc241689fr.pdf,https://www.ccecrb.fgov.be/p/fr/1198/dialogue-entre-les-operateurs-de-transports-en-commun-et-les-conseils-consultatifs-federaux-et-regionaux
selected,debat,Débat,conseil central de l’économie,Revoir le webinaire avec Guy Hendrix consacré à l’intégration des transports en commun en Belgique,2024-06-17,2024,0.645,1.936,153.674,461.022,debat/2024-06-25-04-41-38_CCE20241537CNT69D.2464PresentationdeG.Hendrixpourlewebinairedu17.06.2024.pdf,yes,https://www.ccecrb.fgov.be/dpics/fichiers/2024-06-25-04-41-38_CCE20241537CNT69D.2464Pr%C3%A9sentationdeG.Hendrixpourlewebinairedu17.06.2024.pdf,https://www.ccecrb.fgov.be/p/fr/1197/revoir-le-webinaire-avec-guy-hendrix-consacre-a-l-integration-des-transports-en-commun-en-belgique
selected,rapport,rapport,secteurs,La conjoncture économique dans la distribution - juin 2024,2024-06-03,2024,0.054,0.161,153.728,461.184,rapport/2024-09-03-03-28-28_doc241927fr.pdf,yes,https://www.ccecrb.fgov.be/dpics/fichiers/2024-09-03-03-28-28_doc241927fr.pdf,https://www.ccecrb.fgov.be/p/fr/1218/la-conjoncture-economique-dans-la-distribution-juin-2024
selected,rapport,rapport,conseil central de l’économie,Stratégie de relance – Introduction d’un engagement global des employeurs en matière de places de stage - Évaluation annuelle,2024-05-31,2024,0.198,0.595,153.926,461.778,rapport/2024-06-13-09-52-03_CCE20241440CNTRapport135RapportStrategiederelance.pdf,yes,https://www.ccecrb.fgov.be/dpics/fichiers/2024-06-13-09-52-03_CCE20241440CNTRapport135RapportStratégiederelance.pdf,https://www.ccecrb.fgov.be/p/fr/1189/strategie-de-relance-introduction-d-un-engagement-global-des-employeurs-en-matiere-de-places-de-stage-evaluation-annuelle
selected,rapport,rapport,secteurs,Conjoncture économique dans l'industrie alimentaire et des boissons 2024,2024-05-31,2024,0.055,0.164,153.981,461.943,rapport/2024-05-31-09-25-06_CCE20241413AvantproposrapportconjonctureAlimentation2024.pdf,yes,https://www.ccecrb.fgov.be/dpics/fichiers/2024-05-31-09-25-06_CCE20241413AvantproposrapportconjonctureAlimentation2024.pdf,https://www.ccecrb.fgov.be/p/fr/1187/conjoncture-economique-dans-l-industrie-alimentaire-et-des-boissons-2024
selected,actualite,actualité,secteurs,Communication aux présidents de partis : créer une politique stable pour l’industrie de l’alimentation et des boissons,2024-05-29,2024,0.095,0.285,154.076,462.228,actualite/2024-05-30-11-00-56_CCE20241417communicatiepolitiekFR.pdf,yes,https://www.ccecrb.fgov.be/dpics/fichiers/2024-05-30-11-00-56_CCE20241417communicatiepolitiekFR.pdf,https://www.ccecrb.fgov.be/p/fr/1186/communication-aux-presidents-de-partis-creer-une-politique-stable-pour-l-industrie-de-l-alimentation-et-des-boissons
selected,actualite,actualité,conseil central de l’économie,Séminaire dans le cadre de la présidence belge du Conseil de l'Union européenne,2024-05-24,2024,0.233,0.699,154.309,462.926,actualite/2024-05-24-10-34-17_Programmeseminaire2006.pdf,yes,https://www.ccecrb.fgov.be/dpics/fichiers/2024-05-24-10-34-17_Programmeséminaire2006.pdf,https://www.ccecrb.fgov.be/p/fr/1184/seminaire-dans-le-cadre-de-la-presidence-belge-du-conseil-de-l-union-europeenne
selected,avis-conjoint,avis conjoint,consommation,Incorporation de biocarburants dans le gasoil de chauffage,2024-05-21,2024,0.242,0.727,154.551,463.653,avis-conjoint/2024-05-23-12-30-33_CCE20241320Denominationetcaracteristiquesdugasoiletdesessences.pdf,yes,https://www.ccecrb.fgov.be/dpics/fichiers/2024-05-23-12-30-33_CCE20241320Dénominationetcaractéristiquesdugasoiletdesessences.pdf,https://www.ccecrb.fgov.be/p/fr/1181/incorporation-de-biocarburants-dans-le-gasoil-de-chauffage
selected,avis,avis,consommation,Assouplissement des conditions relatives au service bancaire de base,2024-05-17,2024,0.09,0.271,154.641,463.924,avis/2024-05-17-03-36-53_CCE20241310Adaptationdesconditionsrelativesauservicebancairedebase.pdf,yes,https://www.ccecrb.fgov.be/dpics/fichiers/2024-05-17-03-36-53_CCE20241310Adaptationdesconditionsrelativesauservicebancairedebase.pdf,https://www.ccecrb.fgov.be/p/fr/1182/assouplissement-des-conditions-relatives-au-service-bancaire-de-base
selected,actualite,actualité,conseil central de l’économie,Un séminaire sur le climat et la gouvernance économique dans un contexte européen : quelles implications pour la Belgique ?,2024-05-07,2024,0.348,1.044,154.989,464.968,actualite/2024-05-31-03-26-46_Invitation24juinCCECFDD.pdf,yes,https://www.ccecrb.fgov.be/dpics/fichiers/2024-05-31-03-26-46_Invitation24juinCCECFDD.pdf,https://www.ccecrb.fgov.be/p/fr/1180/un-seminaire-sur-le-climat-et-la-gouvernance-economique-dans-un-contexte-europeen-quelles-implications-pour-la-belgique-
selected,avis-conjoint,avis conjoint,consommation,Mise sur le marché et utilisation des biocides,2024-05-02,2024,0.319,0.958,155.309,465.926,avis-conjoint/2024-05-07-09-31-07_doc241240fr.pdf,yes,https://www.ccecrb.fgov.be/dpics/fichiers/2024-05-07-09-31-07_doc241240fr.pdf,https://www.ccecrb.fgov.be/p/fr/1179/mise-sur-le-marche-et-utilisation-des-biocides
selected,rapport,rapport,secteurs,"La conjoncture dans le secteur papetier, graphique et de l’édition",2024-04-24,2024,1.785,5.356,157.094,471.282,rapport/2024-04-24-11-06-53_doc241070fr.pdf,yes,https://www.ccecrb.fgov.be/dpics/fichiers/2024-04-24-11-06-53_doc241070fr.pdf,https://www.ccecrb.fgov.be/p/fr/1174/la-conjoncture-dans-le-secteur-papetier-graphique-et-de-l-edition
selected,rapport,rapport,conseil central de l’économie,État des lieux des finances publiques belges,2024-04-24,2024,0.946,2.839,158.04,474.121,rapport/2024-04-24-05-13-13_doc241185fr.pdf,yes,https://www.ccecrb.fgov.be/dpics/fichiers/2024-04-24-05-13-13_doc241185fr.pdf,https://www.ccecrb.fgov.be/p/fr/1177/etat-des-lieux-des-finances-publiques-belges
selected,avis,avis,conseil central de l’économie,Communication d’informations de la banque de données sur les déplacements domicile-travail,2024-04-17,2024,0.16,0.481,158.201,474.602,avis/2024-04-17-09-39-45_doc241060fr.pdf,yes,https://www.ccecrb.fgov.be/dpics/fichiers/2024-04-17-09-39-45_doc241060fr.pdf,https://www.ccecrb.fgov.be/p/fr/1169/communication-d-informations-de-la-banque-de-donnees-sur-les-deplacements-domicile-travail
selected,avis,avis,conseil central de l’économie,Accord sur un remboursement plus élevé des abonnements de train pour les travailleurs,2024-04-08,2024,0.144,0.432,158.345,475.034,avis/2024-04-10-02-21-44_CCE20241030Limiterlesconsequencesnegativesdel_adaptationtarifairedesabonnementsdomiciletravail.pdf,yes,https://www.ccecrb.fgov.be/dpics/fichiers/2024-04-10-02-21-44_CCE20241030Limiterlesconséquencesnégativesdel'adaptationtarifairedesabonnementsdomiciletravail.pdf,https://www.ccecrb.fgov.be/p/fr/1168/accord-sur-un-remboursement-plus-eleve-des-abonnements-de-train-pour-les-travailleurs
selected,avis,avis,consommation,Pratiques du marché déloyales au sein de la chaîne d’approvisionnement agricole et alimentaire,2024-04-05,2024,0.65,1.951,158.995,476.984,avis/2024-04-08-01-11-00_CCE20241000Avissurlespratiquesdeloyalesdanslesrelationsinterentreprisesauseindelachaineagricoleetalimentaire.pdf,yes,https://www.ccecrb.fgov.be/dpics/fichiers/2024-04-08-01-11-00_CCE20241000Avissurlespratiquesdéloyalesdanslesrelationsinterentreprisesauseindelachaîneagricoleetalimentaire.pdf,https://www.ccecrb.fgov.be/p/fr/1167/pratiques-du-marche-deloyales-au-sein-de-la-chaine-d-approvisionnement-agricole-et-alimentaire
selected,avis,avis,consommation,Sacs en plastique et étiquettes,2024-04-03,2024,3.909,11.727,162.904,488.711,avis/2024-04-04-04-18-05_doc240930fr.pdf,yes,https://www.ccecrb.fgov.be/dpics/fichiers/2024-04-04-04-18-05_doc240930fr.pdf,https://www.ccecrb.fgov.be/p/fr/1166/sacs-en-plastique-et-etiquettes
selected,avis,avis,conseil central de l’économie,L'édition 2024 du diagnostic fédéral sur les déplacements domicile-travail,2024-03-27,2024,0.136,0.408,163.04,489.119,avis/2024-03-28-09-33-39_doc240870fr.pdf,yes,https://www.ccecrb.fgov.be/dpics/fichiers/2024-03-28-09-33-39_doc240870fr.pdf,https://www.ccecrb.fgov.be/p/fr/1165/l-edition-2024-du-diagnostic-federal-sur-les-deplacements-domicile-travail
selected,memorandum,Memorandum,secteurs,Recommandations prioritaires pour une construction durable et sociale,2024-03-22,2024,0.181,0.543,163.221,489.662,memorandum/2024-03-26-04-37-38_doc240860fr.pdf,yes,https://www.ccecrb.fgov.be/dpics/fichiers/2024-03-26-04-37-38_doc240860fr.pdf,https://www.ccecrb.fgov.be/p/fr/1164/recommandations-prioritaires-pour-une-construction-durable-et-sociale
selected,actualite,actualité,conseil central de l’économie,Cinquante ans d'informations économiques et financières à fournir aux conseils d'entreprise,2024-03-22,2024,0.213,0.639,163.434,490.301,actualite/2024-03-22-10-29-41_2024061NewsletterLeconseildentrepriseetlarreteroyaldu27novembre197326022024FR.pdf,yes,https://www.ccecrb.fgov.be/dpics/fichiers/2024-03-22-10-29-41_2024061NewsletterLeconseild%E2%80%99entrepriseetl%E2%80%99arr%C3%AAt%C3%A9royaldu27novembre197326022024FR.pdf,https://www.ccecrb.fgov.be/p/fr/1122/cinquante-ans-d-informations-economiques-et-financieres-a-fournir-aux-conseils-d-entreprise
selected,actualite,actualité,conseil central de l’économie,Cinquante ans d'informations économiques et financières à fournir aux conseils d'entreprise,2024-03-22,2024,0.346,1.037,163.78,491.339,actualite/2024-02-06-02-19-06_programma50jaarkbFR_defversie.pdf,yes,https://www.ccecrb.fgov.be/dpics/fichiers/2024-02-06-02-19-06_programma50jaarkbFR_defversie.pdf,https://www.ccecrb.fgov.be/p/fr/1122/cinquante-ans-d-informations-economiques-et-financieres-a-fournir-aux-conseils-d-entreprise
selected,avis,avis,consommation,Pratiques problématiques de vente d’abonnements par téléphone,2024-03-21,2024,0.167,0.5,163.946,491.838,avis/2024-03-21-03-08-15_doc240840fr.pdf,yes,https://www.ccecrb.fgov.be/dpics/fichiers/2024-03-21-03-08-15_doc240840fr.pdf,https://www.ccecrb.fgov.be/p/fr/1163/pratiques-problematiques-de-vente-d-abonnements-par-telephone
selected,avis-conjoint,avis conjoint,consommation,Shrinkflation sous la loupe,2024-03-21,2024,0.468,1.403,164.414,493.241,avis-conjoint/2024-03-21-03-06-48_doc240820fr.pdf,yes,https://www.ccecrb.fgov.be/dpics/fichiers/2024-03-21-03-06-48_doc240820fr.pdf,https://www.ccecrb.fgov.be/p/fr/1162/shrinkflation-sous-la-loupe
selected,avis,avis,conseil central de l’économie,La révision du Plan National Énergie-Climat 2030,2024-02-27,2024,0.405,1.216,164.819,494.457,avis/2024-02-29-03-17-15_doc240640fr.pdf,yes,https://www.ccecrb.fgov.be/dpics/fichiers/2024-02-29-03-17-15_doc240640fr.pdf,https://www.ccecrb.fgov.be/p/fr/1158/la-revision-du-plan-national-energie-climat-2030
selected,article,article,conseil central de l’économie,Check-list relative à la sécurité et au bien-être du travailleur-cycliste,2024-02-27,2024,0.16,0.479,164.979,494.937,article/2024-02-27-02-34-44_doc240616fr.pdf,yes,https://www.ccecrb.fgov.be/dpics/fichiers/2024-02-27-02-34-44_doc240616fr.pdf,https://www.ccecrb.fgov.be/p/fr/1156/check-list-relative-a-la-securite-et-au-bien-etre-du-travailleur-cycliste
selected,rapport,rapport,conseil central de l’économie,Les carrières professionnelles en Belgique : enjeux et diagnostic,2024-02-22,2024,0.155,0.465,165.134,495.401,rapport/2024-02-27-04-06-50_doc240630fr.pdf,yes,https://www.ccecrb.fgov.be/dpics/fichiers/2024-02-27-04-06-50_doc240630fr.pdf,https://www.ccecrb.fgov.be/p/fr/1157/les-carrieres-professionnelles-en-belgique-enjeux-et-diagnostic
selected,rapport,rapport,conseil central de l’économie,Les carrières professionnelles en Belgique : enjeux et diagnostic,2024-02-22,2024,1.03,3.091,166.164,498.492,rapport/2024-02-27-03-35-07_doc240540fr.pdf,yes,https://www.ccecrb.fgov.be/dpics/fichiers/2024-02-27-03-35-07_doc240540fr.pdf,https://www.ccecrb.fgov.be/p/fr/1157/les-carrieres-professionnelles-en-belgique-enjeux-et-diagnostic
selected,rapport,rapport,conseil central de l’économie,Rapport technique du secrétariat sur les marges maximales disponibles 2023,2024-02-21,2024,1.801,5.403,167.965,503.895,rapport/2024-08-21-01-53-24_CCE20240550Rapporttechnique2023.pdf,yes,https://www.ccecrb.fgov.be/dpics/fichiers/2024-08-21-01-53-24_CCE20240550Rapporttechnique2023.pdf,https://www.ccecrb.fgov.be/p/fr/1151/rapport-technique-du-secretariat-sur-les-marges-maximales-disponibles-2023
selected,rapport,rapport,conseil central de l’économie,L’écart salarial entre femmes et hommes en 2023,2024-02-21,2024,0.283,0.85,168.248,504.745,rapport/2024-02-27-03-14-11_doc240552fr.pdf,yes,https://www.ccecrb.fgov.be/dpics/fichiers/2024-02-27-03-14-11_doc240552fr.pdf,https://www.ccecrb.fgov.be/p/fr/1152/l-ecart-salarial-entre-femmes-et-hommes-en-2023
selected,rapport,rapport,conseil central de l’économie,Rapport sur les avantages non récurrents liés aux résultats,2024-02-21,2024,0.127,0.38,168.375,505.126,rapport/2024-02-27-02-33-59_doc240551fr.pdf,yes,https://www.ccecrb.fgov.be/dpics/fichiers/2024-02-27-02-33-59_doc240551fr.pdf,https://www.ccecrb.fgov.be/p/fr/1154/rapport-sur-les-avantages-non-recurrents-lies-aux-resultats
selected,rapport,rapport,conseil central de l’économie,Rapport 2023 sur le handicap des coûts salariaux,2024-02-21,2024,0.292,0.876,168.667,506.001,rapport/2024-02-21-06-08-43_doc240553fr.pdf,yes,https://www.ccecrb.fgov.be/dpics/fichiers/2024-02-21-06-08-43_doc240553fr.pdf,https://www.ccecrb.fgov.be/p/fr/1153/rapport-2023-sur-le-handicap-des-couts-salariaux
selected,avis-conjoint,avis conjoint,conseil central de l’économie,Exigences de qualité de l’essence et du diesel destinés à l’exportation,2024-02-16,2024,0.258,0.774,168.925,506.776,avis-conjoint/2024-02-21-04-27-33_doc240500fr.pdf,yes,https://www.ccecrb.fgov.be/dpics/fichiers/2024-02-21-04-27-33_doc240500fr.pdf,https://www.ccecrb.fgov.be/p/fr/1155/exigences-de-qualite-de-l-essence-et-du-diesel-destines-a-l-exportation
selected,debat,Débat,conseil central de l’économie,Revoir le webinaire avec Infrabel sur l'organisation du trafic ferroviaire à la lumière des ambitions fédérales,2024-01-31,2024,5.111,15.334,174.037,522.11,debat/2024-03-01-02-51-01_CCCE20240364CNT69.D2414PowerpointInfrabelWebinar31.01.2024_FR.pdf,yes,https://www.ccecrb.fgov.be/dpics/fichiers/2024-03-01-02-51-01_CCCE20240364CNT69.D2414PowerpointInfrabelWebinar31.01.2024_FR.pdf,https://www.ccecrb.fgov.be/p/fr/1159/revoir-le-webinaire-avec-infrabel-sur-l-organisation-du-trafic-ferroviaire-a-la-lumiere-des-ambitions-federales
selected,avis,avis,conseil central de l’économie,Les prix des abonnements de la SNCB à partir du 1er février 2024,2024-01-30,2024,0.263,0.79,174.3,522.9,avis/2024-08-09-03-32-22_CCE20240339lesprixdesabonnementsdelasncbapartirdu1erfevrier2024.pdf,yes,https://www.ccecrb.fgov.be/dpics/fichiers/2024-08-09-03-32-22_CCE20240339lesprixdesabonnementsdelasncbapartirdu1erfevrier2024.pdf,https://www.ccecrb.fgov.be/p/fr/1148/les-prix-des-abonnements-de-la-sncb-a-partir-du-1er-fevrier-2024
selected,rapport,rapport,conseil central de l’économie,La situation macroéconomique des entreprises sous la loupe,2024-01-25,2024,0.316,0.948,174.616,523.848,rapport/2024-08-21-01-20-17_CCE20240290letauxdemargelarentabiliteetlasituationmacroeconomiquedesentreprises.pdf,yes,https://www.ccecrb.fgov.be/dpics/fichiers/2024-08-21-01-20-17_CCE20240290letauxdemargelarentabiliteetlasituationmacroeconomiquedesentreprises.pdf,https://www.ccecrb.fgov.be/p/fr/1149/la-situation-macroeconomique-des-entreprises-sous-la-loupe
selected,avis,avis,consommation,La dénomination des tarifs télécoms sociaux,2024-01-25,2024,0.153,0.458,174.769,524.306,avis/2024-08-09-03-17-27_CCE20240300denominationdesoffresbeneficiantdestarifssociaux.pdf,yes,https://www.ccecrb.fgov.be/dpics/fichiers/2024-08-09-03-17-27_CCE20240300denominationdesoffresbeneficiantdestarifssociaux.pdf,https://www.ccecrb.fgov.be/p/fr/1145/la-denomination-des-tarifs-telecoms-sociaux
selected,avis,avis,consommation,Chèques sport et culture,2024-01-25,2024,0.13,0.39,174.899,524.696,avis/2024-08-09-03-14-39_CCE20240310chequessportetculture.pdf,yes,https://www.ccecrb.fgov.be/dpics/fichiers/2024-08-09-03-14-39_CCE20240310chequessportetculture.pdf,https://www.ccecrb.fgov.be/p/fr/1144/cheques-sport-et-culture
selected,avis,avis,conseil central de l’économie,Indexation des seuils relatifs au chiffre d’affaires annuel et au total du bilan,2024-01-24,2024,0.188,0.565,175.087,525.261,avis/2024-08-09-03-07-15_CCE20240270lindexationannuelledesseuilsappliquespourqualifierlessocietesdepetitessocietesetdemicrosocietes.pdf,yes,https://www.ccecrb.fgov.be/dpics/fichiers/2024-08-09-03-07-15_CCE20240270lindexationannuelledesseuilsappliquespourqualifierlessocietesdepetitessocietesetdemicrosocietes.pdf,https://www.ccecrb.fgov.be/p/fr/1147/indexation-des-seuils-relatifs-au-chiffre-d-affaires-annuel-et-au-total-du-bilan
selected,avis,avis,conseil central de l’économie,"Le devoir de vigilance, la publication et l'assurance d'informations en matière de durabilité",2024-01-24,2024,0.261,0.784,175.348,526.044,avis/2024-08-09-01-59-54_CCE20240250ledevoirdevigilancelapublicationdinformationsenmatierededurabiliteetlassurancedelinformationenmatierededurabilite.pdf,yes,https://www.ccecrb.fgov.be/dpics/fichiers/2024-08-09-01-59-54_CCE20240250ledevoirdevigilancelapublicationdinformationsenmatierededurabiliteetlassurancedelinformationenmatierededurabilite.pdf,https://www.ccecrb.fgov.be/p/fr/1146/le-devoir-de-vigilance-la-publication-et-l-assurance-d-informations-en-matiere-de-durabilite
selected,avis,avis,conseil central de l’économie,Les informations relatives à l’impôt sur les revenus par certaines sociétés et succursales,2024-01-19,2024,0.156,0.467,175.504,526.512,avis/2024-08-09-12-08-04_CCE20240160letablissementetlacommunicationparcertainessocietesetsuccursalesdinformationsrelativesalimpotsurlesrevenusdessocietes.pdf,yes,https://www.ccecrb.fgov.be/dpics/fichiers/2024-08-09-12-08-04_CCE20240160letablissementetlacommunicationparcertainessocietesetsuccursalesdinformationsrelativesalimpotsurlesrevenusdessocietes.pdf,https://www.ccecrb.fgov.be/p/fr/1140/les-informations-relatives-a-l-impot-sur-les-revenus-par-certaines-societes-et-succursales
selected,avis,avis,consommation,Procédure de désendettement et réforme du règlement collectif de dettes,2024-01-19,2024,0.197,0.591,175.701,527.102,avis/2024-08-09-01-24-50_CCE20240180Avisdesendettement.pdf,yes,https://www.ccecrb.fgov.be/dpics/fichiers/2024-08-09-01-24-50_CCE20240180Avisdésendettement.pdf,https://www.ccecrb.fgov.be/p/fr/1143/procedure-de-desendettement-et-reforme-du-reglement-collectif-de-dettes
selected,avis,avis,clauses abusives,Complément des listes des clauses abusives pour les accords de partenariat concernant le commerce alimentaire de détail,2024-01-09,2024,0.4,1.2,176.101,528.303,avis/2024-08-09-11-44-18_CCE20240201projetdarreteroyalcompletantleslistesdeclausesabusivespourlesaccordsdepartenariatcommercialconcernantlecommercededetailenmagasinnonspecialiseapredomi,yes,https://www.ccecrb.fgov.be/dpics/fichiers/2024-08-09-11-44-18_CCE20240201projetdarreteroyalcompletantleslistesdeclausesabusivespourlesaccordsdepartenariatcommercialconcernantlecommercededetailenmagasinnonspecialiseapredominancealimentaire.pdf,https://www.ccecrb.fgov.be/p/fr/1150/complement-des-listes-des-clauses-abusives-pour-les-accords-de-partenariat-concernant-le-commerce-alimentaire-de-detail
selected,article,article,conseil central de l’économie,Budget mobilité : des modifications à partir du 1er janvier 2024,2024-01-03,2024,0.176,0.529,176.277,528.831,article/2024-01-03-01-47-52_03012024articlebudgetmobilite.pdf,yes,https://www.ccecrb.fgov.be/dpics/fichiers/2024-01-03-01-47-52_03012024articlebudgetmobilité.pdf,https://www.ccecrb.fgov.be/p/fr/1139/budget-mobilite-des-modifications-a-partir-du-1er-janvier-2024
selected,rapport,rapport,secteurs,L’évolution conjoncturelle dans le secteur de la construction,2023-12-20,2023,1.155,3.464,177.432,532.295,rapport/2024-08-20-04-44-24_CCE20232738DEFRapportdeconjonctureConstructionpoursite.pdf,yes,https://www.ccecrb.fgov.be/dpics/fichiers/2024-08-20-04-44-24_CCE20232738DEFRapportdeconjonctureConstructionpoursite.pdf,https://www.ccecrb.fgov.be/p/fr/1135/l-evolution-conjoncturelle-dans-le-secteur-de-la-construction
selected,avis,avis,conseil central de l’économie,Avis concernant les recommandations faites au gouvernement belge par le Comité de la liberté syndicale de l’Organisation internationale du travail à propos de la loi de 1996,2023-12-20,2023,0.451,1.352,177.882,533.647,avis/2024-08-09-11-26-45_CCE20232925avisconcernantlesrecommandationsfaitesaugouvernementbelgeparlecomitedelalibertesyndicaledelorganisationinternationaledutravailaproposdelaloide1996bli,yes,https://www.ccecrb.fgov.be/dpics/fichiers/2024-08-09-11-26-45_CCE20232925avisconcernantlesrecommandationsfaitesaugouvernementbelgeparlecomitedelalibertesyndicaledelorganisationinternationaledutravailaproposdelaloide1996blijde.pdf,https://www.ccecrb.fgov.be/p/fr/1138/avis-concernant-les-recommandations-faites-au-gouvernement-belge-par-le-comite-de-la-liberte-syndicale-de-l-organisation-internationale-du-travail-a-propos-de-la-loi-de-1996
selected,avis,avis,conseil central de l’économie,L’importance de la productivité dans la perspective des transitions écologique et numérique,2023-12-20,2023,0.352,1.057,178.235,534.704,avis/2024-08-09-11-13-32_CCE20232910RapportannuelduCNP.pdf,yes,https://www.ccecrb.fgov.be/dpics/fichiers/2024-08-09-11-13-32_CCE20232910RapportannuelduCNP.pdf,https://www.ccecrb.fgov.be/p/fr/1137/l-importance-de-la-productivite-dans-la-perspective-des-transitions-ecologique-et-numerique
selected,rapport,rapport,secteurs,La conjoncture économique dans l’industrie de la chimie,2023-12-15,2023,0.061,0.182,178.295,534.886,rapport/2023-12-21-04-03-05_CCE20232898AvantproposRapportsurlaconjunctureeconomiquedansl_industriedelachimie.pdf,yes,https://www.ccecrb.fgov.be/dpics/fichiers/2023-12-21-04-03-05_CCE20232898AvantproposRapportsurlaconjunctureéconomiquedansl'industriedelachimie.pdf,https://www.ccecrb.fgov.be/p/fr/1134/la-conjoncture-economique-dans-l-industrie-de-la-chimie
selected,debat,Débat,conseil central de l’économie,Revoir le webinaire avec Luigi Stähli sur le modèle suisse de système intégré de transports en commun,2023-12-15,2023,6.134,18.403,184.43,553.289,debat/2023-12-19-09-46-04_CCE20232844PPT14.12.2023WebinaireStahli.pdf,yes,https://www.ccecrb.fgov.be/dpics/fichiers/2023-12-19-09-46-04_CCE20232844PPT14.12.2023WebinaireStahli.pdf,https://www.ccecrb.fgov.be/p/fr/1133/revoir-le-webinaire-avec-luigi-stahli-sur-le-modele-suisse-de-systeme-integre-de-transports-en-commun
selected,avis,avis,clauses abusives,La transformation de la Directive concernant le retard de paiement dans les transactions commerciales en un Règlement,2023-12-15,2023,0.269,0.808,184.699,554.097,avis/2024-08-09-09-36-52_CCE20232960avissurlapropositiondelacommissioneuropeennevisantatransformerladirectiveconcernantlaluttecontreleretarddepaiementdanslestransactionscommercialesenun,yes,https://www.ccecrb.fgov.be/dpics/fichiers/2024-08-09-09-36-52_CCE20232960avissurlapropositiondelacommissioneuropeennevisantatransformerladirectiveconcernantlaluttecontreleretarddepaiementdanslestransactionscommercialesenunreglement.pdf,https://www.ccecrb.fgov.be/p/fr/1141/la-transformation-de-la-directive-concernant-le-retard-de-paiement-dans-les-transactions-commerciales-en-un-reglement
selected,avis,avis,consommation,Articles pyrotechniques,2023-12-13,2023,0.135,0.406,184.834,554.503,avis/2024-08-08-03-55-49_CCE20232850articlespyrotechniques.pdf,yes,https://www.ccecrb.fgov.be/dpics/fichiers/2024-08-08-03-55-49_CCE20232850articlespyrotechniques.pdf,https://www.ccecrb.fgov.be/p/fr/1130/articles-pyrotechniques
selected,avis,avis,conseil central de l’économie,Le volet prospectif de la présidence belge de l’Union européenne,2023-12-12,2023,0.846,2.539,185.681,557.042,avis/2024-08-09-08-55-52_CCE20232825CNTAvis2392VoletprospectifPresidencebelgedel_UE.pdf,yes,https://www.ccecrb.fgov.be/dpics/fichiers/2024-08-09-08-55-52_CCE20232825CNTAvis2392VoletprospectifPrésidencebelgedel'UE.pdf,https://www.ccecrb.fgov.be/p/fr/1132/le-volet-prospectif-de-la-presidence-belge-de-l-union-europeenne
selected,article,article,conseil central de l’économie,"La création du Conseil central de l’économie, son rôle et son évolution au sein du système institutionnel et démocratique belge",2023-12-05,2023,0.495,1.486,186.176,558.528,article/2024-02-13-04-32-40_DirkLuyten75ansduConseilcentraldeleconomieoriginesetevolutionduroled_unorganedeconcertationeconomique.pdf,yes,https://www.ccecrb.fgov.be/dpics/fichiers/2024-02-13-04-32-40_DirkLuyten75ansduConseilcentraldel’économieoriginesetévolutiondurôled'unorganedeconcertationéconomique.pdf,https://www.ccecrb.fgov.be/p/fr/1127/la-creation-du-conseil-central-de-l-economie-son-role-et-son-evolution-au-sein-du-systeme-institutionnel-et-democratique-belge
selected,article,article,conseil central de l’économie,"Quel est le rôle de la concertation sociale dans le monde d’aujourd’hui, dans notre XXIe siècle riche en incertitudes ?",2023-12-05,2023,0.196,0.588,186.372,559.115,article/2024-01-17-10-00-54_evelyneleonardleroledudialoguesocialauxxiesiecledansuncontextedeprofondesmutationsdefisetenjeux.pdf,yes,https://www.ccecrb.fgov.be/dpics/fichiers/2024-01-17-10-00-54_evelyneleonardleroledudialoguesocialauxxiesiecledansuncontextedeprofondesmutationsdefisetenjeux.pdf,https://www.ccecrb.fgov.be/p/fr/1128/quel-est-le-role-de-la-concertation-sociale-dans-le-monde-d-aujourd-hui-dans-notre-xxie-siecle-riche-en-incertitudes-
selected,avis,avis,clauses abusives,Certaines conditions contractuelles dans les contrats de fourniture d'énergie avec les entreprises,2023-11-24,2023,0.337,1.01,186.708,560.125,avis/2024-08-08-03-18-51_CCE20232407AvisElectriciteB2BDEF.pdf,yes,https://www.ccecrb.fgov.be/dpics/fichiers/2024-08-08-03-18-51_CCE20232407AvisElectricitéB2BDEF.pdf,https://www.ccecrb.fgov.be/p/fr/1129/certaines-conditions-contractuelles-dans-les-contrats-de-fourniture-d-energie-avec-les-entreprises
selected,rapport,rapport,secteurs,"Stimuler les investissements dans le logement abordable, durable et de qualité",2023-11-23,2023,0.521,1.564,187.23,561.689,rapport/2024-08-20-03-13-17_CCE20232645DEFRapportInvestissements.pdf,yes,https://www.ccecrb.fgov.be/dpics/fichiers/2024-08-20-03-13-17_CCE20232645DEFRapportInvestissements.pdf,https://www.ccecrb.fgov.be/p/fr/1125/stimuler-les-investissements-dans-le-logement-abordable-durable-et-de-qualite
selected,avis,avis,concurrence,Réforme du régime des clauses d’indexation de prix,2023-11-20,2023,0.26,0.78,187.49,562.469,avis/2024-08-08-02-34-55_CCE20232620clausesderevisiondeprix.pdf,yes,https://www.ccecrb.fgov.be/dpics/fichiers/2024-08-08-02-34-55_CCE20232620clausesderevisiondeprix.pdf,https://www.ccecrb.fgov.be/p/fr/1124/reforme-du-regime-des-clauses-d-indexation-de-prix
selected,actualite,actualité,conseil central de l’économie,Petite rétrospective en image,2023-11-20,2023,0.364,1.092,187.854,563.561,actualite/2023-11-17-04-23-34_DirkLuyten75jaarCentraleRaadvoorhetBedrijfslevenoverdeoorsprongendeverschuivenderolvaneeneconomischoverlegorgaan.pdf,yes,https://www.ccecrb.fgov.be/dpics/fichiers/2023-11-17-04-23-34_DirkLuyten75jaarCentraleRaadvoorhetBedrijfslevenoverdeoorsprongendeverschuivenderolvaneeneconomischoverlegorgaan.pdf,https://www.ccecrb.fgov.be/p/fr/1120/petite-retrospective-en-image
selected,actualite,actualité,conseil central de l’économie,Revoir l'événement du 20 novembre,2023-11-20,2023,0.355,1.066,188.209,564.626,actualite/2023-10-24-01-57-37_programma75FR.pdf,yes,https://www.ccecrb.fgov.be/dpics/fichiers/2023-10-24-01-57-37_programma75FR.pdf,https://www.ccecrb.fgov.be/p/fr/1113/revoir-l-evenement-du-20-novembre
selected,avis,avis,conseil central de l’économie,"L’emploi, l’enseignement et la formation dans le cadre de la Conférence pour une transition juste",2023-11-07,2023,0.259,0.776,188.467,565.402,avis/2024-08-07-11-05-26_CCE20232500CNTAvis2.383Transitionjustebonneversion6.pdf,yes,https://www.ccecrb.fgov.be/dpics/fichiers/2024-08-07-11-05-26_CCE20232500CNTAvis2.383Transitionjustebonneversion§6.pdf,https://www.ccecrb.fgov.be/p/fr/1123/l-emploi-l-enseignement-et-la-formation-dans-le-cadre-de-la-conference-pour-une-transition-juste
selected,rapport,rapport,conseil central de l’économie,« Causes et conséquences de l’inflation » - Rapport Emploi Compétitivité 2023,2023-10-30,2023,3.076,9.229,191.544,574.631,rapport/2024-08-19-03-28-31_CCE20232450REC2023.pdf,yes,https://www.ccecrb.fgov.be/dpics/fichiers/2024-08-19-03-28-31_CCE20232450REC2023.pdf,https://www.ccecrb.fgov.be/p/fr/1116/-causes-et-consequences-de-l-inflation-rapport-emploi-competitivite-2023
selected,actualite,actualité,secteurs,Appel à candidature examen expert diamant,2023-10-26,2023,0.057,0.171,191.601,574.802,actualite/2023-12-04-02-29-55_CRB20232436oproepkandidatendiamantsector.pdf,yes,https://www.ccecrb.fgov.be/dpics/fichiers/2023-12-04-02-29-55_CRB20232436oproepkandidatendiamantsector.pdf,https://www.ccecrb.fgov.be/p/fr/1117/appel-a-candidature-examen-expert-diamant
selected,rapport,rapport,secteurs,L’emploi dans les secteurs de l’e-commerce,2023-10-25,2023,1.396,4.188,192.997,578.99,rapport/2024-08-26-03-10-19_CCE20232425DEFRapportECommerceFacts_FiguresEmploi.pdf,yes,https://www.ccecrb.fgov.be/dpics/fichiers/2024-08-26-03-10-19_CCE20232425DEFRapportECommerce«Facts&Figures»Emploi.pdf,https://www.ccecrb.fgov.be/p/fr/1115/l-emploi-dans-les-secteurs-de-l-e-commerce
selected,rapport,rapport,secteurs,Les défis de l’e-commerce en Belgique,2023-10-25,2023,1.52,4.561,194.517,583.551,rapport/2024-08-12-04-37-43_CCE20242422Defisdelecommercecce20232422.pdf,yes,https://www.ccecrb.fgov.be/dpics/fichiers/2024-08-12-04-37-43_CCE20242422Defisdelecommercecce20232422.pdf,https://www.ccecrb.fgov.be/p/fr/1114/les-defis-de-l-e-commerce-en-belgique
selected,avis,avis,consommation,Articles pyrotechniques,2023-10-18,2023,0.142,0.427,194.659,583.978,avis/2024-08-07-10-42-37_CCE20232390articlespyrotechniques.pdf,yes,https://www.ccecrb.fgov.be/dpics/fichiers/2024-08-07-10-42-37_CCE20232390articlespyrotechniques.pdf,https://www.ccecrb.fgov.be/p/fr/1112/articles-pyrotechniques
selected,avis,avis,conseil central de l’économie,Publication d’informations relatives à l’impôt sur les revenus des sociétés par certaines sociétés et succursales,2023-10-04,2023,0.145,0.436,194.805,584.414,avis/2024-08-07-10-38-29_CCE20232310lapublicationdinformationsrelativesalimpotsurlesrevenusdessocietesparcertainessocietesetsuccursales.pdf,yes,https://www.ccecrb.fgov.be/dpics/fichiers/2024-08-07-10-38-29_CCE20232310lapublicationdinformationsrelativesalimpotsurlesrevenusdessocietesparcertainessocietesetsuccursales.pdf,https://www.ccecrb.fgov.be/p/fr/1109/publication-d-informations-relatives-a-l-impot-sur-les-revenus-des-societes-par-certaines-societes-et-succursales
selected,debat,Débat,conseil central de l’économie,Revoir le webinaire avec Thierry Vanelslander sur l’avenir de la mobilité,2023-10-03,2023,2.738,8.213,197.542,592.627,debat/2023-10-12-02-22-03_CRB2023.pdf,yes,https://www.ccecrb.fgov.be/dpics/fichiers/2023-10-12-02-22-03_CRB2023.pdf,https://www.ccecrb.fgov.be/p/fr/1111/revoir-le-webinaire-avec-thierry-vanelslander-sur-l-avenir-de-la-mobilite
selected,actualite,actualité,concurrence,Besoin urgent d’un président pour l’Autorité belge de la concurrence,2023-10-02,2023,0.093,0.278,197.635,592.905,actualite/2023-10-04-02-17-03_doc232309fr.pdf,yes,https://www.ccecrb.fgov.be/dpics/fichiers/2023-10-04-02-17-03_doc232309fr.pdf,https://www.ccecrb.fgov.be/p/fr/1108/besoin-urgent-d-un-president-pour-l-autorite-belge-de-la-concurrence
selected,rapport,rapport,secteurs,"La conjoncture dans le secteur papetier, graphique et de l’édition",2023-09-26,2023,0.808,2.423,198.442,595.327,rapport/2024-08-12-04-13-06_CCE20232217RapportconjunctuurPARDEF.pdf,yes,https://www.ccecrb.fgov.be/dpics/fichiers/2024-08-12-04-13-06_CCE20232217RapportconjunctuurPARDEF.pdf,https://www.ccecrb.fgov.be/p/fr/1118/la-conjoncture-dans-le-secteur-papetier-graphique-et-de-l-edition
selected,avis,avis,conseil central de l’économie,Clause de non-débauchage dans le cadre du travail intérimaire,2023-09-26,2023,0.357,1.072,198.8,596.399,avis/2024-08-07-10-17-58_CCE20232257clausedenondebauchagedanslecadredutravailinterimaire.pdf,yes,https://www.ccecrb.fgov.be/dpics/fichiers/2024-08-07-10-17-58_CCE20232257clausedenondebauchagedanslecadredutravailinterimaire.pdf,https://www.ccecrb.fgov.be/p/fr/1107/clause-de-non-debauchage-dans-le-cadre-du-travail-interimaire
selected,avis,avis,consommation,La publicité concernant les biocides,2023-09-26,2023,0.188,0.564,198.988,596.963,avis/2024-08-02-05-10-21_CCE20232230Avis.pdf,yes,https://www.ccecrb.fgov.be/dpics/fichiers/2024-08-02-05-10-21_CCE20232230Avis.pdf,https://www.ccecrb.fgov.be/p/fr/1106/la-publicite-concernant-les-biocides
selected,avis,avis,conseil central de l’économie,Réforme de la gouvernance économique européenne,2023-09-20,2023,0.328,0.984,199.316,597.947,avis/2024-08-02-12-54-24_CCE20232185AvisGouvernanceeconomiqueeuropeenne.pdf,yes,https://www.ccecrb.fgov.be/dpics/fichiers/2024-08-02-12-54-24_CCE20232185AvisGouvernanceéconomiqueeuropéenne.pdf,https://www.ccecrb.fgov.be/p/fr/1105/reforme-de-la-gouvernance-economique-europeenne
selected,avis,avis,conseil central de l’économie,Favoriser l’utilisation des transports en commun,2023-09-20,2023,0.195,0.584,199.51,598.531,avis/2024-08-02-12-34-25_CCE20232160CNT2376AvisTransportsencommun.pdf,yes,https://www.ccecrb.fgov.be/dpics/fichiers/2024-08-02-12-34-25_CCE20232160CNT2376AvisTransportsencommun.pdf,https://www.ccecrb.fgov.be/p/fr/1102/favoriser-l-utilisation-des-transports-en-commun
selected,avis,avis,conseil central de l’économie,Sécurité et bien-être du cycliste navetteur,2023-09-20,2023,0.241,0.723,199.751,599.254,avis/2024-08-02-12-17-22_CCE20232175CNT2377AvisVelosecuriteetbienetre.pdf,yes,https://www.ccecrb.fgov.be/dpics/fichiers/2024-08-02-12-17-22_CCE20232175CNT2377AvisVélosécuritéetbienêtre.pdf,https://www.ccecrb.fgov.be/p/fr/1101/securite-et-bien-etre-du-cycliste-navetteur
selected,article,article,conseil central de l’économie,"La mobilité partagée, une option pour tous ?",2023-09-15,2023,0.12,0.359,199.871,599.613,article/2023-09-15-02-49-10_6_mobilite_partagee_pour_tous.docx.pdf,yes,https://www.ccecrb.fgov.be/dpics/fichiers/2023-09-15-02-49-10_6_mobilité_partagée_pour_tous.docx.pdf,https://www.ccecrb.fgov.be/p/fr/1094/la-mobilite-partagee-une-option-pour-tous-
selected,article,article,conseil central de l’économie,Zones d’activités économiques et mobilité partagée,2023-09-15,2023,0.139,0.418,200.01,600.031,article/2023-09-15-02-47-20_5_mobilite_partagee_entreprises.docx.pdf,yes,https://www.ccecrb.fgov.be/dpics/fichiers/2023-09-15-02-47-20_5_mobilité_partagée_entreprises.docx.pdf,https://www.ccecrb.fgov.be/p/fr/1093/zones-d-activites-economiques-et-mobilite-partagee
selected,article,article,conseil central de l’économie,Vélos en libre-service aux Pays-Bas,2023-09-15,2023,0.148,0.444,200.158,600.475,article/2023-09-15-02-45-17_4_mobilite_partagee_OVfiets.pdf,yes,https://www.ccecrb.fgov.be/dpics/fichiers/2023-09-15-02-45-17_4_mobilité_partagée_OVfiets.pdf,https://www.ccecrb.fgov.be/p/fr/1092/velos-en-libre-service-aux-pays-bas
selected,article,article,conseil central de l’économie,"La mobilité partagée, un levier pour un transfert modal durable ?",2023-09-15,2023,0.18,0.539,200.338,601.014,article/2023-09-15-02-42-59_3_mobilite_partagee_shift_modal.pdf,yes,https://www.ccecrb.fgov.be/dpics/fichiers/2023-09-15-02-42-59_3_mobilité_partagée_shift_modal.pdf,https://www.ccecrb.fgov.be/p/fr/1091/la-mobilite-partagee-un-levier-pour-un-transfert-modal-durable-
selected,article,article,conseil central de l’économie,L’offre de mobilité partagée,2023-09-15,2023,0.148,0.444,200.486,601.458,article/2023-09-15-02-40-46_2_mobilite_partagee_offre.docx.pdf,yes,https://www.ccecrb.fgov.be/dpics/fichiers/2023-09-15-02-40-46_2_mobilité_partagée_offre.docx.pdf,https://www.ccecrb.fgov.be/p/fr/1090/l-offre-de-mobilite-partagee
selected,article,article,conseil central de l’économie,L’utilisation de la mobilité partagée par le navetteur,2023-09-15,2023,0.148,0.444,200.634,601.902,article/2023-09-15-02-39-09_1_mobilite_partagee_demande.pdf,yes,https://www.ccecrb.fgov.be/dpics/fichiers/2023-09-15-02-39-09_1_mobilité_partagée_demande.pdf,https://www.ccecrb.fgov.be/p/fr/1089/l-utilisation-de-la-mobilite-partagee-par-le-navetteur
selected,actualite,actualité,conseil central de l’économie,Revoir le webinaire avec Eric Cornelis sur la mobilité de demain,2023-09-15,2023,3.09,9.269,203.723,611.17,actualite/2023-09-18-03-06-52_mobilite_de_demain.pdf,yes,https://www.ccecrb.fgov.be/dpics/fichiers/2023-09-18-03-06-52_mobilite_de_demain.pdf,https://www.ccecrb.fgov.be/p/fr/1100/revoir-le-webinaire-avec-eric-cornelis-sur-la-mobilite-de-demain
selected,article,article,conseil central de l’économie,L'Autriche mise sur le « Klimaticket Ö »,2023-09-12,2023,0.216,0.648,203.94,611.819,article/2023-09-19-11-38-23_KlimaticketFR_4.pdf,yes,https://www.ccecrb.fgov.be/dpics/fichiers/2023-09-19-11-38-23_KlimaticketFR.pdf,https://www.ccecrb.fgov.be/p/fr/932/l-autriche-mise-sur-le-klimaticket-o-
selected,article,article,conseil central de l’économie,L'Autriche mise sur le « Klimaticket Ö »,2023-09-12,2023,0.216,0.648,204.156,612.467,article/2023-09-19-11-38-23_KlimaticketFR_3.pdf,yes,https://www.ccecrb.fgov.be/dpics/fichiers/2023-09-19-11-38-23_KlimaticketFR.pdf#page=4,https://www.ccecrb.fgov.be/p/fr/932/l-autriche-mise-sur-le-klimaticket-o-
selected,article,article,conseil central de l’économie,L'Autriche mise sur le « Klimaticket Ö »,2023-09-12,2023,0.216,0.648,204.372,613.115,article/2023-09-19-11-38-23_KlimaticketFR_2.pdf,yes,https://www.ccecrb.fgov.be/dpics/fichiers/2023-09-19-11-38-23_KlimaticketFR.pdf#page=2,https://www.ccecrb.fgov.be/p/fr/932/l-autriche-mise-sur-le-klimaticket-o-
selected,article,article,conseil central de l’économie,L'Autriche mise sur le « Klimaticket Ö »,2023-09-12,2023,0.216,0.648,204.588,613.763,article/2023-09-19-11-38-23_KlimaticketFR.pdf,yes,https://www.ccecrb.fgov.be/dpics/fichiers/2023-09-19-11-38-23_KlimaticketFR.pdf#page=6,https://www.ccecrb.fgov.be/p/fr/932/l-autriche-mise-sur-le-klimaticket-o-
selected,avis,avis,consommation,Redressement des dettes du consommateur et réforme du règlement collectif de dettes,2023-09-06,2023,0.334,1.002,204.922,614.765,avis/2024-08-02-11-52-09_CCE20232040Avis.pdf,yes,https://www.ccecrb.fgov.be/dpics/fichiers/2024-08-02-11-52-09_CCE20232040Avis.pdf,https://www.ccecrb.fgov.be/p/fr/1099/redressement-des-dettes-du-consommateur-et-reforme-du-reglement-collectif-de-dettes
selected,avis,avis,consommation,Protection du consommateur dans le secteur de la construction,2023-08-23,2023,9.647,28.942,214.569,643.708,avis/2024-08-02-11-08-33_CCE20231960AdviesConsumentenenbouwsectorFRDEF.pdf,yes,https://www.ccecrb.fgov.be/dpics/fichiers/2024-08-02-11-08-33_CCE20231960AdviesConsumentenenbouwsectorFRDEF.pdf,https://www.ccecrb.fgov.be/p/fr/1088/protection-du-consommateur-dans-le-secteur-de-la-construction
selected,avis,avis,consommation,La Centrale des crédits aux particuliers,2023-08-18,2023,0.303,0.908,214.872,644.616,avis/2024-07-26-04-04-30_CCE20231910Lacentraledescreditsauxparticuliers.pdf,yes,https://www.ccecrb.fgov.be/dpics/fichiers/2024-07-26-04-04-30_CCE20231910Lacentraledescreditsauxparticuliers.pdf,https://www.ccecrb.fgov.be/p/fr/1087/la-centrale-des-credits-aux-particuliers
selected,rapport,rapport,conseil central de l’économie,Stratégie de relance – Introduction d’un engagement global des employeurs en matière de places de stage - Évaluation annuelle,2023-07-18,2023,0.206,0.617,215.078,645.233,rapport/2024-08-12-03-13-59_CCE20231815CNTRapport133.pdf,yes,https://www.ccecrb.fgov.be/dpics/fichiers/2024-08-12-03-13-59_CCE20231815CNTRapport133.pdf,https://www.ccecrb.fgov.be/p/fr/1086/strategie-de-relance-introduction-d-un-engagement-global-des-employeurs-en-matiere-de-places-de-stage-evaluation-annuelle
selected,avis,avis,conseil central de l’économie,Publication d'informations en matière de durabilité par les entreprises,2023-07-13,2023,0.174,0.523,215.252,645.757,avis/2024-07-26-03-36-52_CCE20231800Publicationdinformationsenmatierededurabiliteparlesentreprisesetimplicationdesrepresentantsdestravailleurs.pdf,yes,https://www.ccecrb.fgov.be/dpics/fichiers/2024-07-26-03-36-52_CCE20231800Publicationdinformationsenmatierededurabiliteparlesentreprisesetimplicationdesrepresentantsdestravailleurs.pdf,https://www.ccecrb.fgov.be/p/fr/1082/publication-d-informations-en-matiere-de-durabilite-par-les-entreprises
selected,avis,avis,conseil central de l’économie,Traitement comptable des opérations assimilées aux fusions et scissions,2023-07-13,2023,0.135,0.405,215.387,646.162,avis/2024-07-26-03-24-27_CCE20231790Traitementcomptabledesoperationsassimileesauxfusionsetscissions.pdf,yes,https://www.ccecrb.fgov.be/dpics/fichiers/2024-07-26-03-24-27_CCE20231790Traitementcomptabledesoperationsassimileesauxfusionsetscissions.pdf,https://www.ccecrb.fgov.be/p/fr/1081/traitement-comptable-des-operations-assimilees-aux-fusions-et-scissions
selected,rapport,rapport,secteurs,La conjoncture économique du secteur alimentaire et des boissons - avril 2023,2023-07-11,2023,0.044,0.131,215.431,646.292,rapport/2023-07-11-06-30-21_CCE20231716AvantproposrapportconjonctureAlimentation2023.pdf,yes,https://www.ccecrb.fgov.be/dpics/fichiers/2023-07-11-06-30-21_CCE20231716AvantproposrapportconjonctureAlimentation2023.pdf,https://www.ccecrb.fgov.be/p/fr/1085/la-conjoncture-economique-du-secteur-alimentaire-et-des-boissons-avril-2023
selected,avis,avis,clauses abusives,Procédure pour le recouvrement de dettes d’argent à l’égard des consommateurs,2023-06-29,2023,0.325,0.975,215.756,647.268,avis/2024-07-26-02-54-58_CCE20231730AvisRecouvrementDEF.pdf,yes,https://www.ccecrb.fgov.be/dpics/fichiers/2024-07-26-02-54-58_CCE20231730AvisRecouvrementDEF.pdf,https://www.ccecrb.fgov.be/p/fr/1084/procedure-pour-le-recouvrement-de-dettes-d-argent-a-l-egard-des-consommateurs
selected,avis,avis,clauses abusives,Procédure pour le recouvrement de dettes d’argent à l’égard des consommateurs,2023-06-29,2023,0.138,0.414,215.894,647.682,avis/2024-07-26-02-54-13_CCE20231540Projetdeloiportantdesmesuresdanslaluttecontrelesurendettement.pdf,yes,https://www.ccecrb.fgov.be/dpics/fichiers/2024-07-26-02-54-13_CCE20231540Projetdeloiportantdesmesuresdanslaluttecontrelesurendettement.pdf,https://www.ccecrb.fgov.be/p/fr/1084/procedure-pour-le-recouvrement-de-dettes-d-argent-a-l-egard-des-consommateurs
selected,avis,avis,consommation,Réforme du régime des clauses d’indexation de prix,2023-06-29,2023,0.264,0.793,216.158,648.475,avis/2024-07-26-02-14-41_CCE20231621Avissurlesclausesderevisiondesprix.pdf,yes,https://www.ccecrb.fgov.be/dpics/fichiers/2024-07-26-02-14-41_CCE20231621Avissurlesclausesderevisiondesprix.pdf,https://www.ccecrb.fgov.be/p/fr/1080/reforme-du-regime-des-clauses-d-indexation-de-prix
selected,avis,avis,consommation,Instruments de mesure pour des carburants liquides et d’autres combustibles liquides,2023-06-26,2023,0.278,0.835,216.437,649.31,avis/2024-07-26-02-01-42_CCE20231720Instrumentsdemesurepourcarburantsliquidesetautrescombustiblesliquides.pdf,yes,https://www.ccecrb.fgov.be/dpics/fichiers/2024-07-26-02-01-42_CCE20231720Instrumentsdemesurepourcarburantsliquidesetautrescombustiblesliquides.pdf,https://www.ccecrb.fgov.be/p/fr/1083/instruments-de-mesure-pour-des-carburants-liquides-et-d-autres-combustibles-liquides
selected,avis,avis,conseil central de l’économie,Étude FORBEG,2023-06-21,2023,0.105,0.314,216.541,649.624,avis/2024-07-26-01-54-16_CCE20231604Etudeforbeg.pdf,yes,https://www.ccecrb.fgov.be/dpics/fichiers/2024-07-26-01-54-16_CCE20231604Etudeforbeg.pdf,https://www.ccecrb.fgov.be/p/fr/1183/etude-forbeg
selected,rapport,rapport,secteurs,L'emploi dans le secteur de la distribution - Juin 2023,2023-06-19,2023,2.427,7.282,218.969,656.906,rapport/2024-08-12-02-44-21_CCE20231714DEFRapportemploi.pdf,yes,https://www.ccecrb.fgov.be/dpics/fichiers/2024-08-12-02-44-21_CCE20231714DEFRapportemploi.pdf,https://www.ccecrb.fgov.be/p/fr/1095/l-emploi-dans-le-secteur-de-la-distribution-juin-2023
selected,avis,avis,clauses abusives,Dispositions en matière de clauses abusives et de reconduction tacit pour les associations de copropriétaires,2023-06-16,2023,0.192,0.575,219.16,657.481,avis/2024-07-26-01-28-28_CCE20231541Projetdedispositionlegislativedeclarantapplicablesauxassociationsdecoproprietaireslesdispositionsenmatieredeclausesabusivesetdereconductiontacite.pdf,yes,https://www.ccecrb.fgov.be/dpics/fichiers/2024-07-26-01-28-28_CCE20231541Projetdedispositionlegislativedeclarantapplicablesauxassociationsdecoproprietaireslesdispositionsenmatieredeclausesabusivesetdereconductiontacite.pdf,https://www.ccecrb.fgov.be/p/fr/1079/dispositions-en-matiere-de-clauses-abusives-et-de-reconduction-tacit-pour-les-associations-de-coproprietaires
selected,actualite,actualité,secteurs,Le secteur de la construction demande l'extension et le maintien du taux de TVA de 6%.,2023-06-16,2023,0.071,0.213,219.231,657.694,actualite/2023-06-16-11-15-31_CCE20231506.pdf,yes,https://www.ccecrb.fgov.be/dpics/fichiers/2023-06-16-11-15-31_CCE20231506.pdf,https://www.ccecrb.fgov.be/p/fr/1076/le-secteur-de-la-construction-demande-l-extension-et-le-maintien-du-taux-de-tva-de-6-
selected,avis-conjoint,avis conjoint,consommation,La mise sur le marché des substances manufacturées à l’état nanoparticulaire,2023-06-09,2023,0.214,0.642,219.445,658.336,avis-conjoint/2023-06-12-01-36-32_CCE20231490Nanomateriaux.pdf,yes,https://www.ccecrb.fgov.be/dpics/fichiers/2023-06-12-01-36-32_CCE20231490Nanomateriaux.pdf,https://www.ccecrb.fgov.be/p/fr/1073/la-mise-sur-le-marche-des-substances-manufacturees-a-l-etat-nanoparticulaire
selected,avis,avis,consommation,Options de livraison pour la vente à distance,2023-06-07,2023,3.446,10.338,222.891,668.674,avis/2024-07-26-01-17-17_CCE20231420Avis.pdf,yes,https://www.ccecrb.fgov.be/dpics/fichiers/2024-07-26-01-17-17_CCE20231420Avis.pdf,https://www.ccecrb.fgov.be/p/fr/1072/options-de-livraison-pour-la-vente-a-distance
selected,avis,avis,clauses abusives,L’usage de certaines clauses dans les contrats d’intermédiaire d’immobilier conclus entre entreprises et consommateurs,2023-06-06,2023,0.193,0.578,223.084,669.252,avis/2024-07-26-10-20-55_CCE20231533Projetdarreteroyalrelatifalusagedecertainesclausesdanslescontratsdintermediairedimmobilierconclusentreentreprisesetconsommateur.pdf,yes,https://www.ccecrb.fgov.be/dpics/fichiers/2024-07-26-10-20-55_CCE20231533Projetdarreteroyalrelatifalusagedecertainesclausesdanslescontratsdintermediairedimmobilierconclusentreentreprisesetconsommateur.pdf,https://www.ccecrb.fgov.be/p/fr/1078/l-usage-de-certaines-clauses-dans-les-contrats-d-intermediaire-d-immobilier-conclus-entre-entreprises-et-consommateurs
selected,avis,avis,secteurs,Le secteur alimentaire réagit au plan de réforme fiscale,2023-06-06,2023,0.159,0.477,223.243,669.73,avis/2024-07-26-09-59-53_CCE20231412Secteuralimentaireplandereformefiscale.pdf,yes,https://www.ccecrb.fgov.be/dpics/fichiers/2024-07-26-09-59-53_CCE20231412Secteuralimentaireplandereformefiscale.pdf,https://www.ccecrb.fgov.be/p/fr/1075/le-secteur-alimentaire-reagit-au-plan-de-reforme-fiscale
selected,rapport,rapport,secteurs,L’évolution conjoncturelle dans le secteur de la construction– Mai 2023,2023-06-01,2023,1.304,3.911,224.547,673.641,rapport/2024-08-12-01-58-39_CCE20231349RapportdeconjonctureConstructionDEF.pdf,yes,https://www.ccecrb.fgov.be/dpics/fichiers/2024-08-12-01-58-39_CCE20231349RapportdeconjonctureConstructionDEF.pdf,https://www.ccecrb.fgov.be/p/fr/1069/l-evolution-conjoncturelle-dans-le-secteur-de-la-construction-mai-2023
selected,avis,avis,secteurs,Amélioration des conditions de travail des livreurs de colis,2023-05-30,2023,0.261,0.783,224.808,674.425,avis/2024-07-26-09-29-18_CCE20230914CNT2360Avis.pdf,yes,https://www.ccecrb.fgov.be/dpics/fichiers/2024-07-26-09-29-18_CCE20230914CNT2360Avis.pdf,https://www.ccecrb.fgov.be/p/fr/1071/amelioration-des-conditions-de-travail-des-livreurs-de-colis
selected,avis,avis,conseil central de l’économie,Programme de travail en matière sociale et d’emploi pour la présidence belge du Conseil de l’Union européenne,2023-05-30,2023,0.309,0.927,225.117,675.351,avis/2024-07-25-04-00-09_CCE20231375CNT2370Avis.pdf,yes,https://www.ccecrb.fgov.be/dpics/fichiers/2024-07-25-04-00-09_CCE20231375CNT2370Avis.pdf,https://www.ccecrb.fgov.be/p/fr/1070/programme-de-travail-en-matiere-sociale-et-d-emploi-pour-la-presidence-belge-du-conseil-de-l-union-europeenne
selected,avis,avis,clauses abusives,Obligation légale de transmettre des contrats en cas de saisine,2023-05-16,2023,0.147,0.441,225.264,675.792,avis/2024-07-25-02-28-58_CCE20231466Obligationlegaledetransmettredescontratsencasdesaisinedelaccsclausesabusives.pdf,yes,https://www.ccecrb.fgov.be/dpics/fichiers/2024-07-25-02-28-58_CCE20231466Obligationlegaledetransmettredescontratsencasdesaisinedelaccsclausesabusives.pdf,https://www.ccecrb.fgov.be/p/fr/1074/obligation-legale-de-transmettre-des-contrats-en-cas-de-saisine
selected,avis,avis,consommation,Extension de la garantie légale aux consommateurs dans le cadre d’un contrat de services,2023-05-02,2023,0.198,0.594,225.462,676.387,avis/2024-07-25-02-22-35_CCE20231159Extensiondelagarantielegaleauxconsommateursdanslecadreduncontratdeservices.pdf,yes,https://www.ccecrb.fgov.be/dpics/fichiers/2024-07-25-02-22-35_CCE20231159Extensiondelagarantielegaleauxconsommateursdanslecadreduncontratdeservices.pdf,https://www.ccecrb.fgov.be/p/fr/1063/extension-de-la-garantie-legale-aux-consommateurs-dans-le-cadre-d-un-contrat-de-services
selected,avis,avis,conseil central de l’économie,Contribution des conseils consultatifs au Programme national de réforme 2023,2023-04-26,2023,0.266,0.799,225.729,677.186,avis/2024-07-25-02-18-09_CCE20231090CNTAvisPNR2.362.pdf,yes,https://www.ccecrb.fgov.be/dpics/fichiers/2024-07-25-02-18-09_CCE20231090CNTAvisPNR2.362.pdf,https://www.ccecrb.fgov.be/p/fr/1062/contribution-des-conseils-consultatifs-au-programme-national-de-reforme-2023
selected,avis,avis,concurrence,La révision de trois arrêtés d’exécution du livre IV CDE,2023-04-18,2023,0.11,0.33,225.839,677.516,avis/2025-04-22-04-04-33_CCE20231015Avissurunavantprojetd_ARportantrevisiondetroisARdexecutiondulivreIVCDE.pdf,yes,https://www.ccecrb.fgov.be/dpics/fichiers/2025-04-22-04-04-33_CCE20231015Avissurunavantprojetd'ARportantrévisiondetroisARdexécutiondulivreIVCDE.pdf,https://www.ccecrb.fgov.be/p/fr/1061/la-revision-de-trois-arretes-d-execution-du-livre-iv-cde
selected,avis,avis,conseil central de l’économie,La création et la gestion du Federal Learning Account dans le contexte de l’Individual Learning Account,2023-04-06,2023,0.292,0.876,226.131,678.392,avis/2024-07-25-12-16-55_CCE20230913Projetdeloirelatifalacreationetlagestiondufederallearningaccountfladanslecontextedelindividuallearningaccountila.pdf,yes,https://www.ccecrb.fgov.be/dpics/fichiers/2024-07-25-12-16-55_CCE20230913Projetdeloirelatifalacreationetlagestiondufederallearningaccountfladanslecontextedelindividuallearningaccountila.pdf,https://www.ccecrb.fgov.be/p/fr/1059/la-creation-et-la-gestion-du-federal-learning-account-dans-le-contexte-de-l-individual-learning-account
selected,rapport,rapport,secteurs,L'emploi dans l'industrie alimentaire,2023-03-28,2023,0.929,2.788,227.06,681.18,rapport/2024-08-12-01-24-54_CCE20230776Rapportsurlemploidanslindustriealimentaire.pdf,yes,https://www.ccecrb.fgov.be/dpics/fichiers/2024-08-12-01-24-54_CCE20230776Rapportsurlemploidanslindustriealimentaire.pdf,https://www.ccecrb.fgov.be/p/fr/1053/l-emploi-dans-l-industrie-alimentaire
selected,avis,avis,consommation,l'Interdiction de l'exportation de certains produits chimiques dangereux,2023-03-27,2023,0.39,1.171,227.45,682.351,avis/2023-03-30-04-19-38_CCE20230820Avis.pdf,yes,https://www.ccecrb.fgov.be/dpics/fichiers/2023-03-30-04-19-38_CCE20230820Avis.pdf,https://www.ccecrb.fgov.be/p/fr/1054/l-interdiction-de-l-exportation-de-certains-produits-chimiques-dangereux
selected,avis,avis,conseil central de l’économie,La rénovation du parc locatif résidentiel et du parc de copropriétés,2023-03-22,2023,0.356,1.068,227.806,683.419,avis/2024-07-25-12-00-10_CCE20230800Avis.pdf,yes,https://www.ccecrb.fgov.be/dpics/fichiers/2024-07-25-12-00-10_CCE20230800Avis.pdf,https://www.ccecrb.fgov.be/p/fr/1051/la-renovation-du-parc-locatif-residentiel-et-du-parc-de-coproprietes
selected,rapport,rapport,secteurs,L'emploi dans le secteur de la chimie,2023-03-13,2023,1.311,3.932,229.117,687.351,rapport/2023-03-13-05-10-21_doc230636fr.pdf,yes,https://www.ccecrb.fgov.be/dpics/fichiers/2023-03-13-05-10-21_doc230636fr.pdf,https://www.ccecrb.fgov.be/p/fr/1049/l-emploi-dans-le-secteur-de-la-chimie
selected,rapport,rapport,conseil central de l’économie,Éléments factuels sur le système de pensions belge,2023-03-08,2023,5.985,17.956,235.102,705.307,rapport/2024-08-20-02-12-48_CCE20230652CNT130Rapportpensionselementsfactuels.pdf,yes,https://www.ccecrb.fgov.be/dpics/fichiers/2024-08-20-02-12-48_CCE20230652CNT130Rapportpensionsélémentsfactuels.pdf,https://www.ccecrb.fgov.be/p/fr/1048/elements-factuels-sur-le-systeme-de-pensions-belge
selected,rapport,rapport,conseil central de l’économie,Éléments factuels sur le système de pensions belge,2023-03-08,2023,1.294,3.883,236.397,709.19,rapport/2023-03-06-04-28-07_CRB20230081NARP.D.2301PresentatieFodWaso17.01.2023.pdf,yes,https://www.ccecrb.fgov.be/dpics/fichiers/2023-03-06-04-28-07_CRB20230081NARP.D.2301PresentatieFodWaso17.01.2023.pdf,https://www.ccecrb.fgov.be/p/fr/1048/elements-factuels-sur-le-systeme-de-pensions-belge
selected,rapport,rapport,conseil central de l’économie,Éléments factuels sur le système de pensions belge,2023-03-08,2023,2.465,7.394,238.861,716.584,rapport/2023-03-06-04-17-43_CRB20223123NARP.D.2236PresentatieprofdrSpinnewijn06.12.2022.pdf,yes,https://www.ccecrb.fgov.be/dpics/fichiers/2023-03-06-04-17-43_CRB20223123NARP.D.2236PresentatieprofdrSpinnewijn06.12.2022.pdf,https://www.ccecrb.fgov.be/p/fr/1048/elements-factuels-sur-le-systeme-de-pensions-belge
selected,rapport,rapport,conseil central de l’économie,Éléments factuels sur le système de pensions belge,2023-03-08,2023,5.97,17.911,244.832,734.495,rapport/2023-03-06-04-14-52_CRB20223115NARP.D.2235CompendiumantwoordenDEEL2_light.pdf,yes,https://www.ccecrb.fgov.be/dpics/fichiers/2023-03-06-04-14-52_CRB20223115NARP.D.2235CompendiumantwoordenDEEL2_light.pdf,https://www.ccecrb.fgov.be/p/fr/1048/elements-factuels-sur-le-systeme-de-pensions-belge
selected,rapport,rapport,conseil central de l’économie,Éléments factuels sur le système de pensions belge,2023-03-08,2023,0.719,2.157,245.551,736.652,rapport/2023-03-06-03-48-00_CRB20223034NARP.D.2232PresentatieP.Roels29.11.2022_NL.pdf,yes,https://www.ccecrb.fgov.be/dpics/fichiers/2023-03-06-03-48-00_CRB20223034NARP.D.2232PresentatieP.Roels29.11.2022_NL.pdf,https://www.ccecrb.fgov.be/p/fr/1048/elements-factuels-sur-le-systeme-de-pensions-belge
selected,rapport,rapport,conseil central de l’économie,Éléments factuels sur le système de pensions belge,2023-03-08,2023,0.439,1.317,245.99,737.969,rapport/2023-03-06-03-46-30_CRB20222909NARP.D.2230PresentatieprofdrRayp22.11.2022.pdf,yes,https://www.ccecrb.fgov.be/dpics/fichiers/2023-03-06-03-46-30_CRB20222909NARP.D.2230PresentatieprofdrRayp22.11.2022.pdf,https://www.ccecrb.fgov.be/p/fr/1048/elements-factuels-sur-le-systeme-de-pensions-belge
selected,rapport,rapport,conseil central de l’économie,Éléments factuels sur le système de pensions belge,2023-03-08,2023,0.516,1.547,246.505,739.515,rapport/2023-03-06-03-45-31_CRB20222908NARP.D.2229PresentatieP.Roels22.11.2022_NL.pdf,yes,https://www.ccecrb.fgov.be/dpics/fichiers/2023-03-06-03-45-31_CRB20222908NARP.D.2229PresentatieP.Roels22.11.2022_NL.pdf,https://www.ccecrb.fgov.be/p/fr/1048/elements-factuels-sur-le-systeme-de-pensions-belge
selected,rapport,rapport,conseil central de l’économie,Éléments factuels sur le système de pensions belge,2023-03-08,2023,1.133,3.4,247.638,742.915,rapport/2023-03-06-03-44-46_CRB20222854NARP.D.2228CompendiumantwoordenDEEL1.pdf,yes,https://www.ccecrb.fgov.be/dpics/fichiers/2023-03-06-03-44-46_CRB20222854NARP.D.2228CompendiumantwoordenDEEL1.pdf,https://www.ccecrb.fgov.be/p/fr/1048/elements-factuels-sur-le-systeme-de-pensions-belge
selected,rapport,rapport,conseil central de l’économie,Éléments factuels sur le système de pensions belge,2023-03-08,2023,1.388,4.164,249.026,747.079,rapport/2023-03-06-03-43-49_CRB20222797NARP.D.2226Presentatieprof.dr.Alofs8.11.2022.pdf,yes,https://www.ccecrb.fgov.be/dpics/fichiers/2023-03-06-03-43-49_CRB20222797NARP.D.2226Presentatieprof.dr.Alofs8.11.2022.pdf,https://www.ccecrb.fgov.be/p/fr/1048/elements-factuels-sur-le-systeme-de-pensions-belge
selected,rapport,rapport,conseil central de l’économie,Éléments factuels sur le système de pensions belge,2023-03-08,2023,0.674,2.022,249.7,749.101,rapport/2023-03-06-03-41-51_CRB20222796NARP.D.2225PresentatieprofdrStevens8.11.2022.pdf,yes,https://www.ccecrb.fgov.be/dpics/fichiers/2023-03-06-03-41-51_CRB20222796NARP.D.2225PresentatieprofdrStevens8.11.2022.pdf,https://www.ccecrb.fgov.be/p/fr/1048/elements-factuels-sur-le-systeme-de-pensions-belge
selected,rapport,rapport,conseil central de l’économie,Éléments factuels sur le système de pensions belge,2023-03-08,2023,0.221,0.663,249.921,749.764,rapport/2023-03-06-03-40-55_CRB20222719NARP.D.2223PresentationF.Blank26.10.2022.pdf,yes,https://www.ccecrb.fgov.be/dpics/fichiers/2023-03-06-03-40-55_CRB20222719NARP.D.2223PresentationF.Blank26.10.2022.pdf,https://www.ccecrb.fgov.be/p/fr/1048/elements-factuels-sur-le-systeme-de-pensions-belge
selected,rapport,rapport,conseil central de l’économie,Éléments factuels sur le système de pensions belge,2023-03-08,2023,2.118,6.353,252.039,756.117,rapport/2023-03-06-03-40-23_CRB20222645NARP.D.2222PresentatieprofdrVanroelen26.10.2022.pdf,yes,https://www.ccecrb.fgov.be/dpics/fichiers/2023-03-06-03-40-23_CRB20222645NARP.D.2222PresentatieprofdrVanroelen26.10.2022.pdf,https://www.ccecrb.fgov.be/p/fr/1048/elements-factuels-sur-le-systeme-de-pensions-belge
selected,rapport,rapport,conseil central de l’économie,Éléments factuels sur le système de pensions belge,2023-03-08,2023,0.248,0.744,252.287,756.86,rapport/2023-03-06-03-31-08_CCE20222549CNTP.D.2221PresentationprofdrThiry18.10.2022.pdf,yes,https://www.ccecrb.fgov.be/dpics/fichiers/2023-03-06-03-31-08_CCE20222549CNTP.D.2221Pr%C3%A9sentationprofdrThiry18.10.2022.pdf,https://www.ccecrb.fgov.be/p/fr/1048/elements-factuels-sur-le-systeme-de-pensions-belge
selected,rapport,rapport,conseil central de l’économie,Éléments factuels sur le système de pensions belge,2023-03-08,2023,1.175,3.525,253.462,760.386,rapport/2023-03-06-03-29-02_CCE20222492CNTP.D.2218PresentationprofesseurHindriks12.10.2022.pdf,yes,https://www.ccecrb.fgov.be/dpics/fichiers/2023-03-06-03-29-02_CCE20222492CNTP.D.2218Pr%C3%A9sentationprofesseurHindriks12.10.2022.pdf,https://www.ccecrb.fgov.be/p/fr/1048/elements-factuels-sur-le-systeme-de-pensions-belge
selected,avis,avis,conseil central de l’économie,"La soutenabilité financière et sociale des pensions, le deuxième pilier et la dimension familiale des pensions",2023-03-08,2023,0.268,0.803,253.729,761.188,avis/2024-07-25-11-45-26_CCE20230653Soutenabilitefinanciereetsocialedespensionsledeuxiemepilieretladimensionfamilialedespensions.pdf,yes,https://www.ccecrb.fgov.be/dpics/fichiers/2024-07-25-11-45-26_CCE20230653Soutenabilitefinanciereetsocialedespensionsledeuxiemepilieretladimensionfamilialedespensions.pdf,https://www.ccecrb.fgov.be/p/fr/1046/la-soutenabilite-financiere-et-sociale-des-pensions-le-deuxieme-pilier-et-la-dimension-familiale-des-pensions
selected,avis,avis,clauses abusives,Clauses relatives à la durée et à la résiliation dans les contrats relatifs à l’utilisation des terminaux bancaires,2023-03-02,2023,0.304,0.911,254.033,762.1,avis/2024-07-25-11-37-59_CCE20230602Clausesenmatierededureeetderesiliationdanslescontratsdutilisationdeterminauxdepaiement.pdf,yes,https://www.ccecrb.fgov.be/dpics/fichiers/2024-07-25-11-37-59_CCE20230602Clausesenmatierededureeetderesiliationdanslescontratsdutilisationdeterminauxdepaiement.pdf,https://www.ccecrb.fgov.be/p/fr/1058/clauses-relatives-a-la-duree-et-a-la-resiliation-dans-les-contrats-relatifs-a-l-utilisation-des-terminaux-bancaires
selected,avis,avis,secteurs,Les concessions pour la distribution de journaux et périodiques reconnus,2023-03-01,2023,0.224,0.673,254.258,762.773,avis/2024-07-25-11-27-18_CCE20230552Concessionspourladistributiondejournauxetperiodiquesreconnus20242028.pdf,yes,https://www.ccecrb.fgov.be/dpics/fichiers/2024-07-25-11-27-18_CCE20230552Concessionspourladistributiondejournauxetperiodiquesreconnus20242028.pdf,https://www.ccecrb.fgov.be/p/fr/1050/les-concessions-pour-la-distribution-de-journaux-et-periodiques-reconnus
selected,avis,avis,conseil central de l’économie,La révision du Plan National Énergie-Climat 2030,2023-02-16,2023,0.389,1.167,254.647,763.94,avis/2024-07-25-11-12-15_CCE20230301Revisionduplannationalenergieclimat2030.pdf,yes,https://www.ccecrb.fgov.be/dpics/fichiers/2024-07-25-11-12-15_CCE20230301Revisionduplannationalenergieclimat2030.pdf,https://www.ccecrb.fgov.be/p/fr/1043/la-revision-du-plan-national-energie-climat-2030
selected,avis,avis,consommation,Prime de pouvoir d’achat,2023-02-14,2023,0.173,0.519,254.82,764.459,avis/2024-07-25-10-57-10_CCE20230380Projetdarreteroyalconcernantlaprimepouvoirdachat.pdf,yes,https://www.ccecrb.fgov.be/dpics/fichiers/2024-07-25-10-57-10_CCE20230380Projetdarreteroyalconcernantlaprimepouvoirdachat.pdf,https://www.ccecrb.fgov.be/p/fr/1042/prime-de-pouvoir-d-achat
selected,avis,avis,consommation,Vers de nouvelles règles pour les ventes groupées et pour le délai de zérotage pour les contrats de crédit,2023-02-10,2023,0.194,0.583,255.014,765.042,avis/2024-07-25-10-52-16_CCE20230340Ventesgroupeesetdelaidezerotagepourlescontratsdecredit.pdf,yes,https://www.ccecrb.fgov.be/dpics/fichiers/2024-07-25-10-52-16_CCE20230340Ventesgroupeesetdelaidezerotagepourlescontratsdecredit.pdf,https://www.ccecrb.fgov.be/p/fr/1041/vers-de-nouvelles-regles-pour-les-ventes-groupees-et-pour-le-delai-de-zerotage-pour-les-contrats-de-credit
selected,avis-conjoint,avis conjoint,conseil central de l’économie,Produits à usage unique,2023-02-06,2023,0.425,1.274,255.438,766.315,avis-conjoint/2023-02-07-04-36-38_CCE20230300Avis.pdf,yes,https://www.ccecrb.fgov.be/dpics/fichiers/2023-02-07-04-36-38_CCE20230300Avis.pdf,https://www.ccecrb.fgov.be/p/fr/1040/produits-a-usage-unique
selected,rapport,rapport,conseil central de l’économie,État des lieux des finances publiques belges,2023-01-24,2023,0.609,1.828,256.048,768.144,rapport/2023-01-25-09-48-46_doc230130fr.pdf,yes,https://www.ccecrb.fgov.be/dpics/fichiers/2023-01-25-09-48-46_doc230130fr.pdf,https://www.ccecrb.fgov.be/p/fr/1038/etat-des-lieux-des-finances-publiques-belges
selected,avis,avis,conseil central de l’économie,Promouvoir l’usage du vélo pour les déplacements domicile-travail,2023-01-24,2023,0.316,0.947,256.364,769.091,avis/2023-01-25-12-03-37_doc230175fr.pdf,yes,https://www.ccecrb.fgov.be/dpics/fichiers/2023-01-25-12-03-37_doc230175fr.pdf,https://www.ccecrb.fgov.be/p/fr/1039/promouvoir-l-usage-du-velo-pour-les-deplacements-domicile-travail
selected,avis,avis,conseil central de l’économie,Les nouveaux tarifs et les abonnements flexibles de la SNCB,2023-01-24,2023,0.339,1.018,256.703,770.109,avis/2023-01-24-05-02-41_doc230123fr.pdf,yes,https://www.ccecrb.fgov.be/dpics/fichiers/2023-01-24-05-02-41_doc230123fr.pdf,https://www.ccecrb.fgov.be/p/fr/1037/les-nouveaux-tarifs-et-les-abonnements-flexibles-de-la-sncb
selected,rapport,rapport,conseil central de l’économie,Les trois autres rapports 2022 sur les coûts salariaux,2022-12-21,2022,0.34,1.019,257.043,771.128,rapport/2022-12-22-12-22-55_doc223304fr.pdf,yes,https://www.ccecrb.fgov.be/dpics/fichiers/2022-12-22-12-22-55_doc223304fr.pdf,https://www.ccecrb.fgov.be/p/fr/1035/les-trois-autres-rapports-2022-sur-les-couts-salariaux
selected,rapport,rapport,conseil central de l’économie,Les trois autres rapports 2022 sur les coûts salariaux,2022-12-21,2022,0.502,1.507,257.545,772.635,rapport/2022-12-22-12-19-38_doc223303fr.pdf,yes,https://www.ccecrb.fgov.be/dpics/fichiers/2022-12-22-12-19-38_doc223303fr.pdf,https://www.ccecrb.fgov.be/p/fr/1035/les-trois-autres-rapports-2022-sur-les-couts-salariaux
selected,rapport,rapport,conseil central de l’économie,Les trois autres rapports 2022 sur les coûts salariaux,2022-12-21,2022,0.383,1.149,257.928,773.785,rapport/2022-12-22-11-50-20_doc223302fr.pdf,yes,https://www.ccecrb.fgov.be/dpics/fichiers/2022-12-22-11-50-20_doc223302fr.pdf,https://www.ccecrb.fgov.be/p/fr/1035/les-trois-autres-rapports-2022-sur-les-couts-salariaux
selected,avis,avis,conseil central de l’économie,La productivité à l’épreuve des crises sanitaire et énergétique,2022-12-21,2022,0.392,1.177,258.321,774.962,avis/2022-12-22-01-46-33_doc223280fr.pdf,yes,https://www.ccecrb.fgov.be/dpics/fichiers/2022-12-22-01-46-33_doc223280fr.pdf,https://www.ccecrb.fgov.be/p/fr/1033/la-productivite-a-l-epreuve-des-crises-sanitaire-et-energetique
selected,avis,avis,conseil central de l’économie,"Transformations, fusions et scissions transfrontalières - Protection des travailleurs",2022-12-20,2022,0.297,0.891,258.618,775.853,avis/2022-12-22-02-26-24_doc223300fr.pdf,yes,https://www.ccecrb.fgov.be/dpics/fichiers/2022-12-22-02-26-24_doc223300fr.pdf,https://www.ccecrb.fgov.be/p/fr/1036/transformations-fusions-et-scissions-transfrontalieres-protection-des-travailleurs
selected,avis,avis,conseil central de l’économie,"Le rapport du Service de lutte contre la pauvreté, la précarité et l’exclusion sociale",2022-12-20,2022,0.421,1.262,259.038,777.114,avis/2022-12-22-01-52-08_doc223301fr.pdf,yes,https://www.ccecrb.fgov.be/dpics/fichiers/2022-12-22-01-52-08_doc223301fr.pdf,https://www.ccecrb.fgov.be/p/fr/1034/le-rapport-du-service-de-lutte-contre-la-pauvrete-la-precarite-et-l-exclusion-sociale
selected,avis,avis,clauses abusives,Crise en Ukraine : certaines clauses dans la chaîne agricole et alimentaire,2022-12-15,2022,0.383,1.148,259.421,778.262,avis/2022-12-15-10-01-38_CCE20223060Avis.pdf,yes,https://www.ccecrb.fgov.be/dpics/fichiers/2022-12-15-10-01-38_CCE20223060Avis.pdf,https://www.ccecrb.fgov.be/p/fr/1031/crise-en-ukraine-certaines-clauses-dans-la-chaine-agricole-et-alimentaire
selected,avis-conjoint,avis conjoint,conseil central de l’économie,Mise sur le marché de produits de purification de l’air et de CO2-mètres,2022-12-01,2022,0.376,1.128,259.797,779.39,avis-conjoint/2022-12-02-02-20-28_CCE20222990Avis.pdf,yes,https://www.ccecrb.fgov.be/dpics/fichiers/2022-12-02-02-20-28_CCE20222990Avis.pdf,https://www.ccecrb.fgov.be/p/fr/1027/mise-sur-le-marche-de-produits-de-purification-de-l-air-et-de-co2-metres
selected,avis,avis,conseil central de l’économie,Budget mobilité : préciser le calcul et accorder l’indexation,2022-11-29,2022,0.372,1.116,260.169,780.506,avis/2022-11-30-11-40-17_doc223051fr.pdf,yes,https://www.ccecrb.fgov.be/dpics/fichiers/2022-11-30-11-40-17_doc223051fr.pdf,https://www.ccecrb.fgov.be/p/fr/1030/budget-mobilite-preciser-le-calcul-et-accorder-l-indexation
selected,avis,avis,conseil central de l’économie,Budget mobilité : préciser le calcul et accorder l’indexation,2022-11-29,2022,0.347,1.042,260.516,781.549,avis/2022-11-30-11-38-51_doc223050fr.pdf,yes,https://www.ccecrb.fgov.be/dpics/fichiers/2022-11-30-11-38-51_doc223050fr.pdf,https://www.ccecrb.fgov.be/p/fr/1030/budget-mobilite-preciser-le-calcul-et-accorder-l-indexation
selected,avis-conjoint,avis conjoint,consommation,La mise à disposition sur le marché et à l’utilisation des produits biocides,2022-11-23,2022,0.335,1.006,260.851,782.554,avis-conjoint/2022-11-24-02-19-54_CCE20223000Avis.pdf,yes,https://www.ccecrb.fgov.be/dpics/fichiers/2022-11-24-02-19-54_CCE20223000Avis.pdf,https://www.ccecrb.fgov.be/p/fr/1026/la-mise-a-disposition-sur-le-marche-et-a-l-utilisation-des-produits-biocides
selected,avis,avis,consommation,Actions représentatives visant à protéger les intérêts collectifs des consommateurs et des PME,2022-11-21,2022,0.304,0.911,261.155,783.465,avis/2022-11-21-01-44-12_CCE20222910Avis.pdf,yes,https://www.ccecrb.fgov.be/dpics/fichiers/2022-11-21-01-44-12_CCE20222910Avis.pdf,https://www.ccecrb.fgov.be/p/fr/1029/actions-representatives-visant-a-proteger-les-interets-collectifs-des-consommateurs-et-des-pme
selected,avis,avis,consommation,Restrictions sur la commercialisation de monnaies virtuelles auprès des consommateurs,2022-11-21,2022,0.263,0.788,261.418,784.253,avis/2022-11-21-01-42-45_CCE20222930Avis.pdf,yes,https://www.ccecrb.fgov.be/dpics/fichiers/2022-11-21-01-42-45_CCE20222930Avis.pdf,https://www.ccecrb.fgov.be/p/fr/1028/restrictions-sur-la-commercialisation-de-monnaies-virtuelles-aupres-des-consommateurs
selected,avis-conjoint,avis conjoint,conseil central de l’économie,Indice de réparabilité et de longévité,2022-11-16,2022,0.442,1.326,261.86,785.579,avis-conjoint/2022-11-16-02-27-33_CCE20222848Avis.pdf,yes,https://www.ccecrb.fgov.be/dpics/fichiers/2022-11-16-02-27-33_CCE20222848Avis.pdf,https://www.ccecrb.fgov.be/p/fr/1025/indice-de-reparabilite-et-de-longevite
selected,avis,avis,conseil central de l’économie,"Vers des marchés publics plus durables, qui soutiennent l’activité et l’emploi local",2022-11-03,2022,0.368,1.104,262.228,786.683,avis/2022-11-03-09-29-47_CCE20222610AvisMarchespublicsdurablesDEF.pdf,yes,https://www.ccecrb.fgov.be/dpics/fichiers/2022-11-03-09-29-47_CCE20222610AvisMarchéspublicsdurablesDEF.pdf,https://www.ccecrb.fgov.be/p/fr/1020/vers-des-marches-publics-plus-durables-qui-soutiennent-l-activite-et-l-emploi-local
selected,avis,avis,conseil central de l’économie,Frais de publicité des comptes annuels et autres documents à déposer,2022-10-26,2022,0.277,0.831,262.505,787.515,avis/2022-10-26-11-17-54_CCE20222700Avis.pdf,yes,https://www.ccecrb.fgov.be/dpics/fichiers/2022-10-26-11-17-54_CCE20222700Avis.pdf,https://www.ccecrb.fgov.be/p/fr/1018/frais-de-publicite-des-comptes-annuels-et-autres-documents-a-deposer
selected,rapport,rapport,secteurs,L’évolution conjoncturelle dans le secteur de la construction,2022-10-25,2022,0.766,2.298,263.271,789.813,rapport/2022-11-08-11-05-24_CCE20222609.pdf,yes,https://www.ccecrb.fgov.be/dpics/fichiers/2022-11-08-11-05-24_CCE20222609.pdf,https://www.ccecrb.fgov.be/p/fr/1023/l-evolution-conjoncturelle-dans-le-secteur-de-la-construction
selected,rapport,rapport,conseil central de l’économie,Rapport technique du secrétariat 2022,2022-10-25,2022,0.41,1.23,263.681,791.043,rapport/2022-11-08-03-18-16_CCE20222607RT2022dusecretariat.pdf,yes,https://www.ccecrb.fgov.be/dpics/fichiers/2022-11-08-03-18-16_CCE20222607RT2022dusecrétariat.pdf,https://www.ccecrb.fgov.be/p/fr/1019/rapport-technique-du-secretariat-2022
selected,rapport,rapport,conseil central de l’économie,L’usage du vélo dans le cadre des déplacements domicile-travail,2022-10-25,2022,0.707,2.122,264.388,793.164,rapport/2022-10-25-05-23-33_CCE20222655Lusageduvelodeplacementsdomiciletravail.pdf,yes,https://www.ccecrb.fgov.be/dpics/fichiers/2022-10-25-05-23-33_CCE20222655L’usageduvélodéplacementsdomiciletravail.pdf,https://www.ccecrb.fgov.be/p/fr/1017/l-usage-du-velo-dans-le-cadre-des-deplacements-domicile-travail
selected,avis,avis,conseil central de l’économie,Des conditions de concurrence équitables dans le secteur de la livraison de colis,2022-10-25,2022,0.281,0.843,264.669,794.007,avis/2022-11-08-05-15-36_CCE20222600CNT2.321DEFSIte.pdf,yes,https://www.ccecrb.fgov.be/dpics/fichiers/2022-11-08-05-15-36_CCE20222600CNT2.321DEFSIte.pdf,https://www.ccecrb.fgov.be/p/fr/1024/des-conditions-de-concurrence-equitables-dans-le-secteur-de-la-livraison-de-colis
selected,avis,avis,consommation,Communications téléphoniques non souhaitées dans le cadre du marketing direct,2022-10-20,2022,0.323,0.969,264.992,794.977,avis/2022-10-20-03-31-46_CCE20222570Avis.pdf,yes,https://www.ccecrb.fgov.be/dpics/fichiers/2022-10-20-03-31-46_CCE20222570Avis.pdf,https://www.ccecrb.fgov.be/p/fr/1016/communications-telephoniques-non-souhaitees-dans-le-cadre-du-marketing-direct
selected,avis,avis,consommation,"Procédure de réactivation des titres-repas, éco-chèques et chèques consommation électroniques",2022-10-06,2022,0.311,0.933,265.303,795.91,avis/2022-10-11-10-27-24_CCE20222420Avis.pdf,yes,https://www.ccecrb.fgov.be/dpics/fichiers/2022-10-11-10-27-24_CCE20222420Avis.pdf,https://www.ccecrb.fgov.be/p/fr/1015/procedure-de-reactivation-des-titres-repas-eco-cheques-et-cheques-consommation-electroniques
selected,note-documentaire,note documentaire,conseil central de l’économie,Une analyse du modèle de croissance belge,2022-09-30,2022,0.941,2.823,266.244,798.733,note-documentaire/2022-09-30-01-36-11_doc222314fr.pdf,yes,https://www.ccecrb.fgov.be/dpics/fichiers/2022-09-30-01-36-11_doc222314fr.pdf,https://www.ccecrb.fgov.be/p/fr/1014/une-analyse-du-modele-de-croissance-belge
selected,actualite,actualité,secteurs,"Appel à l’intensification de l’investissement dans le logement abordable, durable et de qualité",2022-09-29,2022,0.053,0.16,266.298,798.893,actualite/2022-09-29-04-02-48_CommuniquedePresseCommunicationConstruction.pdf,yes,https://www.ccecrb.fgov.be/dpics/fichiers/2022-09-29-04-02-48_Communiqu%C3%A9dePresseCommunicationConstruction.pdf,https://www.ccecrb.fgov.be/p/fr/1013/appel-a-l-intensification-de-l-investissement-dans-le-logement-abordable-durable-et-de-qualite
selected,avis,avis,conseil central de l’économie,Comptes consolidés des entreprises d'assurance et de réassurance,2022-09-23,2022,0.328,0.983,266.625,799.876,avis/2022-09-23-03-38-20_CCE20222160AvisComptesconsolidesdesentreprises.pdf,yes,https://www.ccecrb.fgov.be/dpics/fichiers/2022-09-23-03-38-20_CCE20222160AvisComptesconsolidésdesentreprises.pdf,https://www.ccecrb.fgov.be/p/fr/1012/comptes-consolides-des-entreprises-d-assurance-et-de-reassurance
selected,avis,avis,conseil central de l’économie,Pour une poursuite du développement de l’eBox,2022-09-22,2022,0.379,1.136,267.004,801.012,avis/2022-09-22-03-16-01_CCE20222255Echangeelectroniquedemessages.pdf,yes,https://www.ccecrb.fgov.be/dpics/fichiers/2022-09-22-03-16-01_CCE20222255Échangeélectroniquedemessages.pdf,https://www.ccecrb.fgov.be/p/fr/1011/pour-une-poursuite-du-developpement-de-l-ebox
selected,rapport,rapport,conseil central de l’économie,Insertion des jeunes sur le marché du travail et impact de la crise du COVID-19,2022-09-21,2022,0.659,1.977,267.663,802.989,rapport/2022-09-23-09-39-22_CCE20222210Rapportjeunes.pdf,yes,https://www.ccecrb.fgov.be/dpics/fichiers/2022-09-23-09-39-22_CCE20222210Rapportjeunes.pdf,https://www.ccecrb.fgov.be/p/fr/1010/insertion-des-jeunes-sur-le-marche-du-travail-et-impact-de-la-crise-du-covid-19
selected,article,article,conseil central de l’économie,Changements (para)fiscaux pour une mobilité plus durable et multimodale,2022-09-15,2022,0.151,0.452,267.814,803.441,article/2022-09-16-11-01-49_changements.pdf,yes,https://www.ccecrb.fgov.be/dpics/fichiers/2022-09-16-11-01-49_changements.pdf,https://www.ccecrb.fgov.be/p/fr/1005/changements-para-fiscaux-pour-une-mobilite-plus-durable-et-multimodale
selected,article,article,conseil central de l’économie,Les indemnités pour les déplacements professionnels et leur traitement (para)fiscal,2022-09-15,2022,0.128,0.383,267.941,803.824,article/2022-09-15-08-51-21_deplacements_professionnels.pdf,yes,https://www.ccecrb.fgov.be/dpics/fichiers/2022-09-15-08-51-21_déplacements_professionnels.pdf,https://www.ccecrb.fgov.be/p/fr/1006/les-indemnites-pour-les-deplacements-professionnels-et-leur-traitement-para-fiscal
selected,article,article,conseil central de l’économie,Impact de la hausse des prix du carburant sur les déplacements domicile-travail,2022-09-15,2022,0.116,0.347,268.057,804.171,article/2022-09-14-11-05-51_1_Impact_fr.pdf,yes,https://www.ccecrb.fgov.be/dpics/fichiers/2022-09-14-11-05-51_1_Impact_fr.pdf,https://www.ccecrb.fgov.be/p/fr/1004/impact-de-la-hausse-des-prix-du-carburant-sur-les-deplacements-domicile-travail
selected,article,article,conseil central de l’économie,Fiscalité et parafiscalité des déplacements domicile-travail,2022-09-15,2022,0.537,1.611,268.594,805.781,article/2022-09-14-04-30-52__para_fiscal_fr.pdf,yes,https://www.ccecrb.fgov.be/dpics/fichiers/2022-09-14-04-30-52_(para)fiscal_fr.pdf,https://www.ccecrb.fgov.be/p/fr/756/fiscalite-et-parafiscalite-des-deplacements-domicile-travail
selected,article,article,conseil central de l’économie,Il reste du travail à accomplir pour combiner le train et le vélo,2022-09-15,2022,0.171,0.514,268.765,806.296,article/2022-09-13-02-36-47_2_complementarite_train_velo.pdf,yes,https://www.ccecrb.fgov.be/dpics/fichiers/2022-09-13-02-36-47_2_complémentarité_train_vélo.pdf,https://www.ccecrb.fgov.be/p/fr/1003/il-reste-du-travail-a-accomplir-pour-combiner-le-train-et-le-velo
selected,avis,avis,consommation,Articles pyrotechniques,2022-09-13,2022,0.316,0.947,269.081,807.243,avis/2022-09-14-11-36-25_CCE20222130Avisarticlespyrotechniques.pdf,yes,https://www.ccecrb.fgov.be/dpics/fichiers/2022-09-14-11-36-25_CCE20222130Avisarticlespyrotechniques.pdf,https://www.ccecrb.fgov.be/p/fr/1002/articles-pyrotechniques
selected,avis,avis,consommation,Consommateurs et secteur de la construction,2022-09-12,2022,0.617,1.852,269.698,809.094,avis/2022-09-12-03-54-11_CCE20222050Consommateursetsecteurdelaconstruction.pdf,yes,https://www.ccecrb.fgov.be/dpics/fichiers/2022-09-12-03-54-11_CCE20222050Consommateursetsecteurdelaconstruction.pdf,https://www.ccecrb.fgov.be/p/fr/1001/consommateurs-et-secteur-de-la-construction
selected,avis-conjoint,avis conjoint,conseil central de l’économie,Restructuration et insolvabilité,2022-07-20,2022,0.408,1.225,270.106,810.319,avis-conjoint/2022-07-20-03-25-40_CCE20221870NAR2.308Avissite.pdf,yes,https://www.ccecrb.fgov.be/dpics/fichiers/2022-07-20-03-25-40_CCE20221870NAR2.308Avissite.pdf,https://www.ccecrb.fgov.be/p/fr/997/restructuration-et-insolvabilite
selected,rapport,rapport,conseil central de l’économie,Évaluation du nombre de stages d'intégration en entreprise,2022-07-19,2022,0.304,0.913,270.411,811.232,rapport/2022-08-05-09-14-19_CCE20221875.pdf,yes,https://www.ccecrb.fgov.be/dpics/fichiers/2022-08-05-09-14-19_CCE20221875.pdf,https://www.ccecrb.fgov.be/p/fr/998/evaluation-du-nombre-de-stages-d-integration-en-entreprise
selected,avis,avis,consommation,Conditions restrictives à la vente de contrats d’assurance portant sur les appareils multimédias,2022-07-15,2022,0.277,0.832,270.688,812.065,avis/2022-07-15-10-34-06_CCE20221820DEFsite.pdf,yes,https://www.ccecrb.fgov.be/dpics/fichiers/2022-07-15-10-34-06_CCE20221820DEFsite.pdf,https://www.ccecrb.fgov.be/p/fr/995/conditions-restrictives-a-la-vente-de-contrats-d-assurance-portant-sur-les-appareils-multimedias
selected,avis-conjoint,avis conjoint,consommation,Droit de rétractation dans le cadre de l'e-commerce,2022-07-15,2022,0.361,1.083,271.049,813.148,avis-conjoint/2022-07-15-10-23-25_CCE20221821DEFsite.pdf,yes,https://www.ccecrb.fgov.be/dpics/fichiers/2022-07-15-10-23-25_CCE20221821DEFsite.pdf,https://www.ccecrb.fgov.be/p/fr/996/droit-de-retractation-dans-le-cadre-de-l-e-commerce
selected,avis,avis,conseil central de l’économie,Vers des nouveaux contrats de gestion et de plans pluriannuels d’investissement pour la SNCB et Infrabel,2022-07-13,2022,0.408,1.225,271.457,814.372,avis/2022-07-13-08-36-11_CCE20221750CNTAvis2.307CFDD2022a09AviscontratsdegestionetdeplanspluriannuelsdinvestissementSNCBetinfrabelsiteweb.pdf,yes,https://www.ccecrb.fgov.be/dpics/fichiers/2022-07-13-08-36-11_CCE20221750CNTAvis2.307CFDD2022a09AviscontratsdegestionetdeplanspluriannuelsdinvestissementSNCBetinfrabelsiteweb.pdf,https://www.ccecrb.fgov.be/p/fr/993/vers-des-nouveaux-contrats-de-gestion-et-de-plans-pluriannuels-d-investissement-pour-la-sncb-et-infrabel
selected,rapport,rapport,secteurs,La conjoncture économique du secteur alimentaire et des boissons - avril 2022,2022-07-12,2022,0.096,0.287,271.553,814.659,rapport/2022-07-12-01-54-39_CCE20221705AvantproposrapportconjonctureAlimentation2021.pdf,yes,https://www.ccecrb.fgov.be/dpics/fichiers/2022-07-12-01-54-39_CCE20221705AvantproposrapportconjonctureAlimentation2021.pdf,https://www.ccecrb.fgov.be/p/fr/992/la-conjoncture-economique-du-secteur-alimentaire-et-des-boissons-avril-2022
selected,rapport,rapport,secteurs,Les enjeux du commerce électronique pour le secteur de la distribution,2022-07-11,2022,1.448,4.345,273.001,819.004,rapport/2022-07-14-03-20-48_CCE20221670DEFSite.pdf,yes,https://www.ccecrb.fgov.be/dpics/fichiers/2022-07-14-03-20-48_CCE20221670DEFSite.pdf,https://www.ccecrb.fgov.be/p/fr/991/les-enjeux-du-commerce-electronique-pour-le-secteur-de-la-distribution
selected,avis,avis,clauses abusives,Dettes du consommateur,2022-07-08,2022,0.395,1.184,273.396,820.188,avis/2022-07-12-11-57-28_CCE20221700DettesduconsommateurClausesabusives.pdf,yes,https://www.ccecrb.fgov.be/dpics/fichiers/2022-07-12-11-57-28_CCE20221700DettesduconsommateurClausesabusives.pdf,https://www.ccecrb.fgov.be/p/fr/990/dettes-du-consommateur
selected,avis,avis,clauses abusives,Dettes du consommateur,2022-07-08,2022,0.597,1.79,273.993,821.978,avis/2022-07-12-11-56-28_CCE20221790DettesduconsommateurCCSconsommation.pdf,yes,https://www.ccecrb.fgov.be/dpics/fichiers/2022-07-12-11-56-28_CCE20221790DettesduconsommateurCCSconsommation.pdf,https://www.ccecrb.fgov.be/p/fr/990/dettes-du-consommateur
selected,rapport,rapport,secteurs,Rapport intermédiaire sur les travaux relatifs à l'e-commerce,2022-07-06,2022,0.08,0.241,274.073,822.219,rapport/2022-11-07-04-54-27_Deuxiemerapportintermediaireecommerce.pdf,yes,https://www.ccecrb.fgov.be/dpics/fichiers/2022-11-07-04-54-27_Deuxièmerapportintermédiaireecommerce.pdf,https://www.ccecrb.fgov.be/p/fr/1022/rapport-intermediaire-sur-les-travaux-relatifs-a-l-e-commerce
selected,rapport,rapport,conseil central de l’économie,Méthode de travail en matière de pensions,2022-07-05,2022,0.124,0.371,274.197,822.59,rapport/2022-07-08-11-31-14_CCE20221718CNTP.D.2207_Pensionsmethodedetravail_.pdf,yes,https://www.ccecrb.fgov.be/dpics/fichiers/2022-07-08-11-31-14_CCE20221718CNTP.D.2207(Pensionsméthodedetravail).pdf,https://www.ccecrb.fgov.be/p/fr/989/methode-de-travail-en-matiere-de-pensions
selected,avis,avis,conseil central de l’économie,Actualisation du Plan Fédéral Énergie-Climat,2022-07-04,2022,0.333,1.0,274.53,823.59,avis/2022-07-04-09-15-14_CCE20221590.pdf,yes,https://www.ccecrb.fgov.be/dpics/fichiers/2022-07-04-09-15-14_CCE20221590.pdf,https://www.ccecrb.fgov.be/p/fr/988/actualisation-du-plan-federal-energie-climat
selected,avis-conjoint,avis conjoint,consommation,Formation des utilisateurs professionnels de produits biocides,2022-06-21,2022,0.58,1.741,275.11,825.331,avis-conjoint/2022-06-22-10-16-43_CCE20221570AvisFormationbiocidesdefsite.pdf,yes,https://www.ccecrb.fgov.be/dpics/fichiers/2022-06-22-10-16-43_CCE20221570AvisFormationbiocidesdefsite.pdf,https://www.ccecrb.fgov.be/p/fr/986/formation-des-utilisateurs-professionnels-de-produits-biocides
selected,avis,avis,consommation,Vente en porte-à-porte de contrats énergétiques,2022-06-20,2022,0.249,0.746,275.359,826.077,avis/2022-06-23-10-35-28_CCE20221550Avisdefsite.pdf,yes,https://www.ccecrb.fgov.be/dpics/fichiers/2022-06-23-10-35-28_CCE20221550Avisdefsite.pdf,https://www.ccecrb.fgov.be/p/fr/987/vente-en-porte-a-porte-de-contrats-energetiques
selected,avis-conjoint,avis conjoint,conseil central de l’économie,Plan fédéral de réduction des biocides,2022-06-16,2022,0.381,1.142,275.74,827.219,avis-conjoint/2022-06-17-08-37-46_CCE20221460AvisSite.pdf,yes,https://www.ccecrb.fgov.be/dpics/fichiers/2022-06-17-08-37-46_CCE20221460AvisSite.pdf,https://www.ccecrb.fgov.be/p/fr/984/plan-federal-de-reduction-des-biocides
selected,avis-conjoint,avis conjoint,consommation,Plan fédéral de réduction des produits phytopharmaceutiques,2022-05-24,2022,0.447,1.34,276.186,828.558,avis-conjoint/2022-05-25-02-53-50_CCE20221270Avis.pdf,yes,https://www.ccecrb.fgov.be/dpics/fichiers/2022-05-25-02-53-50_CCE20221270Avis.pdf,https://www.ccecrb.fgov.be/p/fr/980/plan-federal-de-reduction-des-produits-phytopharmaceutiques
selected,avis,avis,consommation,Exigences en matière d’accessibilité applicables aux produits et services,2022-05-18,2022,0.335,1.004,276.521,829.562,avis/2022-05-20-09-36-42_CCE20221250Accessibiliteproduitsetservices.pdf,yes,https://www.ccecrb.fgov.be/dpics/fichiers/2022-05-20-09-36-42_CCE20221250Accessibilitéproduitsetservices.pdf,https://www.ccecrb.fgov.be/p/fr/979/exigences-en-matiere-d-accessibilite-applicables-aux-produits-et-services
selected,rapport,rapport,conseil central de l’économie,L’usage du vélo pour les déplacements domicile-travail,2022-05-17,2022,0.442,1.327,276.963,830.889,rapport/2022-05-18-10-57-13_doc221220fr.pdf,yes,https://www.ccecrb.fgov.be/dpics/fichiers/2022-05-18-10-57-13_doc221220fr.pdf,https://www.ccecrb.fgov.be/p/fr/978/l-usage-du-velo-pour-les-deplacements-domicile-travail
selected,avis,avis,consommation,Sécurité des ascenseurs,2022-05-16,2022,0.271,0.812,277.233,831.7,avis/2022-05-16-02-03-48_CCE20221209AvisAscenseurs..pdf,yes,https://www.ccecrb.fgov.be/dpics/fichiers/2022-05-16-02-03-48_CCE20221209AvisAscenseurs..pdf,https://www.ccecrb.fgov.be/p/fr/976/securite-des-ascenseurs
selected,avis-conjoint,avis conjoint,secteurs,L'écologisation de l'e-commerce et de la logistique,2022-05-12,2022,0.446,1.337,277.679,833.038,avis-conjoint/2022-06-07-10-01-13_CCE20221130Avisecommerce.pdf,yes,https://www.ccecrb.fgov.be/dpics/fichiers/2022-06-07-10-01-13_CCE20221130Avisecommerce.pdf,https://www.ccecrb.fgov.be/p/fr/982/l-ecologisation-de-l-e-commerce-et-de-la-logistique
selected,actualite,actualité,conseil central de l’économie,Le CCE et le CNT réagissent au Parlement sur la proposition de résolution concernant la mobilité partagée,2022-05-04,2022,0.259,0.777,277.938,833.815,actualite/2022-05-09-08-37-43_doc221137fr.pdf,yes,https://www.ccecrb.fgov.be/dpics/fichiers/2022-05-09-08-37-43_doc221137fr.pdf,https://www.ccecrb.fgov.be/p/fr/977/le-cce-et-le-cnt-reagissent-au-parlement-sur-la-proposition-de-resolution-concernant-la-mobilite-partagee
selected,avis,avis,conseil central de l’économie,Maîtrise de l’organisation au Bureau fédéral du plan,2022-04-28,2022,0.292,0.875,278.23,834.69,avis/2022-05-11-04-21-25_CCE20221080Avisadapte.pdf,yes,https://www.ccecrb.fgov.be/dpics/fichiers/2022-05-11-04-21-25_CCE20221080Avisadapté.pdf,https://www.ccecrb.fgov.be/p/fr/975/maitrise-de-l-organisation-au-bureau-federal-du-plan
selected,avis,avis,conseil central de l’économie,Éléments d’une vision interfédérale en matière de Mobility as a Service,2022-04-19,2022,0.408,1.224,278.638,835.914,avis/2022-04-20-09-53-08_doc220930fr.pdf,yes,https://www.ccecrb.fgov.be/dpics/fichiers/2022-04-20-09-53-08_doc220930fr.pdf,https://www.ccecrb.fgov.be/p/fr/970/elements-d-une-vision-interfederale-en-matiere-de-mobility-as-a-service
selected,avis,avis,conseil central de l’économie,Réforme de la gouvernance économique européenne,2022-04-15,2022,0.524,1.572,279.162,837.485,avis/2022-04-19-05-02-29_doc220950fr.pdf,yes,https://www.ccecrb.fgov.be/dpics/fichiers/2022-04-19-05-02-29_doc220950fr.pdf,https://www.ccecrb.fgov.be/p/fr/974/reforme-de-la-gouvernance-economique-europeenne
selected,avis,avis,consommation,Le Car-Pass devient « future-proof »,2022-04-01,2022,0.246,0.739,279.408,838.224,avis/2022-04-01-01-47-52_doc220870fr.pdf,yes,https://www.ccecrb.fgov.be/dpics/fichiers/2022-04-01-01-47-52_doc220870fr.pdf,https://www.ccecrb.fgov.be/p/fr/967/le-car-pass-devient-future-proof-
selected,actualite,actualité,conseil central de l’économie,Convergences en matière de rénovation énergétique des bâtiments publics,2022-04-01,2022,0.129,0.387,279.537,838.611,actualite/2022-04-08-03-44-30_Convergencesenmatierederenovationenergetiquedesbatimentspublics.pdf,yes,https://www.ccecrb.fgov.be/dpics/fichiers/2022-04-08-03-44-30_Convergencesenmatièrederénovationénergétiquedesbâtimentspublics.pdf,https://www.ccecrb.fgov.be/p/fr/968/convergences-en-matiere-de-renovation-energetique-des-batiments-publics
selected,avis,avis,conseil central de l’économie,Contribution des conseils consultatifs au Programme national de réforme 2022,2022-03-29,2022,0.445,1.334,279.982,839.945,avis/2022-03-30-04-28-54_doc22830fr.pdf,yes,https://www.ccecrb.fgov.be/dpics/fichiers/2022-03-30-04-28-54_doc22830fr.pdf,https://www.ccecrb.fgov.be/p/fr/966/contribution-des-conseils-consultatifs-au-programme-national-de-reforme-2022
selected,avis,avis,consommation,Acceptation des paiements en espèces,2022-03-28,2022,0.372,1.115,280.353,841.06,avis/2022-03-28-03-57-30_CCE20220800DEFsite.pdf,yes,https://www.ccecrb.fgov.be/dpics/fichiers/2022-03-28-03-57-30_CCE20220800DEFsite.pdf,https://www.ccecrb.fgov.be/p/fr/965/acceptation-des-paiements-en-especes
selected,rapport,rapport,secteurs,L'emploi dans le secteur de la chimie,2022-03-25,2022,0.588,1.765,280.942,842.826,rapport/2022-04-11-02-19-04_CCE20220618DEF2Site.pdf,yes,https://www.ccecrb.fgov.be/dpics/fichiers/2022-04-11-02-19-04_CCE20220618DEF2Site.pdf,https://www.ccecrb.fgov.be/p/fr/973/l-emploi-dans-le-secteur-de-la-chimie
selected,note-documentaire,note documentaire,secteurs,"Quelles pistes pour solutionner la crise du logement abordable, durable et de qualité ?",2022-03-25,2022,0.911,2.733,281.853,845.558,note-documentaire/2022-04-13-09-20-22_CCE20220869defNotedoc.logementSite.pdf,yes,https://www.ccecrb.fgov.be/dpics/fichiers/2022-04-13-09-20-22_CCE20220869defNotedoc.logementSite.pdf,https://www.ccecrb.fgov.be/p/fr/971/quelles-pistes-pour-solutionner-la-crise-du-logement-abordable-durable-et-de-qualite-
selected,avis,avis,secteurs,"Le logement abordable, durable et de qualité",2022-03-25,2022,0.301,0.904,282.154,846.462,avis/2022-04-13-02-37-24_CCE20220868DEFAvisLogementSite.pdf,yes,https://www.ccecrb.fgov.be/dpics/fichiers/2022-04-13-02-37-24_CCE20220868DEFAvisLogementSite.pdf,https://www.ccecrb.fgov.be/p/fr/972/le-logement-abordable-durable-et-de-qualite
selected,avis,avis,concurrence,Négociation collective des indépendants sans salariés,2022-03-23,2022,0.361,1.083,282.515,847.546,avis/2022-03-24-01-55-16_CCE20220790AvisDEF.pdf,yes,https://www.ccecrb.fgov.be/dpics/fichiers/2022-03-24-01-55-16_CCE20220790AvisDEF.pdf,https://www.ccecrb.fgov.be/p/fr/964/negociation-collective-des-independants-sans-salaries
selected,actualite,actualité,conseil central de l’économie,Vision du rail 2040 : conseils consultatifs et ministre fédéral se rejoignent sur les ambitions,2022-03-17,2022,0.419,1.256,282.934,848.802,actualite/2022-03-14-04-20-38_doc220600fr.pdf,yes,https://www.ccecrb.fgov.be/dpics/fichiers/2022-03-14-04-20-38_doc220600fr.pdf,https://www.ccecrb.fgov.be/p/fr/963/vision-du-rail-2040-conseils-consultatifs-et-ministre-federal-se-rejoignent-sur-les-ambitions
selected,actualite,actualité,conseil central de l’économie,Vision du rail 2040 : conseils consultatifs et ministre fédéral se rejoignent sur les ambitions,2022-03-17,2022,0.385,1.154,283.319,849.956,actualite/2021-12-22-10-14-24_CCE20213440CNT2.259AvisPrincipesdebasepourlavisiondurail2040.pdf,yes,https://www.ccecrb.fgov.be/dpics/fichiers/2021-12-22-10-14-24_CCE20213440CNT2.259AvisPrincipesdebasepourlavisiondurail2040.pdf,https://www.ccecrb.fgov.be/p/fr/963/vision-du-rail-2040-conseils-consultatifs-et-ministre-federal-se-rejoignent-sur-les-ambitions
selected,avis,avis,conseil central de l’économie,Le projet de vision du rail 2040,2022-03-09,2022,0.419,1.256,283.737,851.212,avis/2022-03-14-04-20-38_doc220600fr.pdf,yes,https://www.ccecrb.fgov.be/dpics/fichiers/2022-03-14-04-20-38_doc220600fr.pdf,https://www.ccecrb.fgov.be/p/fr/962/le-projet-de-vision-du-rail-2040
selected,avis,avis,consommation,Petits tournebroches individuels,2022-03-09,2022,0.254,0.763,283.992,851.975,avis/2022-03-09-02-33-18_CCE20220598Petitstournebrochesindividuels.pdf,yes,https://www.ccecrb.fgov.be/dpics/fichiers/2022-03-09-02-33-18_CCE20220598Petitstournebrochesindividuels.pdf,https://www.ccecrb.fgov.be/p/fr/961/petits-tournebroches-individuels
selected,avis-conjoint,avis conjoint,consommation,Réglementation des fumigations et défumigations,2022-02-15,2022,0.403,1.209,284.395,853.184,avis-conjoint/2022-02-16-09-01-02_CCE20220390Avis.pdf,yes,https://www.ccecrb.fgov.be/dpics/fichiers/2022-02-16-09-01-02_CCE20220390Avis.pdf,https://www.ccecrb.fgov.be/p/fr/941/reglementation-des-fumigations-et-defumigations
selected,rapport,rapport,conseil central de l’économie,Le Rapport « Facts & Figures » sur l’e-commerce,2022-02-14,2022,0.347,1.04,284.741,854.224,rapport/2022-02-15-03-25-30_CCE20220400DEFSite.pdf,yes,https://www.ccecrb.fgov.be/dpics/fichiers/2022-02-15-03-25-30_CCE20220400DEFSite.pdf,https://www.ccecrb.fgov.be/p/fr/958/le-rapport-facts-figures-sur-l-e-commerce
selected,rapport,rapport,secteurs,La conjoncture économique dans l’industrie de la chimie,2022-02-10,2022,0.078,0.234,284.819,854.457,rapport/2022-04-01-04-15-24_doc220838fr.pdf,yes,https://www.ccecrb.fgov.be/dpics/fichiers/2022-04-01-04-15-24_doc220838fr.pdf,https://www.ccecrb.fgov.be/p/fr/969/la-conjoncture-economique-dans-l-industrie-de-la-chimie
selected,rapport,rapport,conseil central de l’économie,Rapport technique du secrétariat 2021,2022-02-10,2022,0.746,2.238,285.565,856.695,rapport/2022-02-10-04-44-06_doc220350fr.pdf,yes,https://www.ccecrb.fgov.be/dpics/fichiers/2022-02-10-04-44-06_doc220350fr.pdf,https://www.ccecrb.fgov.be/p/fr/956/rapport-technique-du-secretariat-2021
selected,rapport,rapport,conseil central de l’économie,Les trois autres rapports 2021 sur les coûts salariaux,2022-02-09,2022,0.446,1.337,286.011,858.032,rapport/2022-02-15-01-50-51_CCE20220351RapportEcartsalarialentrehommesetfemmesversionsite.pdf,yes,https://www.ccecrb.fgov.be/dpics/fichiers/2022-02-15-01-50-51_CCE20220351RapportEcartsalarialentrehommesetfemmesversionsite.pdf,https://www.ccecrb.fgov.be/p/fr/957/les-trois-autres-rapports-2021-sur-les-couts-salariaux
selected,rapport,rapport,conseil central de l’économie,Les trois autres rapports 2021 sur les coûts salariaux,2022-02-09,2022,0.463,1.388,286.473,859.42,rapport/2022-02-10-05-20-20_doc220353_Handicaps_salariaux.pdf,yes,https://www.ccecrb.fgov.be/dpics/fichiers/2022-02-10-05-20-20_doc220353_Handicaps_salariaux.pdf,https://www.ccecrb.fgov.be/p/fr/957/les-trois-autres-rapports-2021-sur-les-couts-salariaux
selected,rapport,rapport,conseil central de l’économie,Les trois autres rapports 2021 sur les coûts salariaux,2022-02-09,2022,0.371,1.112,286.844,860.532,rapport/2022-02-10-05-19-19_doc220352_Avantages_non_recurrents_lies_aux_resultats.pdf,yes,https://www.ccecrb.fgov.be/dpics/fichiers/2022-02-10-05-19-19_doc220352_Avantages_non_r%C3%A9currents_li%C3%A9s_aux_r%C3%A9sultats.pdf,https://www.ccecrb.fgov.be/p/fr/957/les-trois-autres-rapports-2021-sur-les-couts-salariaux
selected,actualite,actualité,conseil central de l’économie,Webinaire sur le thème de la rénovation énergétique des bâtiments publics en Belgique,2022-02-02,2022,5.813,17.439,292.657,877.972,actualite/2022-02-07-12-26-22_Remi_Lepape_RegiedesBatiments.pdf,yes,https://www.ccecrb.fgov.be/dpics/fichiers/2022-02-07-12-26-22_Remi_Lepape_RegiedesBatiments.pdf,https://www.ccecrb.fgov.be/p/fr/950/webinaire-sur-le-theme-de-la-renovation-energetique-des-batiments-publics-en-belgique
selected,actualite,actualité,conseil central de l’économie,Webinaire sur le thème de la rénovation énergétique des bâtiments publics en Belgique,2022-02-02,2022,1.149,3.448,293.806,881.419,actualite/2022-02-07-12-24-42_Wiebe_Verhoeven_RENOLUTION.pdf,yes,https://www.ccecrb.fgov.be/dpics/fichiers/2022-02-07-12-24-42_Wiebe_Verhoeven_RENOLUTION.pdf,https://www.ccecrb.fgov.be/p/fr/950/webinaire-sur-le-theme-de-la-renovation-energetique-des-batiments-publics-en-belgique
selected,actualite,actualité,conseil central de l’économie,Webinaire sur le thème de la rénovation énergétique des bâtiments publics en Belgique,2022-02-02,2022,2.216,6.649,296.023,888.068,actualite/2022-02-07-12-22-49_Salma_Lasri_RENOWATT.pdf,yes,https://www.ccecrb.fgov.be/dpics/fichiers/2022-02-07-12-22-49_Salma_Lasri_RENOWATT.pdf,https://www.ccecrb.fgov.be/p/fr/950/webinaire-sur-le-theme-de-la-renovation-energetique-des-batiments-publics-en-belgique
selected,actualite,actualité,conseil central de l’économie,Webinaire sur le thème de la rénovation énergétique des bâtiments publics en Belgique,2022-02-02,2022,2.977,8.931,299.0,897.0,actualite/2022-02-07-12-21-57_Frederik_Hindryckx_VEB.pdf,yes,https://www.ccecrb.fgov.be/dpics/fichiers/2022-02-07-12-21-57_Frederik_Hindryckx_VEB.pdf,https://www.ccecrb.fgov.be/p/fr/950/webinaire-sur-le-theme-de-la-renovation-energetique-des-batiments-publics-en-belgique
selected,rapport,rapport,conseil central de l’économie,Le rôle des organes paritaires de concertation dans le maintien de la paix sociale,2022-01-26,2022,0.637,1.912,299.637,898.912,rapport/2022-02-07-01-20-01_doc22_0195fr.pdf,yes,https://www.ccecrb.fgov.be/dpics/fichiers/2022-02-07-01-20-01_doc22_0195fr.pdf,https://www.ccecrb.fgov.be/p/fr/953/le-role-des-organes-paritaires-de-concertation-dans-le-maintien-de-la-paix-sociale
selected,rapport,rapport,conseil central de l’économie,"Respect de la paix sociale, impact des niveaux de salaire sur le fonctionnement du marché du travail, influence de l'ancienneté sur les salaires",2022-01-26,2022,0.297,0.891,299.934,899.803,rapport/2022-01-31-08-06-10_doc220193fr.pdf,yes,https://www.ccecrb.fgov.be/dpics/fichiers/2022-01-31-08-06-10_doc220193fr.pdf,https://www.ccecrb.fgov.be/p/fr/954/respect-de-la-paix-sociale-impact-des-niveaux-de-salaire-sur-le-fonctionnement-du-marche-du-travail-influence-de-l-anciennete-sur-les-salaires
selected,avis,avis,conseil central de l’économie,Encourager l’usage du train via une nouvelle politique tarifaire et des abonnements flexibles,2022-01-26,2022,0.314,0.941,300.248,900.743,avis/2022-01-27-09-23-47_doc22200fr.pdf,yes,https://www.ccecrb.fgov.be/dpics/fichiers/2022-01-27-09-23-47_doc22200fr.pdf,https://www.ccecrb.fgov.be/p/fr/952/encourager-l-usage-du-train-via-une-nouvelle-politique-tarifaire-et-des-abonnements-flexibles
selected,avis,avis,conseil central de l’économie,Encourager l’usage du train via une nouvelle politique tarifaire et des abonnements flexibles,2022-01-26,2022,0.33,0.991,300.578,901.735,avis/2022-01-27-09-23-12_doc220190fr.pdf,yes,https://www.ccecrb.fgov.be/dpics/fichiers/2022-01-27-09-23-12_doc220190fr.pdf,https://www.ccecrb.fgov.be/p/fr/952/encourager-l-usage-du-train-via-une-nouvelle-politique-tarifaire-et-des-abonnements-flexibles
selected,avis,avis,conseil central de l’économie,Les abonnements flexibles comme leviers d’un accroissement des déplacements domicile-travail en train,2022-01-26,2022,0.314,0.941,300.892,902.675,avis/2022-01-27-09-19-39_doc22200fr.pdf,yes,https://www.ccecrb.fgov.be/dpics/fichiers/2022-01-27-09-19-39_doc22200fr.pdf,https://www.ccecrb.fgov.be/p/fr/949/les-abonnements-flexibles-comme-leviers-d-un-accroissement-des-deplacements-domicile-travail-en-train
selected,avis,avis,conseil central de l’économie,Jalons pour une nouvelle politique tarifaire de la SNCB,2022-01-26,2022,0.33,0.991,301.222,903.666,avis/2022-01-27-09-17-29_doc220190fr.pdf,yes,https://www.ccecrb.fgov.be/dpics/fichiers/2022-01-27-09-17-29_doc220190fr.pdf,https://www.ccecrb.fgov.be/p/fr/948/jalons-pour-une-nouvelle-politique-tarifaire-de-la-sncb
selected,rapport,rapport,secteurs,L’évolution conjoncturelle dans le secteur de la construction,2022-01-17,2022,0.854,2.561,302.076,906.227,rapport/2022-02-18-11-56-09_CCE20220250DEFSite.pdf,yes,https://www.ccecrb.fgov.be/dpics/fichiers/2022-02-18-11-56-09_CCE20220250DEFSite.pdf,https://www.ccecrb.fgov.be/p/fr/960/l-evolution-conjoncturelle-dans-le-secteur-de-la-construction
selected,rapport,rapport,conseil central de l’économie,L’écart salarial entre les femmes et les hommes : diagnostic et déterminants,2021-12-22,2021,0.46,1.38,302.536,907.608,rapport/2022-02-15-12-27-01_cce20213520rapportsurlecartsalarialentrelesfemmesetleshommesdiagnosticetdeterminants_3_.pdf,yes,https://www.ccecrb.fgov.be/dpics/fichiers/2022-02-15-12-27-01_cce20213520rapportsurlecartsalarialentrelesfemmesetleshommesdiagnosticetdeterminants(3).pdf,https://www.ccecrb.fgov.be/p/fr/944/l-ecart-salarial-entre-les-femmes-et-les-hommes-diagnostic-et-determinants
selected,avis,avis,conseil central de l’économie,Consultation européenne sur le réexamen de la gouvernance économique européenne,2021-12-22,2021,0.371,1.113,302.907,908.721,avis/2022-01-03-08-43-57_CCE20213530AvisReexamendelagouvernanceeconomiqueeuropeenne.pdf,yes,https://www.ccecrb.fgov.be/dpics/fichiers/2022-01-03-08-43-57_CCE20213530AvisRéexamendelagouvernanceéconomiqueeuropéenne.pdf,https://www.ccecrb.fgov.be/p/fr/937/consultation-europeenne-sur-le-reexamen-de-la-gouvernance-economique-europeenne
selected,avis,avis,conseil central de l’économie,Principes de base pour la vision du rail 2040,2021-12-21,2021,0.385,1.154,303.292,909.875,avis/2021-12-22-10-14-24_CCE20213440CNT2.259AvisPrincipesdebasepourlavisiondurail2040.pdf,yes,https://www.ccecrb.fgov.be/dpics/fichiers/2021-12-22-10-14-24_CCE20213440CNT2.259AvisPrincipesdebasepourlavisiondurail2040.pdf,https://www.ccecrb.fgov.be/p/fr/942/principes-de-base-pour-la-vision-du-rail-2040
selected,actualite,actualité,secteurs,Mettre fin aux augmentations des taxes indirectes sur les aliments et les boissons,2021-12-21,2021,0.112,0.336,303.404,910.211,actualite/2022-01-10-10-06-26_doc213342fr.pdf,yes,https://www.ccecrb.fgov.be/dpics/fichiers/2022-01-10-10-06-26_doc213342fr.pdf,https://www.ccecrb.fgov.be/p/fr/945/mettre-fin-aux-augmentations-des-taxes-indirectes-sur-les-aliments-et-les-boissons
selected,avis,avis,consommation,Vers un régime distinct pour la vente d'animaux vivants,2021-12-16,2021,0.362,1.085,303.765,911.296,avis/2021-12-23-04-48-44_CCE20213415Avisanimauxvivants.pdf,yes,https://www.ccecrb.fgov.be/dpics/fichiers/2021-12-23-04-48-44_CCE20213415Avisanimauxvivants.pdf,https://www.ccecrb.fgov.be/p/fr/943/vers-un-regime-distinct-pour-la-vente-d-animaux-vivants
selected,avis,avis,consommation,La responsabilité en matière d’intelligence artificielle,2021-12-16,2021,0.354,1.062,304.119,912.358,avis/2021-12-17-11-17-08_CCE20213400DEF.pdf,yes,https://www.ccecrb.fgov.be/dpics/fichiers/2021-12-17-11-17-08_CCE20213400DEF.pdf,https://www.ccecrb.fgov.be/p/fr/940/la-responsabilite-en-matiere-d-intelligence-artificielle
selected,rapport,rapport,secteurs,L'emploi dans l'industrie alimentaire,2021-12-15,2021,0.714,2.143,304.834,914.501,rapport/2021-12-23-01-13-30_CCE20213204DEFsite.pdf,yes,https://www.ccecrb.fgov.be/dpics/fichiers/2021-12-23-01-13-30_CCE20213204DEFsite.pdf,https://www.ccecrb.fgov.be/p/fr/939/l-emploi-dans-l-industrie-alimentaire
selected,rapport,rapport,conseil central de l’économie,« Construire l’avenir » : le Rapport Emploi Compétitivité 2021,2021-12-15,2021,0.333,0.998,305.166,915.499,rapport/2021-12-15-09-44-23_doc213326fr.pdf,yes,https://www.ccecrb.fgov.be/dpics/fichiers/2021-12-15-09-44-23_doc213326fr.pdf,https://www.ccecrb.fgov.be/p/fr/938/-construire-l-avenir-le-rapport-emploi-competitivite-2021
selected,rapport,rapport,secteurs,Évolution des taxes indirectes pour certaines boissons en Belgique et dans les pays voisins,2021-12-14,2021,0.424,1.271,305.59,916.77,rapport/2022-01-10-10-21-20_doc213343fr.pdf,yes,https://www.ccecrb.fgov.be/dpics/fichiers/2022-01-10-10-21-20_doc213343fr.pdf,https://www.ccecrb.fgov.be/p/fr/946/evolution-des-taxes-indirectes-pour-certaines-boissons-en-belgique-et-dans-les-pays-voisins
selected,avis,avis,conseil central de l’économie,Transposition de la directive ‘Lanceurs d’alerte ‘,2021-11-30,2021,0.4,1.2,305.99,917.971,avis/2021-12-01-04-11-31_doc213208fr.pdf,yes,https://www.ccecrb.fgov.be/dpics/fichiers/2021-12-01-04-11-31_doc213208fr.pdf,https://www.ccecrb.fgov.be/p/fr/936/transposition-de-la-directive-lanceurs-d-alerte-
selected,avis,avis,conseil central de l’économie,Informations obligatoires à fournir au conseil d’entreprise dans le cadre de la transformation de l’entité,2021-11-30,2021,0.243,0.729,306.233,918.7,avis/2021-11-30-03-38-28_CCE20213150Avis.pdf,yes,https://www.ccecrb.fgov.be/dpics/fichiers/2021-11-30-03-38-28_CCE20213150Avis.pdf,https://www.ccecrb.fgov.be/p/fr/930/informations-obligatoires-a-fournir-au-conseil-d-entreprise-dans-le-cadre-de-la-transformation-de-l-entite
selected,avis,avis,consommation,Obligation d'une mise à disposition d’un moyen de paiement électronique,2021-11-17,2021,0.312,0.935,306.545,919.634,avis/2021-11-17-01-42-53_CCE20213090DEFsite.pdf,yes,https://www.ccecrb.fgov.be/dpics/fichiers/2021-11-17-01-42-53_CCE20213090DEFsite.pdf,https://www.ccecrb.fgov.be/p/fr/928/obligation-d-une-mise-a-disposition-d-un-moyen-de-paiement-electronique
selected,avis,avis,consommation,Début du délai de paiement des factures des consommateurs,2021-11-09,2021,0.271,0.813,306.816,920.447,avis/2021-11-10-02-29-13_CCE20213050DEFSite.pdf,yes,https://www.ccecrb.fgov.be/dpics/fichiers/2021-11-10-02-29-13_CCE20213050DEFSite.pdf,https://www.ccecrb.fgov.be/p/fr/922/debut-du-delai-de-paiement-des-factures-des-consommateurs
selected,actualite,actualité,conseil central de l’économie,Le gouvernement et le Parlement veulent accroître l’utilisation du budget mobilité,2021-11-09,2021,0.115,0.345,306.931,920.793,actualite/2021-11-16-09-51-55_complementautexteweb.pdf,yes,https://www.ccecrb.fgov.be/dpics/fichiers/2021-11-16-09-51-55_complementautexteweb.pdf,https://www.ccecrb.fgov.be/p/fr/923/le-gouvernement-et-le-parlement-veulent-accroitre-l-utilisation-du-budget-mobilite
selected,rapport,rapport,secteurs,La conjoncture économique dans le secteur de la distribution - juin 2021,2021-10-28,2021,0.053,0.16,306.984,920.952,rapport/2021-11-04-11-51-45_CCE20213009avantproposrapconjdistribu2020.pdf,yes,https://www.ccecrb.fgov.be/dpics/fichiers/2021-11-04-11-51-45_CCE20213009avantproposrapconjdistribu2020.pdf,https://www.ccecrb.fgov.be/p/fr/920/la-conjoncture-economique-dans-le-secteur-de-la-distribution-juin-2021
selected,avis,avis,consommation,Bornes de recharge intelligentes et commandables pour voitures électriques,2021-10-27,2021,0.278,0.833,307.262,921.785,avis/2021-10-27-03-22-11_CCE20212970Avis.pdf,yes,https://www.ccecrb.fgov.be/dpics/fichiers/2021-10-27-03-22-11_CCE20212970Avis.pdf,https://www.ccecrb.fgov.be/p/fr/917/bornes-de-recharge-intelligentes-et-commandables-pour-voitures-electriques
selected,avis,avis,consommation,Appareils à vapeur,2021-10-12,2021,0.258,0.775,307.52,922.56,avis/2021-10-12-12-11-48_CCE20212900def.pdf,yes,https://www.ccecrb.fgov.be/dpics/fichiers/2021-10-12-12-11-48_CCE20212900def.pdf,https://www.ccecrb.fgov.be/p/fr/915/appareils-a-vapeur
selected,rapport,rapport,conseil central de l’économie,Évaluation du nombre de stages d'intégration en entreprise,2021-09-30,2021,0.284,0.851,307.804,923.412,rapport/2021-10-01-04-34-43_doc212677fr.pdf,yes,https://www.ccecrb.fgov.be/dpics/fichiers/2021-10-01-04-34-43_doc212677fr.pdf,https://www.ccecrb.fgov.be/p/fr/913/evaluation-du-nombre-de-stages-d-integration-en-entreprise
selected,rapport,rapport,conseil central de l’économie,La R&D et sa valorisation en Belgique : un premier diagnostic,2021-09-28,2021,0.476,1.428,308.28,924.84,rapport/2021-09-30-05-05-59_doc212685fr.pdf,yes,https://www.ccecrb.fgov.be/dpics/fichiers/2021-09-30-05-05-59_doc212685fr.pdf,https://www.ccecrb.fgov.be/p/fr/909/la-r-d-et-sa-valorisation-en-belgique-un-premier-diagnostic
selected,avis,avis,conseil central de l’économie,Accroitre la productivité pour rencontrer les défis de demain,2021-09-28,2021,0.381,1.143,308.661,925.982,avis/2021-10-12-10-56-20_CCE20212780AvisportantsurlerapportannuelduConseilnationaldelaproductivite.pdf,yes,https://www.ccecrb.fgov.be/dpics/fichiers/2021-10-12-10-56-20_CCE20212780AvisportantsurlerapportannuelduConseilnationaldelaproductivité.pdf,https://www.ccecrb.fgov.be/p/fr/910/accroitre-la-productivite-pour-rencontrer-les-defis-de-demain
selected,avis,avis,conseil central de l’économie,Budget mobilité et verdissement fiscal et social de la mobilité,2021-09-28,2021,0.587,1.762,309.248,927.744,avis/2021-09-29-11-36-20_doc212650fr.pdf,yes,https://www.ccecrb.fgov.be/dpics/fichiers/2021-09-29-11-36-20_doc212650fr.pdf,https://www.ccecrb.fgov.be/p/fr/907/budget-mobilite-et-verdissement-fiscal-et-social-de-la-mobilite
selected,avis,avis,conseil central de l’économie,Accroître la transparence via un agenda de la réglementation,2021-09-28,2021,0.266,0.797,309.514,928.541,avis/2021-09-29-01-27-51_CCE20212710DEF.pdf,yes,https://www.ccecrb.fgov.be/dpics/fichiers/2021-09-29-01-27-51_CCE20212710DEF.pdf,https://www.ccecrb.fgov.be/p/fr/908/accroitre-la-transparence-via-un-agenda-de-la-reglementation
selected,note-documentaire,note documentaire,conseil central de l’économie,Le rôle futur de la SNCB et d’Infrabel,2021-09-15,2021,0.191,0.572,309.704,929.113,note-documentaire/2021-09-14-12-33-19_contrats_gestion_9.pdf,yes,https://www.ccecrb.fgov.be/dpics/fichiers/2021-09-14-12-33-19_contrats_gestion.pdf#page=13,https://www.ccecrb.fgov.be/p/fr/901/le-role-futur-de-la-sncb-et-d-infrabel
selected,note-documentaire,note documentaire,conseil central de l’économie,Le rôle futur de la SNCB et d’Infrabel,2021-09-15,2021,0.191,0.572,309.895,929.686,note-documentaire/2021-09-14-12-33-19_contrats_gestion_8.pdf,yes,https://www.ccecrb.fgov.be/dpics/fichiers/2021-09-14-12-33-19_contrats_gestion.pdf,https://www.ccecrb.fgov.be/p/fr/901/le-role-futur-de-la-sncb-et-d-infrabel
selected,note-documentaire,note documentaire,conseil central de l’économie,Le rôle futur de la SNCB et d’Infrabel,2021-09-15,2021,0.191,0.572,310.086,930.258,note-documentaire/2021-09-14-12-33-19_contrats_gestion_7.pdf,yes,https://www.ccecrb.fgov.be/dpics/fichiers/2021-09-14-12-33-19_contrats_gestion.pdf#page=8,https://www.ccecrb.fgov.be/p/fr/901/le-role-futur-de-la-sncb-et-d-infrabel
selected,note-documentaire,note documentaire,conseil central de l’économie,Le rôle futur de la SNCB et d’Infrabel,2021-09-15,2021,0.191,0.572,310.277,930.831,note-documentaire/2021-09-14-12-33-19_contrats_gestion_6.pdf,yes,https://www.ccecrb.fgov.be/dpics/fichiers/2021-09-14-12-33-19_contrats_gestion.pdf#page=5,https://www.ccecrb.fgov.be/p/fr/901/le-role-futur-de-la-sncb-et-d-infrabel
selected,note-documentaire,note documentaire,conseil central de l’économie,Le rôle futur de la SNCB et d’Infrabel,2021-09-15,2021,0.191,0.572,310.468,931.403,note-documentaire/2021-09-14-12-33-19_contrats_gestion_5.pdf,yes,https://www.ccecrb.fgov.be/dpics/fichiers/2021-09-14-12-33-19_contrats_gestion.pdf#page=3,https://www.ccecrb.fgov.be/p/fr/901/le-role-futur-de-la-sncb-et-d-infrabel
selected,note-documentaire,note documentaire,conseil central de l’économie,Le rôle futur de la SNCB et d’Infrabel,2021-09-15,2021,0.191,0.572,310.658,931.975,note-documentaire/2021-09-14-12-33-19_contrats_gestion_4.pdf,yes,https://www.ccecrb.fgov.be/dpics/fichiers/2021-09-14-12-33-19_contrats_gestion.pdf#page=15,https://www.ccecrb.fgov.be/p/fr/901/le-role-futur-de-la-sncb-et-d-infrabel
selected,note-documentaire,note documentaire,conseil central de l’économie,Le rôle futur de la SNCB et d’Infrabel,2021-09-15,2021,0.191,0.572,310.849,932.548,note-documentaire/2021-09-14-12-33-19_contrats_gestion_3.pdf,yes,https://www.ccecrb.fgov.be/dpics/fichiers/2021-09-14-12-33-19_contrats_gestion.pdf#page=12,https://www.ccecrb.fgov.be/p/fr/901/le-role-futur-de-la-sncb-et-d-infrabel
selected,note-documentaire,note documentaire,conseil central de l’économie,Le rôle futur de la SNCB et d’Infrabel,2021-09-15,2021,0.191,0.572,311.04,933.12,note-documentaire/2021-09-14-12-33-19_contrats_gestion_2.pdf,yes,https://www.ccecrb.fgov.be/dpics/fichiers/2021-09-14-12-33-19_contrats_gestion.pdf#page=7,https://www.ccecrb.fgov.be/p/fr/901/le-role-futur-de-la-sncb-et-d-infrabel
selected,note-documentaire,note documentaire,conseil central de l’économie,Le rôle futur de la SNCB et d’Infrabel,2021-09-15,2021,0.191,0.572,311.231,933.693,note-documentaire/2021-09-14-12-33-19_contrats_gestion_12.pdf,yes,https://www.ccecrb.fgov.be/dpics/fichiers/2021-09-14-12-33-19_contrats_gestion.pdf#page=2,https://www.ccecrb.fgov.be/p/fr/901/le-role-futur-de-la-sncb-et-d-infrabel
selected,note-documentaire,note documentaire,conseil central de l’économie,Le rôle futur de la SNCB et d’Infrabel,2021-09-15,2021,0.191,0.572,311.422,934.265,note-documentaire/2021-09-14-12-33-19_contrats_gestion_11.pdf,yes,https://www.ccecrb.fgov.be/dpics/fichiers/2021-09-14-12-33-19_contrats_gestion.pdf#page=6,https://www.ccecrb.fgov.be/p/fr/901/le-role-futur-de-la-sncb-et-d-infrabel
selected,note-documentaire,note documentaire,conseil central de l’économie,Le rôle futur de la SNCB et d’Infrabel,2021-09-15,2021,0.191,0.572,311.612,934.837,note-documentaire/2021-09-14-12-33-19_contrats_gestion_10.pdf,yes,https://www.ccecrb.fgov.be/dpics/fichiers/2021-09-14-12-33-19_contrats_gestion.pdf#page=4,https://www.ccecrb.fgov.be/p/fr/901/le-role-futur-de-la-sncb-et-d-infrabel
selected,note-documentaire,note documentaire,conseil central de l’économie,Le rôle futur de la SNCB et d’Infrabel,2021-09-15,2021,0.191,0.572,311.803,935.41,note-documentaire/2021-09-14-12-33-19_contrats_gestion.pdf,yes,https://www.ccecrb.fgov.be/dpics/fichiers/2021-09-14-12-33-19_contrats_gestion.pdf#page=10,https://www.ccecrb.fgov.be/p/fr/901/le-role-futur-de-la-sncb-et-d-infrabel
selected,note-documentaire,note documentaire,conseil central de l’économie,La gratuité des déplacements domicile-travail en transports publics,2021-09-15,2021,0.129,0.387,311.932,935.797,note-documentaire/2021-09-13-04-51-32_8020_9.pdf,yes,https://www.ccecrb.fgov.be/dpics/fichiers/2021-09-13-04-51-32_8020.pdf#page=6,https://www.ccecrb.fgov.be/p/fr/899/la-gratuite-des-deplacements-domicile-travail-en-transports-publics
selected,note-documentaire,note documentaire,conseil central de l’économie,La gratuité des déplacements domicile-travail en transports publics,2021-09-15,2021,0.129,0.387,312.061,936.184,note-documentaire/2021-09-13-04-51-32_8020_8.pdf,yes,https://www.ccecrb.fgov.be/dpics/fichiers/2021-09-13-04-51-32_8020.pdf#page=8,https://www.ccecrb.fgov.be/p/fr/899/la-gratuite-des-deplacements-domicile-travail-en-transports-publics
selected,note-documentaire,note documentaire,conseil central de l’économie,La gratuité des déplacements domicile-travail en transports publics,2021-09-15,2021,0.129,0.387,312.19,936.571,note-documentaire/2021-09-13-04-51-32_8020_7.pdf,yes,https://www.ccecrb.fgov.be/dpics/fichiers/2021-09-13-04-51-32_8020.pdf#page=10,https://www.ccecrb.fgov.be/p/fr/899/la-gratuite-des-deplacements-domicile-travail-en-transports-publics
selected,note-documentaire,note documentaire,conseil central de l’économie,La gratuité des déplacements domicile-travail en transports publics,2021-09-15,2021,0.129,0.387,312.319,936.957,note-documentaire/2021-09-13-04-51-32_8020_6.pdf,yes,https://www.ccecrb.fgov.be/dpics/fichiers/2021-09-13-04-51-32_8020.pdf#page=7,https://www.ccecrb.fgov.be/p/fr/899/la-gratuite-des-deplacements-domicile-travail-en-transports-publics
selected,note-documentaire,note documentaire,conseil central de l’économie,La gratuité des déplacements domicile-travail en transports publics,2021-09-15,2021,0.129,0.387,312.448,937.344,note-documentaire/2021-09-13-04-51-32_8020_5.pdf,yes,https://www.ccecrb.fgov.be/dpics/fichiers/2021-09-13-04-51-32_8020.pdf#page=2,https://www.ccecrb.fgov.be/p/fr/899/la-gratuite-des-deplacements-domicile-travail-en-transports-publics
selected,note-documentaire,note documentaire,conseil central de l’économie,La gratuité des déplacements domicile-travail en transports publics,2021-09-15,2021,0.129,0.387,312.577,937.731,note-documentaire/2021-09-13-04-51-32_8020_4.pdf,yes,https://www.ccecrb.fgov.be/dpics/fichiers/2021-09-13-04-51-32_8020.pdf#page=4,https://www.ccecrb.fgov.be/p/fr/899/la-gratuite-des-deplacements-domicile-travail-en-transports-publics
selected,note-documentaire,note documentaire,conseil central de l’économie,La gratuité des déplacements domicile-travail en transports publics,2021-09-15,2021,0.129,0.387,312.706,938.118,note-documentaire/2021-09-13-04-51-32_8020_3.pdf,yes,https://www.ccecrb.fgov.be/dpics/fichiers/2021-09-13-04-51-32_8020.pdf,https://www.ccecrb.fgov.be/p/fr/899/la-gratuite-des-deplacements-domicile-travail-en-transports-publics
selected,note-documentaire,note documentaire,conseil central de l’économie,La gratuité des déplacements domicile-travail en transports publics,2021-09-15,2021,0.129,0.387,312.835,938.505,note-documentaire/2021-09-13-04-51-32_8020_2.pdf,yes,https://www.ccecrb.fgov.be/dpics/fichiers/2021-09-13-04-51-32_8020.pdf#page=5,https://www.ccecrb.fgov.be/p/fr/899/la-gratuite-des-deplacements-domicile-travail-en-transports-publics
selected,note-documentaire,note documentaire,conseil central de l’économie,La gratuité des déplacements domicile-travail en transports publics,2021-09-15,2021,0.129,0.387,312.964,938.892,note-documentaire/2021-09-13-04-51-32_8020_10.pdf,yes,https://www.ccecrb.fgov.be/dpics/fichiers/2021-09-13-04-51-32_8020.pdf#page=3,https://www.ccecrb.fgov.be/p/fr/899/la-gratuite-des-deplacements-domicile-travail-en-transports-publics
selected,note-documentaire,note documentaire,conseil central de l’économie,La gratuité des déplacements domicile-travail en transports publics,2021-09-15,2021,0.129,0.387,313.093,939.279,note-documentaire/2021-09-13-04-51-32_8020.pdf,yes,https://www.ccecrb.fgov.be/dpics/fichiers/2021-09-13-04-51-32_8020.pdf#page=9,https://www.ccecrb.fgov.be/p/fr/899/la-gratuite-des-deplacements-domicile-travail-en-transports-publics
selected,avis,avis,consommation,Pour le passage total aux éco-chèques électroniques,2021-09-14,2021,0.301,0.904,313.394,940.183,avis/2021-09-14-02-58-17_CCE20212600def.pdf,yes,https://www.ccecrb.fgov.be/dpics/fichiers/2021-09-14-02-58-17_CCE20212600def.pdf,https://www.ccecrb.fgov.be/p/fr/904/pour-le-passage-total-aux-eco-cheques-electroniques
selected,avis,avis,consommation,Vers une modernisation des droits des consommateurs,2021-09-08,2021,0.303,0.909,313.697,941.092,avis/2021-09-08-11-25-09_doc212500fr.pdf,yes,https://www.ccecrb.fgov.be/dpics/fichiers/2021-09-08-11-25-09_doc212500fr.pdf,https://www.ccecrb.fgov.be/p/fr/896/vers-une-modernisation-des-droits-des-consommateurs
selected,rapport-externe,Rapport externe,secteurs,Compétitivité du secteur alimentaire - juin 2021,2021-09-03,2021,0.096,0.287,313.793,941.38,rapport-externe/2021-09-14-02-14-43_CCE20212369AvantproposrapportconjonctureAlimentation2021.pdf,yes,https://www.ccecrb.fgov.be/dpics/fichiers/2021-09-14-02-14-43_CCE20212369AvantproposrapportconjonctureAlimentation2021.pdf,https://www.ccecrb.fgov.be/p/fr/903/competitivite-du-secteur-alimentaire-juin-2021
selected,rapport,rapport,secteurs,La conjoncture économique dans l'industrie alimentaire et des boissons - avril 2021,2021-08-30,2021,0.09,0.27,313.883,941.65,rapport/2021-08-30-12-10-14_doc202369fr.pdf,yes,https://www.ccecrb.fgov.be/dpics/fichiers/2021-08-30-12-10-14_doc202369fr.pdf,https://www.ccecrb.fgov.be/p/fr/892/la-conjoncture-economique-dans-l-industrie-alimentaire-et-des-boissons-avril-2021
selected,actualite,actualité,conseil central de l’économie,Vers une cohérence entre niveaux de pouvoir pour réduire les émissions dans le secteur des bâtiments,2021-08-23,2021,0.156,0.467,314.039,942.117,actualite/2021-08-19-04-54-58_doc212230fr.pdf,yes,https://www.ccecrb.fgov.be/dpics/fichiers/2021-08-19-04-54-58_doc212230fr.pdf,https://www.ccecrb.fgov.be/p/fr/891/vers-une-coherence-entre-niveaux-de-pouvoir-pour-reduire-les-emissions-dans-le-secteur-des-batiments
selected,avis,avis,clauses abusives,Obligations d'achat dans les contrats entre brasseurs-negociants en boissons et l'horeca,2021-08-03,2021,0.326,0.977,314.365,943.094,avis/2021-08-04-04-09-50_CCE20212400DEF.pdf,yes,https://www.ccecrb.fgov.be/dpics/fichiers/2021-08-04-04-09-50_CCE20212400DEF.pdf,https://www.ccecrb.fgov.be/p/fr/888/obligations-d-achat-dans-les-contrats-entre-brasseurs-negociants-en-boissons-et-l-horeca
selected,rapport,rapport,secteurs,Suivi du secteur de la distribution pendant la crise du coronavirus - juin 2021,2021-07-15,2021,0.378,1.134,314.743,944.228,rapport/2021-07-15-12-14-13_CCE20212101DEF.pdf,yes,https://www.ccecrb.fgov.be/dpics/fichiers/2021-07-15-12-14-13_CCE20212101DEF.pdf,https://www.ccecrb.fgov.be/p/fr/884/suivi-du-secteur-de-la-distribution-pendant-la-crise-du-coronavirus-juin-2021
selected,avis,avis,conseil central de l’économie,Contrôles arithmétiques et logiques des comptes annuels et l'utilisation de l’eBox,2021-07-15,2021,0.263,0.79,315.006,945.019,avis/2021-07-15-01-25-00_CCE20212190Avis.pdf,yes,https://www.ccecrb.fgov.be/dpics/fichiers/2021-07-15-01-25-00_CCE20212190Avis.pdf,https://www.ccecrb.fgov.be/p/fr/880/controles-arithmetiques-et-logiques-des-comptes-annuels-et-l-utilisation-de-l-ebox
selected,avis,avis,conseil central de l’économie,Application de l’AR de 1973 dans les entreprises de droit étranger,2021-07-15,2021,0.257,0.771,315.263,945.79,avis/2021-07-15-01-21-26_CCE20212191Avis.pdf,yes,https://www.ccecrb.fgov.be/dpics/fichiers/2021-07-15-01-21-26_CCE20212191Avis.pdf,https://www.ccecrb.fgov.be/p/fr/881/application-de-l-ar-de-1973-dans-les-entreprises-de-droit-etranger
selected,avis-conjoint,avis conjoint,conseil central de l’économie,Projet de plan d'action fédéral pour une économie circulaire,2021-07-15,2021,0.086,0.258,315.349,946.047,avis-conjoint/2021-07-15-04-32-51_CCE20212239Communiquedepresse.pdf,yes,https://www.ccecrb.fgov.be/dpics/fichiers/2021-07-15-04-32-51_CCE20212239Communiquédepresse.pdf,https://www.ccecrb.fgov.be/p/fr/882/projet-de-plan-d-action-federal-pour-une-economie-circulaire
selected,avis-conjoint,avis conjoint,conseil central de l’économie,Projet de plan d'action fédéral pour une économie circulaire,2021-07-15,2021,0.45,1.351,315.799,947.398,avis-conjoint/2021-07-15-04-06-55_CCE20212240CFDD2021a11fAvissurleprojetd_actiondeplanfederalpouruneeconomiecirculaireFRversieDEFsite.pdf,yes,https://www.ccecrb.fgov.be/dpics/fichiers/2021-07-15-04-06-55_CCE20212240CFDD2021a11fAvissurleprojetd'actiondeplanfédéralpouruneéconomiecirculaireFRversieDEFsite.pdf,https://www.ccecrb.fgov.be/p/fr/882/projet-de-plan-d-action-federal-pour-une-economie-circulaire
selected,rapport,rapport,conseil central de l’économie,Stratégie de relance – Introduction d’un engagement global des employeurs en matière de places de stage - Évaluation annuelle,2021-07-14,2021,0.254,0.762,316.053,948.16,rapport/2021-10-20-03-38-37_CCE20201375CNTrapport118.pdf,yes,https://www.ccecrb.fgov.be/dpics/fichiers/2021-10-20-03-38-37_CCE20201375CNTrapport118.pdf,https://www.ccecrb.fgov.be/p/fr/916/strategie-de-relance-introduction-d-un-engagement-global-des-employeurs-en-matiere-de-places-de-stage-evaluation-annuelle
selected,rapport,rapport,secteurs,"Le secteur papier, graphique et de l’édition pendant la crise du coronavirus",2021-07-06,2021,0.505,1.516,316.559,949.676,rapport/2021-07-06-04-10-30_CCE20211786Def.pdf,yes,https://www.ccecrb.fgov.be/dpics/fichiers/2021-07-06-04-10-30_CCE20211786Def.pdf,https://www.ccecrb.fgov.be/p/fr/879/le-secteur-papier-graphique-et-de-l-edition-pendant-la-crise-du-coronavirus
selected,avis-conjoint,avis conjoint,conseil central de l’économie,L’avant-projet de plan fédéral de développement durable 2021-2025,2021-06-07,2021,0.101,0.303,316.66,949.979,avis-conjoint/2021-06-07-03-18-54_CommuniquedepresseavisAPPFDD20212025DEF.pdf,yes,https://www.ccecrb.fgov.be/dpics/fichiers/2021-06-07-03-18-54_CommuniquédepresseavisAPPFDD20212025DEF.pdf,https://www.ccecrb.fgov.be/p/fr/867/l-avant-projet-de-plan-federal-de-developpement-durable-2021-2025
excluded_quota,rapport,rapport,secteurs,L'évolution conjoncturelle dans le secteur de la construction - juin 2021,2021-07-13,2021,0.812,2.437,316.053,948.16,rapport/2021-07-14-09-33-41_CCE20212149DEF.pdf,yes,https://www.ccecrb.fgov.be/dpics/fichiers/2021-07-14-09-33-41_CCE20212149DEF.pdf,https://www.ccecrb.fgov.be/p/fr/883/l-evolution-conjoncturelle-dans-le-secteur-de-la-construction-juin-2021
excluded_quota,avis,avis,consommation,Vers une facture énergétique simplifiée et clarifiée,2021-07-06,2021,0.367,1.1,316.559,949.676,avis/2021-07-07-01-36-25_CCE20212130Avis.pdf,yes,https://www.ccecrb.fgov.be/dpics/fichiers/2021-07-07-01-36-25_CCE20212130Avis.pdf,https://www.ccecrb.fgov.be/p/fr/878/vers-une-facture-energetique-simplifiee-et-clarifiee
excluded_quota,avis,avis,conseil central de l’économie,Les abonnements flexibles de la SNCB,2021-06-29,2021,0.323,0.97,316.559,949.676,avis/2021-07-05-08-27-00_doc212001fr.pdf,yes,https://www.ccecrb.fgov.be/dpics/fichiers/2021-07-05-08-27-00_doc212001fr.pdf,https://www.ccecrb.fgov.be/p/fr/876/les-abonnements-flexibles-de-la-sncb
excluded_quota,avis,avis,conseil central de l’économie,Vers de nouveaux contrats de gestion pour la SNCB et Infrabel,2021-06-29,2021,0.421,1.263,316.559,949.676,avis/2021-07-01-03-24-06_doc212000fr.pdf,yes,https://www.ccecrb.fgov.be/dpics/fichiers/2021-07-01-03-24-06_doc212000fr.pdf,https://www.ccecrb.fgov.be/p/fr/875/vers-de-nouveaux-contrats-de-gestion-pour-la-sncb-et-infrabel
excluded_quota,avis-conjoint,avis conjoint,consommation,Nécessité d’une politique coordonnée pour une logistique de l’e-commerce et un last mile durables,2021-06-28,2021,0.373,1.118,316.559,949.676,avis-conjoint/2021-06-29-05-02-47_CCE20211970Avis.pdf,yes,https://www.ccecrb.fgov.be/dpics/fichiers/2021-06-29-05-02-47_CCE20211970Avis.pdf,https://www.ccecrb.fgov.be/p/fr/872/necessite-d-une-politique-coordonnee-pour-une-logistique-de-l-e-commerce-et-un-last-mile-durables
excluded_quota,avis-conjoint,avis conjoint,conseil central de l’économie,Avis sur la transposition de la directive « RED II »,2021-06-23,2021,0.4,1.2,316.559,949.676,avis-conjoint/2021-06-23-01-46-45_CCE20211930.pdf,yes,https://www.ccecrb.fgov.be/dpics/fichiers/2021-06-23-01-46-45_CCE20211930.pdf,https://www.ccecrb.fgov.be/p/fr/871/avis-sur-la-transposition-de-la-directive-red-ii-
excluded_quota,avis,avis,secteurs,Vision du secteur concernant l’avant-projet de plan fédéral de développement durable 2021-2025,2021-06-17,2021,0.368,1.105,316.559,949.676,avis/2021-06-21-04-45-14_doc211846fr.pdf,yes,https://www.ccecrb.fgov.be/dpics/fichiers/2021-06-21-04-45-14_doc211846fr.pdf,https://www.ccecrb.fgov.be/p/fr/868/vision-du-secteur-concernant-l-avant-projet-de-plan-federal-de-developpement-durable-2021-2025
excluded_quota,avis,avis,conseil central de l’économie,Indicateurs de la qualité de l’emploi et de la concertation collective,2021-06-07,2021,0.875,2.624,316.559,949.676,avis/2021-06-09-11-01-12_doc211657fr.pdf,yes,https://www.ccecrb.fgov.be/dpics/fichiers/2021-06-09-11-01-12_doc211657fr.pdf,https://www.ccecrb.fgov.be/p/fr/865/indicateurs-de-la-qualite-de-l-emploi-et-de-la-concertation-collective
excluded_quota,avis,avis,conseil central de l’économie,Indicateurs de la qualité de l’emploi et de la concertation collective,2021-06-07,2021,0.109,0.328,316.559,949.676,avis/2021-06-07-03-16-25_CommuniquedepresseavisSDG8du07062021.pdf,yes,https://www.ccecrb.fgov.be/dpics/fichiers/2021-06-07-03-16-25_CommuniquédepresseavisSDG8du07062021.pdf,https://www.ccecrb.fgov.be/p/fr/865/indicateurs-de-la-qualite-de-l-emploi-et-de-la-concertation-collective
excluded_quota,avis-conjoint,avis conjoint,consommation,Carburants d’origine renouvelable destinés au secteur du transport,2021-06-07,2021,0.247,0.74,316.559,949.676,avis-conjoint/2021-06-07-11-58-33_CCE20211540def.pdf,yes,https://www.ccecrb.fgov.be/dpics/fichiers/2021-06-07-11-58-33_CCE20211540def.pdf,https://www.ccecrb.fgov.be/p/fr/864/carburants-d-origine-renouvelable-destines-au-secteur-du-transport
excluded_quota,avis-conjoint,avis conjoint,conseil central de l’économie,L’avant-projet de plan fédéral de développement durable 2021-2025,2021-06-07,2021,0.674,2.022,316.559,949.676,avis-conjoint/2021-06-07-06-48-30_doc211665fr.pdf,yes,https://www.ccecrb.fgov.be/dpics/fichiers/2021-06-07-06-48-30_doc211665fr.pdf,https://www.ccecrb.fgov.be/p/fr/867/l-avant-projet-de-plan-federal-de-developpement-durable-2021-2025
excluded_quota,avis,avis,concurrence,Réglementer les géants du numérique,2021-06-03,2021,0.128,0.385,316.66,949.979,avis/2021-06-07-01-54-28_CCE20211600DEF.pdf,yes,https://www.ccecrb.fgov.be/dpics/fichiers/2021-06-07-01-54-28_CCE20211600DEF.pdf,https://www.ccecrb.fgov.be/p/fr/866/reglementer-les-geants-du-numerique
excluded_quota,avis-conjoint,avis conjoint,consommation,Vers une diminution des produits à usage unique,2021-06-02,2021,0.379,1.137,316.66,949.979,avis-conjoint/2021-06-02-02-47-26_CCE20211535DEF.pdf,yes,https://www.ccecrb.fgov.be/dpics/fichiers/2021-06-02-02-47-26_CCE20211535DEF.pdf,https://www.ccecrb.fgov.be/p/fr/860/vers-une-diminution-des-produits-a-usage-unique
excluded_quota,avis-conjoint,avis conjoint,conseil central de l’économie,A.R. relatif aux produits conçus pour être évacués dans les toilettes,2021-06-01,2021,0.197,0.59,316.66,949.979,avis-conjoint/2021-06-01-02-10-12_CCE20211530def.pdf,yes,https://www.ccecrb.fgov.be/dpics/fichiers/2021-06-01-02-10-12_CCE20211530def.pdf,https://www.ccecrb.fgov.be/p/fr/858/a-r-relatif-aux-produits-concus-pour-etre-evacues-dans-les-toilettes
excluded_quota,avis,avis,clauses abusives,Conditions générales dans le secteur postal,2021-05-28,2021,0.733,2.2,316.66,949.979,avis/2021-07-28-09-45-57_CCE20212220Avis.pdf,yes,https://www.ccecrb.fgov.be/dpics/fichiers/2021-07-28-09-45-57_CCE20212220Avis.pdf,https://www.ccecrb.fgov.be/p/fr/887/conditions-generales-dans-le-secteur-postal
excluded_quota,actualite,actualité,secteurs,Attention à l’impact de notre fiscalité indirecte élevée sur les achats transfrontaliers,2021-05-27,2021,0.087,0.261,316.66,949.979,actualite/2021-05-27-02-46-47_doc211263fr.pdf,yes,https://www.ccecrb.fgov.be/dpics/fichiers/2021-05-27-02-46-47_doc211263fr.pdf,https://www.ccecrb.fgov.be/p/fr/859/attention-a-l-impact-de-notre-fiscalite-indirecte-elevee-sur-les-achats-transfrontaliers
excluded_quota,avis,avis,consommation,Transposition des directives européennes concernant la vente aux consommateurs,2021-05-21,2021,0.2,0.601,316.66,949.979,avis/2021-05-21-02-40-15_CCE20211420def.pdf,yes,https://www.ccecrb.fgov.be/dpics/fichiers/2021-05-21-02-40-15_CCE20211420def.pdf,https://www.ccecrb.fgov.be/p/fr/855/transposition-des-directives-europeennes-concernant-la-vente-aux-consommateurs
excluded_quota,avis,avis,conseil central de l’économie,Évaluation du caractère fidèle et suffisant des données financières et comptables,2021-05-18,2021,0.118,0.355,316.66,949.979,avis/2021-05-12-08-53-14_doc211330fr.pdf,yes,https://www.ccecrb.fgov.be/dpics/fichiers/2021-05-12-08-53-14_doc211330fr.pdf,https://www.ccecrb.fgov.be/p/fr/853/evaluation-du-caractere-fidele-et-suffisant-des-donnees-financieres-et-comptables
excluded_quota,avis,avis,consommation,La dénomination et les caractéristiques des carburants alternatifs,2021-05-17,2021,0.153,0.458,316.66,949.979,avis/2021-05-18-09-34-38_CCE20211300Ladenominationetlescaracteristiquesdescarburantsalternatifs.pdf,yes,https://www.ccecrb.fgov.be/dpics/fichiers/2021-05-18-09-34-38_CCE20211300Ladénominationetlescaractéristiquesdescarburantsalternatifs.pdf,https://www.ccecrb.fgov.be/p/fr/854/la-denomination-et-les-caracteristiques-des-carburants-alternatifs
excluded_quota,avis,avis,conseil central de l’économie,L’édition 2021 du diagnostic fédéral sur les déplacements domicile-travail,2021-05-11,2021,0.424,1.273,316.66,949.979,avis/2021-05-11-05-07-35_doc211340fr.pdf,yes,https://www.ccecrb.fgov.be/dpics/fichiers/2021-05-11-05-07-35_doc211340fr.pdf,https://www.ccecrb.fgov.be/p/fr/844/l-edition-2021-du-diagnostic-federal-sur-les-deplacements-domicile-travail
excluded_quota,avis,avis,secteurs,Les priorités pour améliorer la formation et l’emploi à l’horizon 2030,2021-05-10,2021,0.25,0.749,316.66,949.979,avis/2021-05-20-10-49-54_CCE20211301Avisdef.pdf,yes,https://www.ccecrb.fgov.be/dpics/fichiers/2021-05-20-10-49-54_CCE20211301Avisdef.pdf,https://www.ccecrb.fgov.be/p/fr/856/les-priorites-pour-ameliorer-la-formation-et-l-emploi-a-l-horizon-2030
excluded_quota,avis,avis,secteurs,Les priorités pour améliorer la formation et l’emploi à l’horizon 2030,2021-05-10,2021,0.098,0.294,316.66,949.979,avis/2021-05-20-03-17-58_comdepresse20211421.pdf,yes,https://www.ccecrb.fgov.be/dpics/fichiers/2021-05-20-03-17-58_comdepresse20211421.pdf,https://www.ccecrb.fgov.be/p/fr/856/les-priorites-pour-ameliorer-la-formation-et-l-emploi-a-l-horizon-2030
excluded_quota,rapport,rapport,secteurs,Grandes différences de taxes indirectes sur les boissons entre la Belgique et les pays voisins,2021-05-06,2021,0.517,1.552,316.66,949.979,rapport/2021-05-19-01-30-56_CCE20211258Rapportcomparaisondestaxesetdesachatstransfrontaliersdecertainesboissons.pdf,yes,https://www.ccecrb.fgov.be/dpics/fichiers/2021-05-19-01-30-56_CCE20211258Rapportcomparaisondestaxesetdesachatstransfrontaliersdecertainesboissons.pdf,https://www.ccecrb.fgov.be/p/fr/852/grandes-differences-de-taxes-indirectes-sur-les-boissons-entre-la-belgique-et-les-pays-voisins
excluded_quota,avis,avis,conseil central de l’économie,Adaptations au bien-être des prestations sociales dans le régime des indépendants pour la période 2021-2022,2021-04-29,2021,0.376,1.127,316.66,949.979,avis/2021-05-03-11-58-00_doc211260fr.pdf,yes,https://www.ccecrb.fgov.be/dpics/fichiers/2021-05-03-11-58-00_doc211260fr.pdf,https://www.ccecrb.fgov.be/p/fr/851/adaptations-au-bien-etre-des-prestations-sociales-dans-le-regime-des-independants-pour-la-periode-2021-2022
excluded_quota,rapport,rapport,secteurs,Vision d’experts sur une logistique durable de l’e-commerce,2021-04-28,2021,0.572,1.716,316.66,949.979,rapport/2021-04-28-01-41-41_doc211014fr.pdf,yes,https://www.ccecrb.fgov.be/dpics/fichiers/2021-04-28-01-41-41_doc211014fr.pdf,https://www.ccecrb.fgov.be/p/fr/850/vision-d-experts-sur-une-logistique-durable-de-l-e-commerce
excluded_quota,avis,avis,conseil central de l’économie,Les interlocuteurs sociaux se prononcent sur la répartition de l'enveloppe bien-être,2021-04-19,2021,2.178,6.535,316.66,949.979,avis/2021-04-22-03-19-32_doc211020fr.pdf,yes,https://www.ccecrb.fgov.be/dpics/fichiers/2021-04-22-03-19-32_doc211020fr.pdf,https://www.ccecrb.fgov.be/p/fr/846/les-interlocuteurs-sociaux-se-prononcent-sur-la-repartition-de-l-enveloppe-bien-etre
excluded_quota,avis,avis,conseil central de l’économie,Les interlocuteurs sociaux se prononcent sur la répartition de l'enveloppe bien-être,2021-04-19,2021,0.063,0.19,316.66,949.979,avis/2021-04-20-03-13-29_Communiquedepresse19avril2021.pdf,yes,https://www.ccecrb.fgov.be/dpics/fichiers/2021-04-20-03-13-29_Communiquédepresse19avril2021.pdf,https://www.ccecrb.fgov.be/p/fr/846/les-interlocuteurs-sociaux-se-prononcent-sur-la-repartition-de-l-enveloppe-bien-etre
excluded_quota,rapport,rapport,secteurs,Suivi du secteur alimentaire pendant la crise du coronavirus - mars 2021,2021-04-12,2021,0.322,0.967,316.66,949.979,rapport/2021-08-10-04-05-08_CCE20211086.pdf,yes,https://www.ccecrb.fgov.be/dpics/fichiers/2021-08-10-04-05-08_CCE20211086.pdf,https://www.ccecrb.fgov.be/p/fr/890/suivi-du-secteur-alimentaire-pendant-la-crise-du-coronavirus-mars-2021
excluded_quota,avis,avis,conseil central de l’économie,Les conseils consultatifs se prononcent sur le volet «réformes structurelles» du Plan pour la reprise et la résilience,2021-04-12,2021,0.3,0.901,316.66,949.979,avis/2021-04-13-11-43-41_doc210900fr.pdf,yes,https://www.ccecrb.fgov.be/dpics/fichiers/2021-04-13-11-43-41_doc210900fr.pdf,https://www.ccecrb.fgov.be/p/fr/843/les-conseils-consultatifs-se-prononcent-sur-le-volet-reformes-structurelles-du-plan-pour-la-reprise-et-la-resilience
excluded_quota,avis-conjoint,avis conjoint,consommation,Garantir un meilleur suivi des différents types de carburant,2021-04-06,2021,0.201,0.603,316.66,949.979,avis-conjoint/2021-04-06-08-34-37_doc21820fr.pdf,yes,https://www.ccecrb.fgov.be/dpics/fichiers/2021-04-06-08-34-37_doc21820fr.pdf,https://www.ccecrb.fgov.be/p/fr/842/garantir-un-meilleur-suivi-des-differents-types-de-carburant
excluded_quota,avis,avis,consommation,Le coronavirus et le voyageur : nécessité d’une meilleure information,2021-03-30,2021,0.375,1.125,316.66,949.979,avis/2021-03-31-11-06-57_doc21805fr.pdf,yes,https://www.ccecrb.fgov.be/dpics/fichiers/2021-03-31-11-06-57_doc21805fr.pdf,https://www.ccecrb.fgov.be/p/fr/841/le-coronavirus-et-le-voyageur-necessite-d-une-meilleure-information
excluded_quota,avis,avis,conseil central de l’économie,Avant-projet de loi relatif aux mesures de police administrative lors d’une situation d’urgence épidémique,2021-03-30,2021,0.177,0.531,316.66,949.979,avis/2021-03-31-09-06-15_CCE_20210825.pdf,yes,https://www.ccecrb.fgov.be/dpics/fichiers/2021-03-31-09-06-15_CCE_20210825.pdf,https://www.ccecrb.fgov.be/p/fr/840/avant-projet-de-loi-relatif-aux-mesures-de-police-administrative-lors-d-une-situation-d-urgence-epidemique
excluded_quota,avis,avis,conseil central de l’économie,Avant-projet de loi relatif aux mesures de police administrative lors d’une situation d’urgence épidémique,2021-03-30,2021,0.061,0.182,316.66,949.979,avis/2021-03-30-03-10-51_Communique_de_presse_21.03.30.pdf,yes,https://www.ccecrb.fgov.be/dpics/fichiers/2021-03-30-03-10-51_Communiqué_de_presse_21.03.30.pdf,https://www.ccecrb.fgov.be/p/fr/840/avant-projet-de-loi-relatif-aux-mesures-de-police-administrative-lors-d-une-situation-d-urgence-epidemique
excluded_quota,avis,avis,conseil central de l’économie,Les conseils consultatifs se prononcent sur le volet «projets d'investissements» du Plan pour la reprise et la résilience,2021-03-25,2021,0.414,1.243,316.66,949.979,avis/2021-03-25-04-24-18_doc210760fr.pdf,yes,https://www.ccecrb.fgov.be/dpics/fichiers/2021-03-25-04-24-18_doc210760fr.pdf,https://www.ccecrb.fgov.be/p/fr/837/les-conseils-consultatifs-se-prononcent-sur-le-volet-projets-d-investissements-du-plan-pour-la-reprise-et-la-resilience
excluded_quota,avis,avis,conseil central de l’économie,Les conseils consultatifs se prononcent sur le volet «projets d'investissements» du Plan pour la reprise et la résilience,2021-03-25,2021,0.085,0.254,316.66,949.979,avis/2021-03-25-01-54-11_doc210761fr.pdf,yes,https://www.ccecrb.fgov.be/dpics/fichiers/2021-03-25-01-54-11_doc210761fr.pdf,https://www.ccecrb.fgov.be/p/fr/837/les-conseils-consultatifs-se-prononcent-sur-le-volet-projets-d-investissements-du-plan-pour-la-reprise-et-la-resilience
excluded_quota,actualite,actualité,secteurs,"Vers des marchés publics qui soutiennent au mieux l’activité et l’emploi local, dans une optique durable",2021-03-25,2021,0.06,0.18,316.66,949.979,actualite/2021-03-25-09-48-33_doc210582fr.pdf,yes,https://www.ccecrb.fgov.be/dpics/fichiers/2021-03-25-09-48-33_doc210582fr.pdf,https://www.ccecrb.fgov.be/p/fr/838/vers-des-marches-publics-qui-soutiennent-au-mieux-l-activite-et-l-emploi-local-dans-une-optique-durable
excluded_quota,article,article,conseil central de l’économie,Des pièges fiscaux en cas de chômage ?,2021-03-18,2021,0.083,0.248,316.66,949.979,article/2021-03-18-03-59-24_Fiscalevallenwerkloosheidsuitkering.pdf,yes,https://www.ccecrb.fgov.be/dpics/fichiers/2021-03-18-03-59-24_Fiscalevallenwerkloosheidsuitkering.pdf,https://www.ccecrb.fgov.be/p/fr/836/des-pieges-fiscaux-en-cas-de-chomage-
excluded_quota,actualite,actualité,consommation,The Belgian Artificial Intelligence Week,2021-03-16,2021,0.959,2.878,316.66,949.979,actualite/doc17-2170.pdf,yes,https://www.ccecrb.fgov.be/dpics/fichiers/fr/doc17-2170.pdf,https://www.ccecrb.fgov.be/p/fr/835/the-belgian-artificial-intelligence-week
excluded_quota,actualite,actualité,consommation,The Belgian Artificial Intelligence Week,2021-03-16,2021,0.453,1.359,316.66,949.979,actualite/2020-02-20-03-43-43_doc20280fr.pdf,yes,https://www.ccecrb.fgov.be/dpics/fichiers/2020-02-20-03-43-43_doc20280fr.pdf,https://www.ccecrb.fgov.be/p/fr/835/the-belgian-artificial-intelligence-week
excluded_quota,actualite,actualité,consommation,The Belgian Artificial Intelligence Week,2021-03-16,2021,0.344,1.033,316.66,949.979,actualite/2019-09-13-10-09-31_CCE20191661InternetofthingsDEF.pdf,yes,https://www.ccecrb.fgov.be/dpics/fichiers/2019-09-13-10-09-31_CCE20191661InternetofthingsDEF.pdf,https://www.ccecrb.fgov.be/p/fr/835/the-belgian-artificial-intelligence-week
excluded_quota,avis,avis,concurrence,Pour une plus grande efficacité de l’Autorité belge de la concurrence,2021-03-14,2021,0.218,0.653,316.66,949.979,avis/2021-03-16-11-04-34_CCE20210670AvisABCdef.pdf,yes,https://www.ccecrb.fgov.be/dpics/fichiers/2021-03-16-11-04-34_CCE20210670AvisABCdef.pdf,https://www.ccecrb.fgov.be/p/fr/832/pour-une-plus-grande-efficacite-de-l-autorite-belge-de-la-concurrence
excluded_quota,avis,avis,conseil central de l’économie,Les orientations stratégiques du projet de Plan pour la reprise et la résilience,2021-02-19,2021,0.106,0.318,316.66,949.979,avis/2021-03-19-02-10-49_20201204023125_doc202289fr.pdf,yes,https://www.ccecrb.fgov.be/dpics/fichiers/2021-03-19-02-10-49_20201204023125_doc202289fr.pdf,https://www.ccecrb.fgov.be/p/fr/829/les-orientations-strategiques-du-projet-de-plan-pour-la-reprise-et-la-resilience
excluded_quota,avis,avis,conseil central de l’économie,Les orientations stratégiques du projet de Plan pour la reprise et la résilience,2021-02-19,2021,0.097,0.292,316.66,949.979,avis/2021-03-18-04-40-12_2021067WebsiteCommuniquedepresseavisconjointPRR.pdf,yes,https://www.ccecrb.fgov.be/dpics/fichiers/2021-03-18-04-40-12_2021067WebsiteCommuniquédepresseavisconjointPRR.pdf,https://www.ccecrb.fgov.be/p/fr/829/les-orientations-strategiques-du-projet-de-plan-pour-la-reprise-et-la-resilience
excluded_quota,avis,avis,conseil central de l’économie,Les orientations stratégiques du projet de Plan pour la reprise et la résilience,2021-02-19,2021,0.384,1.151,316.66,949.979,avis/2021-02-19-04-06-57_doc210440fr.pdf,yes,https://www.ccecrb.fgov.be/dpics/fichiers/2021-02-19-04-06-57_doc210440fr.pdf,https://www.ccecrb.fgov.be/p/fr/829/les-orientations-strategiques-du-projet-de-plan-pour-la-reprise-et-la-resilience
excluded_quota,avis,avis,conseil central de l’économie,Les orientations stratégiques du projet de Plan pour la reprise et la résilience,2021-02-19,2021,0.106,0.318,316.66,949.979,avis/2020-12-04-02-31-25_doc202289fr.pdf,yes,https://www.ccecrb.fgov.be/dpics/fichiers/2020-12-04-02-31-25_doc202289fr.pdf,https://www.ccecrb.fgov.be/p/fr/829/les-orientations-strategiques-du-projet-de-plan-pour-la-reprise-et-la-resilience
excluded_quota,rapport,rapport,secteurs,La conjoncture économique dans l’industrie de la chimie,2021-02-10,2021,0.077,0.232,316.66,949.979,rapport/2021-02-10-10-30-23_CCE20210394.pdf,yes,https://www.ccecrb.fgov.be/dpics/fichiers/2021-02-10-10-30-23_CCE20210394.pdf,https://www.ccecrb.fgov.be/p/fr/826/la-conjoncture-economique-dans-l-industrie-de-la-chimie
excluded_quota,note-documentaire,note documentaire,conseil central de l’économie,Conséquences fiscales du cumul revenus-allocations,2021-02-09,2021,0.986,2.958,316.66,949.979,note-documentaire/2021-03-10-10-21-07_CCE20210214defsite.pdf,yes,https://www.ccecrb.fgov.be/dpics/fichiers/2021-03-10-10-21-07_CCE20210214defsite.pdf,https://www.ccecrb.fgov.be/p/fr/825/consequences-fiscales-du-cumul-revenus-allocations
excluded_quota,note-methodologique,Note méthodologique,conseil central de l’économie,Élimination ex ante et ex post des effets du tax shift dans le calcul de l’évolution du coût salarial,2021-02-04,2021,0.782,2.346,316.66,949.979,note-methodologique/2021-02-04-02-52-21_doc210317.pdf,yes,https://www.ccecrb.fgov.be/dpics/fichiers/2021-02-04-02-52-21_doc210317.pdf,https://www.ccecrb.fgov.be/p/fr/631/elimination-ex-ante-et-ex-post-des-effets-du-tax-shift-dans-le-calcul-de-l-evolution-du-cout-salarial
excluded_quota,note-methodologique,Note méthodologique,conseil central de l’économie,Élimination ex ante et ex post des effets du tax shift dans le calcul de l’évolution du coût salarial,2021-02-04,2021,0.818,2.454,316.66,949.979,note-methodologique/2021-02-04-02-51-10_doc210316.pdf,yes,https://www.ccecrb.fgov.be/dpics/fichiers/2021-02-04-02-51-10_doc210316.pdf,https://www.ccecrb.fgov.be/p/fr/631/elimination-ex-ante-et-ex-post-des-effets-du-tax-shift-dans-le-calcul-de-l-evolution-du-cout-salarial
excluded_quota,note-methodologique,Note méthodologique,conseil central de l’économie,Élimination ex ante et ex post des effets du tax shift dans le calcul de l’évolution du coût salarial,2021-02-04,2021,0.694,2.082,316.66,949.979,note-methodologique/2021-02-04-02-49-38_doc183357.pdf,yes,https://www.ccecrb.fgov.be/dpics/fichiers/2021-02-04-02-49-38_doc183357.pdf,https://www.ccecrb.fgov.be/p/fr/631/elimination-ex-ante-et-ex-post-des-effets-du-tax-shift-dans-le-calcul-de-l-evolution-du-cout-salarial
excluded_quota,note-methodologique,Note méthodologique,conseil central de l’économie,Élimination ex ante et ex post des effets du tax shift dans le calcul de l’évolution du coût salarial,2021-02-04,2021,0.63,1.891,316.66,949.979,note-methodologique/2021-02-04-02-48-55_doc172862.pdf,yes,https://www.ccecrb.fgov.be/dpics/fichiers/2021-02-04-02-48-55_doc172862.pdf,https://www.ccecrb.fgov.be/p/fr/631/elimination-ex-ante-et-ex-post-des-effets-du-tax-shift-dans-le-calcul-de-l-evolution-du-cout-salarial
excluded_quota,note-methodologique,Note méthodologique,conseil central de l’économie,Élimination ex ante et ex post des effets du tax shift dans le calcul de l’évolution du coût salarial,2021-02-04,2021,0.315,0.946,316.66,949.979,note-methodologique/2020-11-03-10-46-35_doc181782fr.pdf,yes,https://www.ccecrb.fgov.be/dpics/fichiers/2020-11-03-10-46-35_doc181782fr.pdf,https://www.ccecrb.fgov.be/p/fr/631/elimination-ex-ante-et-ex-post-des-effets-du-tax-shift-dans-le-calcul-de-l-evolution-du-cout-salarial
excluded_quota,rapport,rapport,conseil central de l’économie,Diagnostic des barrières à la rénovation énergétique des bâtiments,2021-02-03,2021,1.131,3.394,316.66,949.979,rapport/2021-02-02-01-19-29_doc210325fr.pdf,yes,https://www.ccecrb.fgov.be/dpics/fichiers/2021-02-02-01-19-29_doc210325fr.pdf,https://www.ccecrb.fgov.be/p/fr/822/diagnostic-des-barrieres-a-la-renovation-energetique-des-batiments
excluded_quota,note-documentaire,note documentaire,conseil central de l’économie,Aperçu des différents instruments visant à stimuler la rénovation énergétique,2021-02-03,2021,0.487,1.46,316.66,949.979,note-documentaire/2021-02-03-12-09-20_doc210237.pdf,yes,https://www.ccecrb.fgov.be/dpics/fichiers/2021-02-03-12-09-20_doc210237.pdf,https://www.ccecrb.fgov.be/p/fr/813/apercu-des-differents-instruments-visant-a-stimuler-la-renovation-energetique
excluded_quota,note-documentaire,note documentaire,conseil central de l’économie,Aperçu des différents instruments visant à stimuler la rénovation énergétique,2021-02-03,2021,0.875,2.624,316.66,949.979,note-documentaire/2021-02-01-10-27-12_doc210241.pdf,yes,https://www.ccecrb.fgov.be/dpics/fichiers/2021-02-01-10-27-12_doc210241.pdf,https://www.ccecrb.fgov.be/p/fr/813/apercu-des-differents-instruments-visant-a-stimuler-la-renovation-energetique
excluded_quota,note-documentaire,note documentaire,conseil central de l’économie,Aperçu des différents instruments visant à stimuler la rénovation énergétique,2021-02-03,2021,1.007,3.02,316.66,949.979,note-documentaire/2021-02-01-10-22-43_doc210236.pdf,yes,https://www.ccecrb.fgov.be/dpics/fichiers/2021-02-01-10-22-43_doc210236.pdf,https://www.ccecrb.fgov.be/p/fr/813/apercu-des-differents-instruments-visant-a-stimuler-la-renovation-energetique
excluded_quota,note-documentaire,note documentaire,conseil central de l’économie,Aperçu des différents instruments visant à stimuler la rénovation énergétique,2021-02-03,2021,1.301,3.902,316.66,949.979,note-documentaire/2021-02-01-10-21-57_doc210235.pdf,yes,https://www.ccecrb.fgov.be/dpics/fichiers/2021-02-01-10-21-57_doc210235.pdf,https://www.ccecrb.fgov.be/p/fr/813/apercu-des-differents-instruments-visant-a-stimuler-la-renovation-energetique
excluded_quota,note-documentaire,note documentaire,conseil central de l’économie,Aperçu des différents instruments visant à stimuler la rénovation énergétique,2021-02-03,2021,0.882,2.646,316.66,949.979,note-documentaire/2021-02-01-10-18-10_doc210234.pdf,yes,https://www.ccecrb.fgov.be/dpics/fichiers/2021-02-01-10-18-10_doc210234.pdf,https://www.ccecrb.fgov.be/p/fr/813/apercu-des-differents-instruments-visant-a-stimuler-la-renovation-energetique
excluded_quota,note-documentaire,note documentaire,conseil central de l’économie,Aperçu des différents instruments visant à stimuler la rénovation énergétique,2021-02-03,2021,1.01,3.029,316.66,949.979,note-documentaire/2021-02-01-10-16-40_doc210233.pdf,yes,https://www.ccecrb.fgov.be/dpics/fichiers/2021-02-01-10-16-40_doc210233.pdf,https://www.ccecrb.fgov.be/p/fr/813/apercu-des-differents-instruments-visant-a-stimuler-la-renovation-energetique
excluded_quota,note-documentaire,note documentaire,conseil central de l’économie,Aperçu des différents instruments visant à stimuler la rénovation énergétique,2021-02-03,2021,0.766,2.299,316.66,949.979,note-documentaire/2021-02-01-01-22-52_doc210238.pdf,yes,https://www.ccecrb.fgov.be/dpics/fichiers/2021-02-01-01-22-52_doc210238.pdf,https://www.ccecrb.fgov.be/p/fr/813/apercu-des-differents-instruments-visant-a-stimuler-la-renovation-energetique
excluded_quota,article,article,conseil central de l’économie,L’avenir des chemins de fer belges,2021-02-02,2021,0.16,0.479,316.66,949.979,article/2021-02-02-07-47-18_toekomst_belgische_spoorwegen.pdf,yes,https://www.ccecrb.fgov.be/dpics/fichiers/2021-02-02-07-47-18_toekomst_belgische_spoorwegen.pdf,https://www.ccecrb.fgov.be/p/fr/821/l-avenir-des-chemins-de-fer-belges
excluded_quota,actualite,actualité,conseil central de l’économie,L’implication du CCE dans le Plan pour la reprise et la résilience de la Belgique,2021-01-26,2021,0.106,0.318,316.66,949.979,actualite/2020-12-04-02-31-25_doc202289fr.pdf,yes,https://www.ccecrb.fgov.be/dpics/fichiers/2020-12-04-02-31-25_doc202289fr.pdf,https://www.ccecrb.fgov.be/p/fr/800/l-implication-du-cce-dans-le-plan-pour-la-reprise-et-la-resilience-de-la-belgique
excluded_quota,rapport,rapport,conseil central de l’économie,Rapport 2020 sur l’écart salarial entre femmes et hommes,2021-01-22,2021,0.315,0.946,316.66,949.979,rapport/2021-02-12-12-59-41_doc210102fr.pdf,yes,https://www.ccecrb.fgov.be/dpics/fichiers/2021-02-12-12-59-41_doc210102fr.pdf,https://www.ccecrb.fgov.be/p/fr/819/rapport-2020-sur-l-ecart-salarial-entre-femmes-et-hommes
excluded_quota,rapport,rapport,conseil central de l’économie,Rapport 2020 sur le handicap des coûts salariaux,2021-01-22,2021,0.337,1.012,316.66,949.979,rapport/2021-02-01-01-57-08_doc210101fr_2.pdf,yes,https://www.ccecrb.fgov.be/dpics/fichiers/2021-02-01-01-57-08_doc210101fr.pdf,https://www.ccecrb.fgov.be/p/fr/820/rapport-2020-sur-le-handicap-des-couts-salariaux
excluded_quota,rapport,rapport,conseil central de l’économie,Les quatre rapports 2020 sur les coûts salariaux,2021-01-22,2021,0.337,1.012,316.66,949.979,rapport/2021-02-01-01-57-08_doc210101fr.pdf,yes,https://www.ccecrb.fgov.be/dpics/fichiers/2021-02-01-01-57-08_doc210101fr.pdf,https://www.ccecrb.fgov.be/p/fr/818/les-quatre-rapports-2020-sur-les-couts-salariaux
excluded_quota,rapport,rapport,conseil central de l’économie,Rapport 2020 sur les avantages non récurrents liés aux résultats,2021-01-22,2021,0.256,0.768,316.66,949.979,rapport/2021-01-27-08-49-23_doc210103fr.pdf,yes,https://www.ccecrb.fgov.be/dpics/fichiers/2021-01-27-08-49-23_doc210103fr.pdf,https://www.ccecrb.fgov.be/p/fr/816/rapport-2020-sur-les-avantages-non-recurrents-lies-aux-resultats
excluded_quota,avis,avis,conseil central de l’économie,Le prix des cartes train à partir du 1er février 2021,2021-01-20,2021,0.098,0.295,316.66,949.979,avis/2021-01-21-11-26-25_doc210124fr.pdf,yes,https://www.ccecrb.fgov.be/dpics/fichiers/2021-01-21-11-26-25_doc210124fr.pdf,https://www.ccecrb.fgov.be/p/fr/814/le-prix-des-cartes-train-a-partir-du-1er-fevrier-2021
excluded_quota,avis,avis,conseil central de l’économie,Le prix des cartes train à partir du 1er février 2021,2021-01-20,2021,0.246,0.737,316.66,949.979,avis/2021-01-21-08-59-42_doc210125fr.pdf,yes,https://www.ccecrb.fgov.be/dpics/fichiers/2021-01-21-08-59-42_doc210125fr.pdf,https://www.ccecrb.fgov.be/p/fr/814/le-prix-des-cartes-train-a-partir-du-1er-fevrier-2021
excluded_quota,rapport,rapport,conseil central de l’économie,Rapport technique du secrétariat 2020 sur la marge maximale disponible pour l’évolution des coûts salariaux,2021-01-14,2021,2.178,6.535,316.66,949.979,rapport/2021-01-27-11-00-16_doc210100fr.pdf,yes,https://www.ccecrb.fgov.be/dpics/fichiers/2021-01-27-11-00-16_doc210100fr.pdf,https://www.ccecrb.fgov.be/p/fr/812/rapport-technique-du-secretariat-2020-sur-la-marge-maximale-disponible-pour-l-evolution-des-couts-salariaux
excluded_quota,avis,avis,consommation,Vers une politique d’inclusion numérique en Belgique,2020-12-21,2020,0.545,1.635,316.66,949.979,avis/2020-12-21-01-18-04_CCE20202550defsite.pdf,yes,https://www.ccecrb.fgov.be/dpics/fichiers/2020-12-21-01-18-04_CCE20202550defsite.pdf,https://www.ccecrb.fgov.be/p/fr/807/vers-une-politique-d-inclusion-numerique-en-belgique
excluded_quota,rapport,rapport,secteurs,L’impact du deuxième confinement sur le secteur de la construction,2020-12-18,2020,0.447,1.341,316.66,949.979,rapport/2020-12-21-05-14-38_CCE20202507.pdf,yes,https://www.ccecrb.fgov.be/dpics/fichiers/2020-12-21-05-14-38_CCE20202507.pdf,https://www.ccecrb.fgov.be/p/fr/808/l-impact-du-deuxieme-confinement-sur-le-secteur-de-la-construction
excluded_quota,rapport,rapport,conseil central de l’économie,Évaluation des conventions de premier emploi,2020-12-16,2020,1.227,3.681,316.66,949.979,rapport/2020-12-18-11-38-24_doc202570fr.pdf,yes,https://www.ccecrb.fgov.be/dpics/fichiers/2020-12-18-11-38-24_doc202570fr.pdf,https://www.ccecrb.fgov.be/p/fr/809/evaluation-des-conventions-de-premier-emploi
excluded_quota,avis,avis,conseil central de l’économie,"Le dixième rapport bisannuel du Service de lutte contre la pauvreté, la précarité et l’exclusion sociale",2020-12-16,2020,0.39,1.169,316.66,949.979,avis/2020-12-18-11-35-46_doc202560fr.pdf,yes,https://www.ccecrb.fgov.be/dpics/fichiers/2020-12-18-11-35-46_doc202560fr.pdf,https://www.ccecrb.fgov.be/p/fr/811/le-dixieme-rapport-bisannuel-du-service-de-lutte-contre-la-pauvrete-la-precarite-et-l-exclusion-sociale
excluded_quota,avis,avis,consommation,Crise du coronavirus : date de début des soldes d’hiver 2021,2020-12-03,2020,0.279,0.836,316.66,949.979,avis/2020-12-07-01-34-07_CCE20202370avisSoldescorona.pdf,yes,https://www.ccecrb.fgov.be/dpics/fichiers/2020-12-07-01-34-07_CCE20202370avisSoldescorona.pdf,https://www.ccecrb.fgov.be/p/fr/802/crise-du-coronavirus-date-de-debut-des-soldes-d-hiver-2021
excluded_quota,avis,avis,secteurs,Le nouvel accord de gouvernement examiné du point de vue du secteur de la construction,2020-12-03,2020,0.388,1.164,316.66,949.979,avis/2020-12-04-12-56-30_doc202380fr.pdf,yes,https://www.ccecrb.fgov.be/dpics/fichiers/2020-12-04-12-56-30_doc202380fr.pdf,https://www.ccecrb.fgov.be/p/fr/793/le-nouvel-accord-de-gouvernement-examine-du-point-de-vue-du-secteur-de-la-construction
excluded_quota,avis,avis,secteurs,Le nouvel accord de gouvernement examiné du point de vue du secteur de la construction,2020-12-03,2020,0.135,0.406,316.66,949.979,avis/2020-12-03-03-05-36_doc201698fr.pdf,yes,https://www.ccecrb.fgov.be/dpics/fichiers/2020-12-03-03-05-36_doc201698fr.pdf,https://www.ccecrb.fgov.be/p/fr/793/le-nouvel-accord-de-gouvernement-examine-du-point-de-vue-du-secteur-de-la-construction
excluded_quota,note-documentaire,note documentaire,consommation,Résumé des rapports annuels de 2019 de six ombudsmans,2020-12-01,2020,0.486,1.457,316.66,949.979,note-documentaire/2020-12-01-10-51-04_CCE20201616defsite.pdf,yes,https://www.ccecrb.fgov.be/dpics/fichiers/2020-12-01-10-51-04_CCE20201616defsite.pdf,https://www.ccecrb.fgov.be/p/fr/796/resume-des-rapports-annuels-de-2019-de-six-ombudsmans
excluded_quota,avis,avis,concurrence,Le renforcement de l’efficacité des autorités nationales de concurrence,2020-12-01,2020,0.36,1.079,316.66,949.979,avis/2020-12-02-12-18-33_doc202321fr.pdf,yes,https://www.ccecrb.fgov.be/dpics/fichiers/2020-12-02-12-18-33_doc202321fr.pdf,https://www.ccecrb.fgov.be/p/fr/799/le-renforcement-de-l-efficacite-des-autorites-nationales-de-concurrence
excluded_quota,avis,avis,secteurs,L’e-commerce et le secteur classique de la distribution pendant la crise du coronavirus,2020-12-01,2020,0.3,0.901,316.66,949.979,avis/2020-12-01-04-58-11_CCE20202280defsite.pdf,yes,https://www.ccecrb.fgov.be/dpics/fichiers/2020-12-01-04-58-11_CCE20202280defsite.pdf,https://www.ccecrb.fgov.be/p/fr/798/l-e-commerce-et-le-secteur-classique-de-la-distribution-pendant-la-crise-du-coronavirus
excluded_quota,avis,avis,concurrence,Le droit de la concurrence à l’épreuve de la mondialisation et des plateformes numériques,2020-12-01,2020,0.389,1.166,316.66,949.979,avis/2020-12-01-03-32-26_CCE20202320defsite.pdf,yes,https://www.ccecrb.fgov.be/dpics/fichiers/2020-12-01-03-32-26_CCE20202320defsite.pdf,https://www.ccecrb.fgov.be/p/fr/797/le-droit-de-la-concurrence-a-l-epreuve-de-la-mondialisation-et-des-plateformes-numeriques
excluded_quota,avis,avis,conseil central de l’économie,Avis sur le Rapport annuel 2020 du Conseil national de la productivité,2020-11-24,2020,0.295,0.885,316.66,949.979,avis/2020-11-26-09-03-37_doc202250fr.pdf,yes,https://www.ccecrb.fgov.be/dpics/fichiers/2020-11-26-09-03-37_doc202250fr.pdf,https://www.ccecrb.fgov.be/p/fr/792/avis-sur-le-rapport-annuel-2020-du-conseil-national-de-la-productivite
excluded_quota,article,article,conseil central de l’économie,La crise du coronavirus et notre comportement en matière de mobilité,2020-11-23,2020,0.118,0.353,316.66,949.979,article/2020-11-23-03-20-11_la_crise_du_coronavirus_et_notre_comportement_en_matiere_de_mobilite.pdf,yes,https://www.ccecrb.fgov.be/dpics/fichiers/2020-11-23-03-20-11_la_crise_du_coronavirus_et_notre_comportement_en_matiere_de_mobilite.pdf,https://www.ccecrb.fgov.be/p/fr/789/la-crise-du-coronavirus-et-notre-comportement-en-matiere-de-mobilite
excluded_quota,article,article,conseil central de l’économie,La crise du coronavirus et notre comportement en matière de mobilité,2020-11-23,2020,0.132,0.396,316.66,949.979,article/2020-11-20-11-13-27_Lauwers_interview.pdf,yes,https://www.ccecrb.fgov.be/dpics/fichiers/2020-11-20-11-13-27_Lauwers_interview.pdf,https://www.ccecrb.fgov.be/p/fr/789/la-crise-du-coronavirus-et-notre-comportement-en-matiere-de-mobilite
excluded_quota,article,article,conseil central de l’économie,La crise du coronavirus et notre comportement en matière de mobilité,2020-11-23,2020,0.107,0.32,316.66,949.979,article/2020-11-20-11-10-31_Keseru_interview.pdf,yes,https://www.ccecrb.fgov.be/dpics/fichiers/2020-11-20-11-10-31_Keseru_interview.pdf,https://www.ccecrb.fgov.be/p/fr/789/la-crise-du-coronavirus-et-notre-comportement-en-matiere-de-mobilite
excluded_quota,article,article,conseil central de l’économie,La crise du coronavirus et notre comportement en matière de mobilité,2020-11-23,2020,0.131,0.392,316.66,949.979,article/2020-11-20-11-07-25_Hubert_interview.pdf,yes,https://www.ccecrb.fgov.be/dpics/fichiers/2020-11-20-11-07-25_Hubert_interview.pdf,https://www.ccecrb.fgov.be/p/fr/789/la-crise-du-coronavirus-et-notre-comportement-en-matiere-de-mobilite
excluded_quota,article,article,conseil central de l’économie,La crise du coronavirus et notre comportement en matière de mobilité,2020-11-23,2020,0.133,0.4,316.66,949.979,article/2020-11-20-11-05-14_Dobruszkes_interview.pdf,yes,https://www.ccecrb.fgov.be/dpics/fichiers/2020-11-20-11-05-14_Dobruszkes_interview.pdf,https://www.ccecrb.fgov.be/p/fr/789/la-crise-du-coronavirus-et-notre-comportement-en-matiere-de-mobilite
excluded_quota,article,article,conseil central de l’économie,La crise du coronavirus et notre comportement en matière de mobilité,2020-11-23,2020,0.098,0.294,316.66,949.979,article/2020-11-20-11-02-56_DeBorger_interview.pdf,yes,https://www.ccecrb.fgov.be/dpics/fichiers/2020-11-20-11-02-56_DeBorger_interview.pdf,https://www.ccecrb.fgov.be/p/fr/789/la-crise-du-coronavirus-et-notre-comportement-en-matiere-de-mobilite
excluded_quota,article,article,conseil central de l’économie,La crise du coronavirus et notre comportement en matière de mobilité,2020-11-23,2020,0.112,0.337,316.66,949.979,article/2020-11-20-11-00-24_Proost_interview.pdf,yes,https://www.ccecrb.fgov.be/dpics/fichiers/2020-11-20-11-00-24_Proost_interview.pdf,https://www.ccecrb.fgov.be/p/fr/789/la-crise-du-coronavirus-et-notre-comportement-en-matiere-de-mobilite
excluded_quota,article,article,conseil central de l’économie,La crise du coronavirus et notre comportement en matière de mobilité,2020-11-23,2020,0.14,0.421,316.66,949.979,article/2020-11-20-10-57-57_Cornelis_interview.pdf,yes,https://www.ccecrb.fgov.be/dpics/fichiers/2020-11-20-10-57-57_Cornelis_interview.pdf,https://www.ccecrb.fgov.be/p/fr/789/la-crise-du-coronavirus-et-notre-comportement-en-matiere-de-mobilite
excluded_quota,note-documentaire,note documentaire,secteurs,Le renforcement des géants du numérique en période de confinement,2020-11-20,2020,0.978,2.933,316.66,949.979,note-documentaire/2020-11-20-03-46-19_CCE20202001Lerenforcementdesgrandesplateformespendantleconfinement.pdf,yes,https://www.ccecrb.fgov.be/dpics/fichiers/2020-11-20-03-46-19_CCE20202001Lerenforcementdesgrandesplateformespendantleconfinement.pdf,https://www.ccecrb.fgov.be/p/fr/790/le-renforcement-des-geants-du-numerique-en-periode-de-confinement
excluded_quota,rapport,rapport,conseil central de l’économie,La rémunération en fonction de l’ancienneté,2020-11-19,2020,1.033,3.098,316.66,949.979,rapport/2020-11-20-10-08-59_doc202180fr.pdf,yes,https://www.ccecrb.fgov.be/dpics/fichiers/2020-11-20-10-08-59_doc202180fr.pdf,https://www.ccecrb.fgov.be/p/fr/788/la-remuneration-en-fonction-de-l-anciennete
excluded_quota,avis,avis,consommation,Les écrans buccaux en plastique ne sont pas une alternative sûre aux masques buccaux,2020-11-05,2020,0.283,0.85,316.66,949.979,avis/2020-11-10-04-54-33_CCE20202120Avisecransbuccauxenplastique.pdf,yes,https://www.ccecrb.fgov.be/dpics/fichiers/2020-11-10-04-54-33_CCE20202120Avisécransbuccauxenplastique.pdf,https://www.ccecrb.fgov.be/p/fr/786/les-ecrans-buccaux-en-plastique-ne-sont-pas-une-alternative-sure-aux-masques-buccaux
excluded_quota,rapport,rapport,secteurs,"La conjoncture dans le secteur papetier, graphique et de l’édition à l’automne 2020",2020-11-02,2020,0.912,2.736,316.66,949.979,rapport/2020-11-03-04-20-10_CCE20201918DEFsite.pdf,yes,https://www.ccecrb.fgov.be/dpics/fichiers/2020-11-03-04-20-10_CCE20201918DEFsite.pdf,https://www.ccecrb.fgov.be/p/fr/784/la-conjoncture-dans-le-secteur-papetier-graphique-et-de-l-edition-a-l-automne-2020
excluded_quota,avis,avis,secteurs,Prenez soin des médias (locaux) et ils seront le levier de la relance du tissu social et économique (local),2020-11-02,2020,0.346,1.039,316.66,949.979,avis/2020-11-04-11-07-35_CCE20202000defsite.pdf,yes,https://www.ccecrb.fgov.be/dpics/fichiers/2020-11-04-11-07-35_CCE20202000defsite.pdf,https://www.ccecrb.fgov.be/p/fr/785/prenez-soin-des-medias-locaux-et-ils-seront-le-levier-de-la-relance-du-tissu-social-et-economique-local-
excluded_quota,article,article,conseil central de l’économie,Brexit : existe-t-il encore un espoir ?,2020-10-29,2020,0.072,0.215,316.66,949.979,article/2020-10-29-12-07-57_Brexit_situation_201028.pdf,yes,https://www.ccecrb.fgov.be/dpics/fichiers/2020-10-29-12-07-57_Brexit_situation_201028.pdf,https://www.ccecrb.fgov.be/p/fr/783/brexit-existe-t-il-encore-un-espoir-
excluded_quota,note-methodologique,Note méthodologique,conseil central de l’économie,Adaptation de la série du coût salarial horaire en Belgique 1996-2001 suite à la révision des comptes nationaux concernant l’estimation du travail au noir,2020-10-20,2020,0.498,1.494,316.66,949.979,note-methodologique/2020-10-20-05-32-03_doc201665.pdf,yes,https://www.ccecrb.fgov.be/dpics/fichiers/2020-10-20-05-32-03_doc201665.pdf,https://www.ccecrb.fgov.be/p/fr/782/adaptation-de-la-serie-du-cout-salarial-horaire-en-belgique-1996-2001-suite-a-la-revision-des-comptes-nationaux-concernant-l-estimation-du-travail-au-noir
excluded_quota,rapport,rapport,conseil central de l’économie,"Paix sociale, impact des niveaux de salaires sur le marché du travail, influence de l'ancienneté sur les salaires",2020-10-16,2020,0.218,0.654,316.66,949.979,rapport/2020-11-24-10-56-54_doc201890fr.pdf,yes,https://www.ccecrb.fgov.be/dpics/fichiers/2020-11-24-10-56-54_doc201890fr.pdf,https://www.ccecrb.fgov.be/p/fr/791/paix-sociale-impact-des-niveaux-de-salaires-sur-le-marche-du-travail-influence-de-l-anciennete-sur-les-salaires
excluded_quota,rapport,rapport,conseil central de l’économie,Se projeter dans l’avenir pour dépasser la crise - Rapport Emploi Compétitivité 2020,2020-10-16,2020,0.442,1.325,316.66,949.979,rapport/2020-10-16-02-08-38_REC2020FR.pdf,yes,https://www.ccecrb.fgov.be/dpics/fichiers/2020-10-16-02-08-38_REC2020FR.pdf,https://www.ccecrb.fgov.be/p/fr/780/se-projeter-dans-l-avenir-pour-depasser-la-crise-rapport-emploi-competitivite-2020
excluded_quota,avis-conjoint,avis conjoint,conseil central de l’économie,Réduction de l’intensité de gaz à effet de serre de l'énergie destinée au transport,2020-10-14,2020,0.369,1.106,316.66,949.979,avis-conjoint/2020-10-15-02-09-00_CCE20201900defsite.pdf,yes,https://www.ccecrb.fgov.be/dpics/fichiers/2020-10-15-02-09-00_CCE20201900defsite.pdf,https://www.ccecrb.fgov.be/p/fr/781/reduction-de-l-intensite-de-gaz-a-effet-de-serre-de-l-energie-destinee-au-transport
excluded_quota,note-methodologique,Note méthodologique,conseil central de l’économie,Indicateurs de formation en alternance,2020-10-06,2020,0.466,1.398,316.66,949.979,note-methodologique/2020-10-15-01-26-55_CCE20201675.pdf,yes,https://www.ccecrb.fgov.be/dpics/fichiers/2020-10-15-01-26-55_CCE20201675.pdf,https://www.ccecrb.fgov.be/p/fr/778/indicateurs-de-formation-en-alternance
excluded_quota,note-documentaire,note documentaire,secteurs,Vision d’experts sur les investissements en infrastructures durables,2020-10-02,2020,0.584,1.752,316.66,949.979,note-documentaire/2020-12-04-12-14-45_doc202271.pdf,yes,https://www.ccecrb.fgov.be/dpics/fichiers/2020-12-04-12-14-45_doc202271.pdf,https://www.ccecrb.fgov.be/p/fr/795/vision-d-experts-sur-les-investissements-en-infrastructures-durables
excluded_quota,note-documentaire,note documentaire,secteurs,"Le secteur de la construction, un partenaire pour une politique climatique sociale et économique ambitieuse",2020-10-02,2020,0.639,1.917,316.66,949.979,note-documentaire/2020-12-04-11-26-22_doc202270.pdf,yes,https://www.ccecrb.fgov.be/dpics/fichiers/2020-12-04-11-26-22_doc202270.pdf,https://www.ccecrb.fgov.be/p/fr/794/le-secteur-de-la-construction-un-partenaire-pour-une-politique-climatique-sociale-et-economique-ambitieuse
excluded_quota,avis,avis,conseil central de l’économie,Objectifs de développement durable : avis du CCE et du CNT sur l’éducation et la formation,2020-09-29,2020,0.439,1.316,316.66,949.979,avis/2020-10-13-09-55-18_doc201770fr.pdf,yes,https://www.ccecrb.fgov.be/dpics/fichiers/2020-10-13-09-55-18_doc201770fr.pdf,https://www.ccecrb.fgov.be/p/fr/777/objectifs-de-developpement-durable-avis-du-cce-et-du-cnt-sur-l-education-et-la-formation
excluded_quota,avis,avis,secteurs,Reconnaissance en tant qu’expert en diamants : pour une organisation plus efficace de l’épreuve d’aptitude,2020-09-25,2020,0.269,0.807,316.66,949.979,avis/2020-09-25-03-35-28_CCE20201700.pdf,yes,https://www.ccecrb.fgov.be/dpics/fichiers/2020-09-25-03-35-28_CCE20201700.pdf,https://www.ccecrb.fgov.be/p/fr/775/reconnaissance-en-tant-qu-expert-en-diamants-pour-une-organisation-plus-efficace-de-l-epreuve-d-aptitude
excluded_quota,actualite,actualité,conseil central de l’économie,Benoît Bayenet succède à Robert Tollet à la présidence du Conseil central de l'économie,2020-09-01,2020,0.226,0.678,316.66,949.979,actualite/2020-09-07-03-26-08_nomination_Bayenet.pdf,yes,https://www.ccecrb.fgov.be/dpics/fichiers/2020-09-07-03-26-08_nomination_Bayenet.pdf,https://www.ccecrb.fgov.be/p/fr/774/benoit-bayenet-succede-a-robert-tollet-a-la-presidence-du-conseil-central-de-l-economie
excluded_quota,actualite,actualité,conseil central de l’économie,Journée d’étude des vice-présidents du Conseil central de l’économie,2020-08-31,2020,1.126,3.378,316.66,949.979,actualite/2020-08-31-11-14-50_tatdeslieuxdesimpactssocioeconomiquesdelacriselieeaucoronavirusLucDenayer.pdf,yes,https://www.ccecrb.fgov.be/dpics/fichiers/2020-08-31-11-14-50_tatdeslieuxdesimpactssocioéconomiquesdelacriseliéeaucoronavirusLucDenayer.pdf,https://www.ccecrb.fgov.be/p/fr/773/journee-d-etude-des-vice-presidents-du-conseil-central-de-l-economie
excluded_quota,actualite,actualité,conseil central de l’économie,Journée d’étude des vice-présidents du Conseil central de l’économie,2020-08-31,2020,1.989,5.967,316.66,949.979,actualite/2020-08-31-11-11-39_EconomischbeleidnaCOVIDErikSchokkaert.pdf,yes,https://www.ccecrb.fgov.be/dpics/fichiers/2020-08-31-11-11-39_EconomischbeleidnaCOVIDErikSchokkaert.pdf,https://www.ccecrb.fgov.be/p/fr/773/journee-d-etude-des-vice-presidents-du-conseil-central-de-l-economie
excluded_quota,actualite,actualité,conseil central de l’économie,Journée d’étude des vice-présidents du Conseil central de l’économie,2020-08-31,2020,3.325,9.974,316.66,949.979,actualite/2020-08-31-11-10-24_Covid19crisisandEconomicJoepKonings.pdf,yes,https://www.ccecrb.fgov.be/dpics/fichiers/2020-08-31-11-10-24_Covid‐19crisisandEconomicJoepKonings.pdf,https://www.ccecrb.fgov.be/p/fr/773/journee-d-etude-des-vice-presidents-du-conseil-central-de-l-economie
excluded_quota,actualite,actualité,consommation,Les organisations de consommateurs et les organisations professionnelles appellent à un assouplissement de l’obligation d’aller faire seul ses achats,2020-08-05,2020,0.051,0.153,316.66,949.979,actualite/2020-08-05-04-06-15_CCE20201442Muylle.pdf,yes,https://www.ccecrb.fgov.be/dpics/fichiers/2020-08-05-04-06-15_CCE20201442Muylle.pdf,https://www.ccecrb.fgov.be/p/fr/768/les-organisations-de-consommateurs-et-les-organisations-professionnelles-appellent-a-un-assouplissement-de-l-obligation-d-aller-faire-seul-ses-achats
excluded_quota,note-documentaire,note documentaire,conseil central de l’économie,L’estimation de l’impact du COVID-19 sur l’économie : vue d’ensemble par institution,2020-07-30,2020,0.33,0.99,316.66,949.979,note-documentaire/2020-07-31-11-42-10_doc201425fr.pdf,yes,https://www.ccecrb.fgov.be/dpics/fichiers/2020-07-31-11-42-10_doc201425fr.pdf,https://www.ccecrb.fgov.be/p/fr/767/l-estimation-de-l-impact-du-covid-19-sur-l-economie-vue-d-ensemble-par-institution
excluded_quota,rapport,rapport,secteurs,Suivi du secteur de la distribution pendant la crise du coronavirus,2020-07-15,2020,0.355,1.064,316.66,949.979,rapport/2020-07-15-02-22-37_doc201376fr.pdf,yes,https://www.ccecrb.fgov.be/dpics/fichiers/2020-07-15-02-22-37_doc201376fr.pdf,https://www.ccecrb.fgov.be/p/fr/765/suivi-du-secteur-de-la-distribution-pendant-la-crise-du-coronavirus
excluded_quota,avis,avis,consommation,Pour une modernisation et un renforcement de la protection des consommateurs,2020-07-15,2020,2.726,8.179,316.66,949.979,avis/2020-07-16-10-19-59_CCE20201320AvisdirectiveOmnibusDEF.pdf,yes,https://www.ccecrb.fgov.be/dpics/fichiers/2020-07-16-10-19-59_CCE20201320AvisdirectiveOmnibusDEF.pdf,https://www.ccecrb.fgov.be/p/fr/766/pour-une-modernisation-et-un-renforcement-de-la-protection-des-consommateurs
excluded_quota,rapport,rapport,secteurs,L'évolution conjoncturelle dans le secteur de la construction - juin 2020,2020-07-07,2020,0.719,2.156,316.66,949.979,rapport/2020-07-07-04-30-27_CCE20201266DEFsite.pdf,yes,https://www.ccecrb.fgov.be/dpics/fichiers/2020-07-07-04-30-27_CCE20201266DEFsite.pdf,https://www.ccecrb.fgov.be/p/fr/764/l-evolution-conjoncturelle-dans-le-secteur-de-la-construction-juin-2020
excluded_quota,rapport,rapport,secteurs,La conjoncture économique dans l'industrie alimentaire et des boissons 2020,2020-06-29,2020,0.096,0.287,316.66,949.979,rapport/2020-07-01-10-18-58_doc201282f.pdf,yes,https://www.ccecrb.fgov.be/dpics/fichiers/2020-07-01-10-18-58_doc201282f.pdf,https://www.ccecrb.fgov.be/p/fr/762/la-conjoncture-economique-dans-l-industrie-alimentaire-et-des-boissons-2020
excluded_quota,rapport,rapport,secteurs,L’emploi dans l’industrie alimentaire,2020-06-22,2020,0.762,2.287,316.66,949.979,rapport/2020-06-22-09-27-31_CCE20200873defsite.pdf,yes,https://www.ccecrb.fgov.be/dpics/fichiers/2020-06-22-09-27-31_CCE20200873defsite.pdf,https://www.ccecrb.fgov.be/p/fr/761/l-emploi-dans-l-industrie-alimentaire
excluded_quota,rapport,rapport,secteurs,Suivi du secteur alimentaire pendant la crise du coronavirus,2020-05-29,2020,0.304,0.912,316.66,949.979,rapport/2020-06-05-03-25-45_doc201074fr.pdf,yes,https://www.ccecrb.fgov.be/dpics/fichiers/2020-06-05-03-25-45_doc201074fr.pdf,https://www.ccecrb.fgov.be/p/fr/759/suivi-du-secteur-alimentaire-pendant-la-crise-du-coronavirus
excluded_quota,avis,avis,conseil central de l’économie,Contribution du CCE et du CNT dans le cadre de la préparation du Programme national de réforme 2020,2020-05-27,2020,0.263,0.789,316.66,949.979,avis/2020-05-27-03-56-29_doc201065fr.pdf,yes,https://www.ccecrb.fgov.be/dpics/fichiers/2020-05-27-03-56-29_doc201065fr.pdf,https://www.ccecrb.fgov.be/p/fr/758/contribution-du-cce-et-du-cnt-dans-le-cadre-de-la-preparation-du-programme-national-de-reforme-2020
excluded_quota,article,article,conseil central de l’économie,Les déplacements domicile-travail en Belgique,2020-05-15,2020,0.813,2.438,316.66,949.979,article/2020-05-13-04-52-12_domicile_travail.pdf,yes,https://www.ccecrb.fgov.be/dpics/fichiers/2020-05-13-04-52-12_domicile_travail.pdf,https://www.ccecrb.fgov.be/p/fr/755/les-deplacements-domicile-travail-en-belgique
excluded_quota,article,article,conseil central de l’économie,"À vélo au boulot, une pratique en hausse",2020-05-15,2020,0.107,0.322,316.66,949.979,article/2020-05-12-04-39-58_velo.pdf,yes,https://www.ccecrb.fgov.be/dpics/fichiers/2020-05-12-04-39-58_vélo.pdf,https://www.ccecrb.fgov.be/p/fr/754/a-velo-au-boulot-une-pratique-en-hausse
excluded_quota,avis,avis,consommation,Traçage numérique : il faut protéger le consommateur,2020-05-06,2020,0.06,0.179,316.66,949.979,avis/2020-05-06-05-33-08_2020183VCPersberichtAdviesCoronaapp2020953F.pdf,yes,https://www.ccecrb.fgov.be/dpics/fichiers/2020-05-06-05-33-08_2020183VCPersberichtAdviesCoronaapp2020953F.pdf,https://www.ccecrb.fgov.be/p/fr/753/tracage-numerique-il-faut-proteger-le-consommateur
excluded_quota,avis,avis,consommation,Traçage numérique : il faut protéger le consommateur,2020-05-06,2020,0.355,1.066,316.66,949.979,avis/2020-05-06-05-17-28_CCE20200895Avis.pdf,yes,https://www.ccecrb.fgov.be/dpics/fichiers/2020-05-06-05-17-28_CCE20200895Avis.pdf,https://www.ccecrb.fgov.be/p/fr/753/tracage-numerique-il-faut-proteger-le-consommateur
excluded_quota,avis-conjoint,avis conjoint,conseil central de l’économie,Prolongation de la vente des carburants d’hiver en raison de la pandémie du COVID-19,2020-04-29,2020,0.35,1.05,316.66,949.979,avis-conjoint/2020-04-28-05-13-35_doc200920fr.pdf,yes,https://www.ccecrb.fgov.be/dpics/fichiers/2020-04-28-05-13-35_doc200920fr.pdf,https://www.ccecrb.fgov.be/p/fr/751/prolongation-de-la-vente-des-carburants-d-hiver-en-raison-de-la-pandemie-du-covid-19
excluded_quota,avis-conjoint,avis conjoint,consommation,"L’obsolescence programmée, une pratique commerciale déloyale",2020-04-27,2020,0.358,1.073,316.66,949.979,avis-conjoint/2020-04-23-04-21-25_doc20640fr.pdf,yes,https://www.ccecrb.fgov.be/dpics/fichiers/2020-04-23-04-21-25_doc20640fr.pdf,https://www.ccecrb.fgov.be/p/fr/750/l-obsolescence-programmee-une-pratique-commerciale-deloyale
excluded_quota,article,article,concurrence,Aides d’État au temps du coronavirus,2020-04-20,2020,0.108,0.324,316.66,949.979,article/2020-04-20-01-14-58_aides_etat_au_temps_du_coronavirus.pdf,yes,https://www.ccecrb.fgov.be/dpics/fichiers/2020-04-20-01-14-58_aides_etat_au_temps_du_coronavirus.pdf,https://www.ccecrb.fgov.be/p/fr/749/aides-d-etat-au-temps-du-coronavirus
excluded_quota,avis,avis,conseil central de l’économie,Examen de proportionnalité pour les réglementations de profession,2020-04-15,2020,0.301,0.902,316.66,949.979,avis/2020-04-15-02-35-55_CCE20200800Examendeproportionnalite.pdf,yes,https://www.ccecrb.fgov.be/dpics/fichiers/2020-04-15-02-35-55_CCE20200800Examendeproportionnalité.pdf,https://www.ccecrb.fgov.be/p/fr/747/examen-de-proportionnalite-pour-les-reglementations-de-profession
excluded_quota,article,article,consommation,Amélioration de la protection des consommateurs avec la directive 'Omnibus',2020-04-15,2020,0.13,0.39,316.66,949.979,article/2020-04-16-10-33-04_protectionduconsommateur.pdf,yes,https://www.ccecrb.fgov.be/dpics/fichiers/2020-04-16-10-33-04_protectionduconsommateur.pdf,https://www.ccecrb.fgov.be/p/fr/748/amelioration-de-la-protection-des-consommateurs-avec-la-directive-omnibus-
excluded_quota,avis,avis,consommation,Crise du coronavirus : la CCS « Consommation » se prononce sur les soldes et les ventes en liquidation,2020-04-09,2020,0.268,0.805,316.66,949.979,avis/2020-04-10-03-34-00_CCE20200795defsite.pdf,yes,https://www.ccecrb.fgov.be/dpics/fichiers/2020-04-10-03-34-00_CCE20200795defsite.pdf,https://www.ccecrb.fgov.be/p/fr/745/crise-du-coronavirus-la-ccs-consommation-se-prononce-sur-les-soldes-et-les-ventes-en-liquidation
excluded_quota,article,article,conseil central de l’économie,La contribution des interlocuteurs sociaux au Programme national de réforme de la Belgique,2020-04-01,2020,0.085,0.256,316.66,949.979,article/2020-04-07-05-44-37_PNR_article.pdf,yes,https://www.ccecrb.fgov.be/dpics/fichiers/2020-04-07-05-44-37_PNR_article.pdf,https://www.ccecrb.fgov.be/p/fr/744/la-contribution-des-interlocuteurs-sociaux-au-programme-national-de-reforme-de-la-belgique
excluded_quota,rapport,rapport,conseil central de l’économie,Rapport 2019 sur les avantages non récurrents liés aux résultats,2020-03-12,2020,0.215,0.645,316.66,949.979,rapport/2020-03-18-03-12-38_CCE20200624Rapportsurlesavantagesnonrecurrents.pdf,yes,https://www.ccecrb.fgov.be/dpics/fichiers/2020-03-18-03-12-38_CCE20200624Rapportsurlesavantagesnonrécurrents.pdf,https://www.ccecrb.fgov.be/p/fr/740/rapport-2019-sur-les-avantages-non-recurrents-lies-aux-resultats
excluded_quota,rapport,rapport,conseil central de l’économie,Rapport 2019 sur l’écart salarial entre femmes et hommes,2020-03-12,2020,0.275,0.826,316.66,949.979,rapport/2020-03-18-03-11-51_CCE20200623Rapportsurlecartsalarialentrehommesetfemmes.pdf,yes,https://www.ccecrb.fgov.be/dpics/fichiers/2020-03-18-03-11-51_CCE20200623Rapportsurl’écartsalarialentrehommesetfemmes.pdf,https://www.ccecrb.fgov.be/p/fr/739/rapport-2019-sur-l-ecart-salarial-entre-femmes-et-hommes
excluded_quota,rapport,rapport,conseil central de l’économie,Rapport 2019 sur le handicap des coûts salariaux,2020-03-12,2020,0.316,0.948,316.66,949.979,rapport/2020-03-18-03-10-43_CCE20200622Rapportsurlehandicapdescoutssalariaux.pdf,yes,https://www.ccecrb.fgov.be/dpics/fichiers/2020-03-18-03-10-43_CCE20200622Rapportsurlehandicapdescoûtssalariaux.pdf,https://www.ccecrb.fgov.be/p/fr/738/rapport-2019-sur-le-handicap-des-couts-salariaux
excluded_quota,rapport,rapport,conseil central de l’économie,Rapport technique 2019 sur la marge maximale disponible pour l’évolution du coût salarial,2020-03-12,2020,0.927,2.78,316.66,949.979,rapport/2020-03-18-03-06-03_CCE20200621Rapporttechniquesurlamargemaximaledisponible.pdf,yes,https://www.ccecrb.fgov.be/dpics/fichiers/2020-03-18-03-06-03_CCE20200621Rapporttechniquesurlamargemaximaledisponible.pdf,https://www.ccecrb.fgov.be/p/fr/737/rapport-technique-2019-sur-la-marge-maximale-disponible-pour-l-evolution-du-cout-salarial
excluded_quota,rapport,rapport,conseil central de l’économie,Le CCE publie quatre rapports sur les coûts salariaux,2020-03-12,2020,0.063,0.188,316.66,949.979,rapport/2020-03-12-12-56-09_CCE20200635Communiquedepresse4rapportssurlescoutssalariaux.pdf,yes,https://www.ccecrb.fgov.be/dpics/fichiers/2020-03-12-12-56-09_CCE20200635Communiquédepresse4rapportssurlescoûtssalariaux.pdf,https://www.ccecrb.fgov.be/p/fr/736/le-cce-publie-quatre-rapports-sur-les-couts-salariaux
excluded_quota,rapport,rapport,conseil central de l’économie,Le CCE publie quatre rapports sur les coûts salariaux,2020-03-12,2020,1.154,3.463,316.66,949.979,rapport/2020-03-12-12-07-36_CCE20200620DEF.pdf,yes,https://www.ccecrb.fgov.be/dpics/fichiers/2020-03-12-12-07-36_CCE20200620DEF.pdf,https://www.ccecrb.fgov.be/p/fr/736/le-cce-publie-quatre-rapports-sur-les-couts-salariaux
excluded_quota,note-methodologique,Note méthodologique,conseil central de l’économie,Construction de prévisions de coût salarial horaire pour le secteur privé dans les pays de référence,2020-03-12,2020,0.358,1.074,316.66,949.979,note-methodologique/2020-03-12-01-56-20_CCE20200564defsite.pdf,yes,https://www.ccecrb.fgov.be/dpics/fichiers/2020-03-12-01-56-20_CCE20200564defsite.pdf,https://www.ccecrb.fgov.be/p/fr/741/construction-de-previsions-de-cout-salarial-horaire-pour-le-secteur-prive-dans-les-pays-de-reference
excluded_quota,rapport,rapport,secteurs,La conjoncture économique dans l’industrie du textile et de l’habillement 2019,2020-03-05,2020,0.078,0.234,316.66,949.979,rapport/2020-03-31-09-40-57_CCE20200562Avantproposrapportconjoncturetextileethabillement.pdf,yes,https://www.ccecrb.fgov.be/dpics/fichiers/2020-03-31-09-40-57_CCE20200562Avantproposrapportconjoncturetextileethabillement.pdf,https://www.ccecrb.fgov.be/p/fr/735/la-conjoncture-economique-dans-l-industrie-du-textile-et-de-l-habillement-2019
excluded_quota,rapport,rapport,secteurs,La conjoncture économique dans l’industrie de la chimie,2020-03-05,2020,0.267,0.802,316.66,949.979,rapport/2020-03-05-09-58-14_CCE20200488site.pdf,yes,https://www.ccecrb.fgov.be/dpics/fichiers/2020-03-05-09-58-14_CCE20200488site.pdf,https://www.ccecrb.fgov.be/p/fr/734/la-conjoncture-economique-dans-l-industrie-de-la-chimie
excluded_quota,avis,avis,conseil central de l’économie,CCE et CNT se prononcent sur les objectifs de développement durable de l’ONU,2020-02-25,2020,0.88,2.64,316.66,949.979,avis/2020-10-12-09-49-47_CCE20200400.pdf,yes,https://www.ccecrb.fgov.be/dpics/fichiers/2020-10-12-09-49-47_CCE20200400.pdf,https://www.ccecrb.fgov.be/p/fr/731/cce-et-cnt-se-prononcent-sur-les-objectifs-de-developpement-durable-de-l-onu
excluded_quota,avis,avis,conseil central de l’économie,CCE et CNT se prononcent sur les objectifs de développement durable de l’ONU,2020-02-25,2020,0.061,0.183,316.66,949.979,avis/2020-02-26-09-18-46_doc200461fr.pdf,yes,https://www.ccecrb.fgov.be/dpics/fichiers/2020-02-26-09-18-46_doc200461fr.pdf,https://www.ccecrb.fgov.be/p/fr/731/cce-et-cnt-se-prononcent-sur-les-objectifs-de-developpement-durable-de-l-onu
excluded_quota,avis,avis,conseil central de l’économie,CCE et CNT se prononcent sur les objectifs de développement durable de l’ONU,2020-02-25,2020,0.111,0.333,316.66,949.979,avis/2020-02-21-04-24-11_Communique_de_presse_ODD.pdf,yes,https://www.ccecrb.fgov.be/dpics/fichiers/2020-02-21-04-24-11_Communiqué_de_presse_ODD.pdf,https://www.ccecrb.fgov.be/p/fr/731/cce-et-cnt-se-prononcent-sur-les-objectifs-de-developpement-durable-de-l-onu
excluded_quota,actualite,actualité,conseil central de l’économie,Le CCE présente ses priorités à la Chambre,2020-02-20,2020,0.368,1.103,316.66,949.979,actualite/2020-02-20-03-15-33_CCE20200347PPT19.02.2020envoiChambre.pdf,yes,https://www.ccecrb.fgov.be/dpics/fichiers/2020-02-20-03-15-33_CCE20200347PPT19.02.2020envoiChambre.pdf,https://www.ccecrb.fgov.be/p/fr/728/le-cce-presente-ses-priorites-a-la-chambre
excluded_quota,avis,avis,conseil central de l’économie,La nouvelle enquête fédérale sur les déplacements domicile-travail,2020-02-19,2020,0.099,0.297,316.66,949.979,avis/2020-02-24-11-22-57_Communique_de_presse_diagnostic_federal.pdf,yes,https://www.ccecrb.fgov.be/dpics/fichiers/2020-02-24-11-22-57_Communiqué_de_presse_diagnostic_fédéral.pdf,https://www.ccecrb.fgov.be/p/fr/727/la-nouvelle-enquete-federale-sur-les-deplacements-domicile-travail
excluded_quota,avis,avis,conseil central de l’économie,Vers des services publics numériques plus efficaces et inclusifs,2020-02-19,2020,0.046,0.139,316.66,949.979,avis/2020-02-20-04-34-47_Communique_de_presse_egouvernement.pdf,yes,https://www.ccecrb.fgov.be/dpics/fichiers/2020-02-20-04-34-47_Communiqué_de_presse_egouvernement.pdf,https://www.ccecrb.fgov.be/p/fr/730/vers-des-services-publics-numeriques-plus-efficaces-et-inclusifs
excluded_quota,avis,avis,conseil central de l’économie,Vers des services publics numériques plus efficaces et inclusifs,2020-02-19,2020,0.453,1.359,316.66,949.979,avis/2020-02-20-03-43-43_doc20280fr.pdf,yes,https://www.ccecrb.fgov.be/dpics/fichiers/2020-02-20-03-43-43_doc20280fr.pdf,https://www.ccecrb.fgov.be/p/fr/730/vers-des-services-publics-numeriques-plus-efficaces-et-inclusifs
excluded_quota,avis,avis,conseil central de l’économie,La nouvelle enquête fédérale sur les déplacements domicile-travail,2020-02-19,2020,1.362,4.087,316.66,949.979,avis/2020-02-20-03-01-11_doc20390fr.pdf,yes,https://www.ccecrb.fgov.be/dpics/fichiers/2020-02-20-03-01-11_doc20390fr.pdf,https://www.ccecrb.fgov.be/p/fr/727/la-nouvelle-enquete-federale-sur-les-deplacements-domicile-travail
excluded_quota,avis-conjoint,avis conjoint,conseil central de l’économie,Contribution commune du CCE et du CFDD à un plan d’action fédéral en faveur de l’économie circulaire,2020-02-19,2020,0.07,0.211,316.66,949.979,avis-conjoint/2020-02-21-11-57-24_Communique_de_presse_economie_circulaire.pdf,yes,https://www.ccecrb.fgov.be/dpics/fichiers/2020-02-21-11-57-24_Communiqué_de_presse_economie_circulaire.pdf,https://www.ccecrb.fgov.be/p/fr/726/contribution-commune-du-cce-et-du-cfdd-a-un-plan-d-action-federal-en-faveur-de-l-economie-circulaire
excluded_quota,avis-conjoint,avis conjoint,conseil central de l’économie,Contribution commune du CCE et du CFDD à un plan d’action fédéral en faveur de l’économie circulaire,2020-02-19,2020,0.455,1.365,316.66,949.979,avis-conjoint/2020-02-20-02-16-50_doc20415fr.pdf,yes,https://www.ccecrb.fgov.be/dpics/fichiers/2020-02-20-02-16-50_doc20415fr.pdf,https://www.ccecrb.fgov.be/p/fr/726/contribution-commune-du-cce-et-du-cfdd-a-un-plan-d-action-federal-en-faveur-de-l-economie-circulaire
excluded_quota,avis-conjoint,avis conjoint,conseil central de l’économie,Réduction de l’intensité de gaz à effet de serre de l'énergie destinée au transport,2020-02-14,2020,0.468,1.404,316.66,949.979,avis-conjoint/2020-02-17-04-26-34_CCE20200250Gazaeffet.pdf,yes,https://www.ccecrb.fgov.be/dpics/fichiers/2020-02-17-04-26-34_CCE20200250Gazàeffet.pdf,https://www.ccecrb.fgov.be/p/fr/723/reduction-de-l-intensite-de-gaz-a-effet-de-serre-de-l-energie-destinee-au-transport
excluded_quota,rapport,rapport,secteurs,Vision d’experts d’entreprises sur le futur des livraisons e-commerce,2020-02-10,2020,0.446,1.338,316.66,949.979,rapport/2020-02-11-09-52-48_doc192661.pdf,yes,https://www.ccecrb.fgov.be/dpics/fichiers/2020-02-11-09-52-48_doc192661.pdf,https://www.ccecrb.fgov.be/p/fr/725/vision-d-experts-d-entreprises-sur-le-futur-des-livraisons-e-commerce
excluded_quota,rapport,rapport,secteurs,Vision d’experts d’entreprises sur le futur des livraisons e-commerce,2020-02-10,2020,0.366,1.097,316.66,949.979,rapport/2020-02-10-05-18-30_doc192298fr.pdf,yes,https://www.ccecrb.fgov.be/dpics/fichiers/2020-02-10-05-18-30_doc192298fr.pdf,https://www.ccecrb.fgov.be/p/fr/725/vision-d-experts-d-entreprises-sur-le-futur-des-livraisons-e-commerce
excluded_quota,note-documentaire,note documentaire,secteurs,Un marché durable pour la livraison de colis,2020-02-10,2020,0.446,1.338,316.66,949.979,note-documentaire/2020-02-11-09-52-48_doc192661.pdf,yes,https://www.ccecrb.fgov.be/dpics/fichiers/2020-02-11-09-52-48_doc192661.pdf,https://www.ccecrb.fgov.be/p/fr/724/un-marche-durable-pour-la-livraison-de-colis
excluded_quota,note-documentaire,note documentaire,secteurs,Un marché durable pour la livraison de colis,2020-02-10,2020,0.366,1.097,316.66,949.979,note-documentaire/2020-02-10-05-18-30_doc192298fr.pdf,yes,https://www.ccecrb.fgov.be/dpics/fichiers/2020-02-10-05-18-30_doc192298fr.pdf,https://www.ccecrb.fgov.be/p/fr/724/un-marche-durable-pour-la-livraison-de-colis
excluded_quota,avis-conjoint,avis conjoint,secteurs,Une logistique de l’e-commerce et un last mile durable,2020-02-10,2020,0.256,0.768,316.66,949.979,avis-conjoint/2020-02-11-01-20-04_doc192545fr.pdf,yes,https://www.ccecrb.fgov.be/dpics/fichiers/2020-02-11-01-20-04_doc192545fr.pdf,https://www.ccecrb.fgov.be/p/fr/708/une-logistique-de-l-e-commerce-et-un-last-mile-durable
excluded_quota,avis-conjoint,avis conjoint,conseil central de l’économie,Dénomination et caractéristiques des gasoils marins,2020-02-07,2020,0.348,1.044,316.66,949.979,avis-conjoint/2020-02-13-09-44-03_CCE20200255def.pdf,yes,https://www.ccecrb.fgov.be/dpics/fichiers/2020-02-13-09-44-03_CCE20200255def.pdf,https://www.ccecrb.fgov.be/p/fr/722/denomination-et-caracteristiques-des-gasoils-marins
excluded_quota,actualite,actualité,conseil central de l’économie,Audition à la Chambre sur la transition vers une économie bas carbone,2020-02-07,2020,0.65,1.95,316.66,949.979,actualite/2020-06-09-02-49-20_energie_chambre_200122_energie_kamer.pdf,yes,https://www.ccecrb.fgov.be/dpics/fichiers/2020-06-09-02-49-20_energie_chambre_200122_energie_kamer.pdf,https://www.ccecrb.fgov.be/p/fr/721/audition-a-la-chambre-sur-la-transition-vers-une-economie-bas-carbone
excluded_quota,actualite,actualité,conseil central de l’économie,Audition à la Chambre sur la transition vers une économie bas carbone,2020-02-07,2020,0.188,0.563,316.66,949.979,actualite/2019-10-25-05-29-40_doc192100fr.pdf,yes,https://www.ccecrb.fgov.be/dpics/fichiers/2019-10-25-05-29-40_doc192100fr.pdf,https://www.ccecrb.fgov.be/p/fr/721/audition-a-la-chambre-sur-la-transition-vers-une-economie-bas-carbone
excluded_quota,actualite,actualité,conseil central de l’économie,Audition à la Chambre sur la transition vers une économie bas carbone,2020-02-07,2020,0.61,1.831,316.66,949.979,actualite/2019-10-25-02-09-00_doc192101fr_3.pdf,yes,https://www.ccecrb.fgov.be/dpics/fichiers/2019-10-25-02-09-00_doc192101fr.pdf#page=47,https://www.ccecrb.fgov.be/p/fr/721/audition-a-la-chambre-sur-la-transition-vers-une-economie-bas-carbone
excluded_quota,actualite,actualité,conseil central de l’économie,Audition à la Chambre sur la transition vers une économie bas carbone,2020-02-07,2020,0.61,1.831,316.66,949.979,actualite/2019-10-25-02-09-00_doc192101fr_2.pdf,yes,https://www.ccecrb.fgov.be/dpics/fichiers/2019-10-25-02-09-00_doc192101fr.pdf#page=15,https://www.ccecrb.fgov.be/p/fr/721/audition-a-la-chambre-sur-la-transition-vers-une-economie-bas-carbone
excluded_quota,actualite,actualité,conseil central de l’économie,Audition à la Chambre sur la transition vers une économie bas carbone,2020-02-07,2020,0.61,1.831,316.66,949.979,actualite/2019-10-25-02-09-00_doc192101fr.pdf,yes,https://www.ccecrb.fgov.be/dpics/fichiers/2019-10-25-02-09-00_doc192101fr.pdf#page=61,https://www.ccecrb.fgov.be/p/fr/721/audition-a-la-chambre-sur-la-transition-vers-une-economie-bas-carbone
excluded_quota,avis,avis,secteurs,Vers une Mercuriale 2.0,2020-01-23,2020,0.177,0.532,316.66,949.979,avis/2020-01-23-03-27-33_CCE20200020DEFsite.pdf,yes,https://www.ccecrb.fgov.be/dpics/fichiers/2020-01-23-03-27-33_CCE20200020DEFsite.pdf,https://www.ccecrb.fgov.be/p/fr/719/vers-une-mercuriale-2-0
excluded_quota,declaration-commune,Déclaration commune,conseil central de l’économie,Les partenaires sociaux plaident en faveur d’une meilleure réglementation,2020-01-22,2020,0.174,0.522,316.66,949.979,declaration-commune/2020-01-23-09-30-56_Declarationcommune.pdf,yes,https://www.ccecrb.fgov.be/dpics/fichiers/2020-01-23-09-30-56_Déclarationcommune.pdf,https://www.ccecrb.fgov.be/p/fr/717/les-partenaires-sociaux-plaident-en-faveur-d-une-meilleure-reglementation
excluded_quota,declaration-commune,Déclaration commune,conseil central de l’économie,Les partenaires sociaux plaident en faveur d’une meilleure réglementation,2020-01-22,2020,0.317,0.951,316.66,949.979,declaration-commune/2020-01-23-08-33-47_CCE20200100Avisreglementation.pdf,yes,https://www.ccecrb.fgov.be/dpics/fichiers/2020-01-23-08-33-47_CCE20200100Avisréglementation.pdf,https://www.ccecrb.fgov.be/p/fr/717/les-partenaires-sociaux-plaident-en-faveur-d-une-meilleure-reglementation
excluded_quota,actualite,actualité,consommation,Garantie sur les animaux : la ministre Muylle exécute l’avis de la CCS « Consommation »,2020-01-22,2020,0.715,2.144,316.66,949.979,actualite/2019-09-19-03-21-55_CCE20191660transpositiondirectives..pdf,yes,https://www.ccecrb.fgov.be/dpics/fichiers/2019-09-19-03-21-55_CCE20191660transpositiondirectives..pdf,https://www.ccecrb.fgov.be/p/fr/716/garantie-sur-les-animaux-la-ministre-muylle-execute-l-avis-de-la-ccs-consommation-
excluded_quota,rapport,rapport,secteurs,L’évolution conjoncturelle dans le secteur de la construction– novembre 2019,2020-01-09,2020,0.464,1.393,316.66,949.979,rapport/2020-01-09-09-25-27_CCE20192445defsite.pdf,yes,https://www.ccecrb.fgov.be/dpics/fichiers/2020-01-09-09-25-27_CCE20192445defsite.pdf,https://www.ccecrb.fgov.be/p/fr/714/l-evolution-conjoncturelle-dans-le-secteur-de-la-construction-novembre-2019
excluded_quota,avis,avis,conseil central de l’économie,Permis unique : pour une plateforme électronique centrale pour les employeurs et les travailleurs étrangers,2019-12-20,2019,0.088,0.264,316.66,949.979,avis/2019-12-23-10-01-08_CCE20192649CommuniquedepresseAvisPermisunique.pdf,yes,https://www.ccecrb.fgov.be/dpics/fichiers/2019-12-23-10-01-08_CCE20192649CommuniquédepresseAvisPermisunique.pdf,https://www.ccecrb.fgov.be/p/fr/713/permis-unique-pour-une-plateforme-electronique-centrale-pour-les-employeurs-et-les-travailleurs-etrangers
excluded_quota,avis,avis,conseil central de l’économie,Permis unique : pour une plateforme électronique centrale pour les employeurs et les travailleurs étrangers,2019-12-20,2019,0.26,0.779,316.66,949.979,avis/2019-12-20-12-23-18_doc192518fr.pdf,yes,https://www.ccecrb.fgov.be/dpics/fichiers/2019-12-20-12-23-18_doc192518fr.pdf,https://www.ccecrb.fgov.be/p/fr/713/permis-unique-pour-une-plateforme-electronique-centrale-pour-les-employeurs-et-les-travailleurs-etrangers
excluded_quota,avis,avis,conseil central de l’économie,Le prix des cartes train à partir du 1er février 2020,2019-12-19,2019,0.223,0.668,316.66,949.979,avis/2020-03-05-03-10-47_CCE20192560defCNTAvis2.150.pdf,yes,https://www.ccecrb.fgov.be/dpics/fichiers/2020-03-05-03-10-47_CCE20192560defCNTAvis2.150.pdf,https://www.ccecrb.fgov.be/p/fr/710/le-prix-des-cartes-train-a-partir-du-1er-fevrier-2020
excluded_quota,avis,avis,conseil central de l’économie,Avis sur le Rapport annuel du Conseil national de la productivité,2019-12-19,2019,0.294,0.882,316.66,949.979,avis/2019-12-19-11-56-27_doc192500fr.pdf,yes,https://www.ccecrb.fgov.be/dpics/fichiers/2019-12-19-11-56-27_doc192500fr.pdf,https://www.ccecrb.fgov.be/p/fr/712/avis-sur-le-rapport-annuel-du-conseil-national-de-la-productivite
excluded_quota,avis,avis,conseil central de l’économie,Le prix des cartes train à partir du 1er février 2020,2019-12-19,2019,0.071,0.213,316.66,949.979,avis/2019-12-18-04-03-54_doc192596fr.pdf,yes,https://www.ccecrb.fgov.be/dpics/fichiers/2019-12-18-04-03-54_doc192596fr.pdf,https://www.ccecrb.fgov.be/p/fr/710/le-prix-des-cartes-train-a-partir-du-1er-fevrier-2020
excluded_quota,rapport,rapport,secteurs,L'emploi dans le secteur de la chimie,2019-11-30,2019,0.521,1.564,316.66,949.979,rapport/2020-01-15-02-45-21_doc192408fr.pdf,yes,https://www.ccecrb.fgov.be/dpics/fichiers/2020-01-15-02-45-21_doc192408fr.pdf,https://www.ccecrb.fgov.be/p/fr/715/l-emploi-dans-le-secteur-de-la-chimie
excluded_quota,avis,avis,conseil central de l’économie,Promouvoir l’engagement des actionnaires à long terme,2019-11-20,2019,0.258,0.774,316.66,949.979,avis/2019-11-20-04-12-27_CCE20192340Avis.pdf,yes,https://www.ccecrb.fgov.be/dpics/fichiers/2019-11-20-04-12-27_CCE20192340Avis.pdf,https://www.ccecrb.fgov.be/p/fr/704/promouvoir-l-engagement-des-actionnaires-a-long-terme
excluded_quota,avis,avis,conseil central de l’économie,La lutte contre le blanchiment de capitaux et la fraude : le registre UBO,2019-11-19,2019,0.245,0.735,316.66,949.979,avis/2019-11-21-10-37-30_doc192295fr.pdf,yes,https://www.ccecrb.fgov.be/dpics/fichiers/2019-11-21-10-37-30_doc192295fr.pdf,https://www.ccecrb.fgov.be/p/fr/702/la-lutte-contre-le-blanchiment-de-capitaux-et-la-fraude-le-registre-ubo
excluded_quota,rapport,rapport,conseil central de l’économie,"Paix sociale, impact des niveaux de salaires sur le marché du travail, influence de l'ancienneté sur les salaires",2019-11-07,2019,0.19,0.569,316.66,949.979,rapport/2019-11-28-01-44-13_CCE20192096defsite.pdf,yes,https://www.ccecrb.fgov.be/dpics/fichiers/2019-11-28-01-44-13_CCE20192096defsite.pdf,https://www.ccecrb.fgov.be/p/fr/700/paix-sociale-impact-des-niveaux-de-salaires-sur-le-marche-du-travail-influence-de-l-anciennete-sur-les-salaires
excluded_quota,note-documentaire,note documentaire,conseil central de l’économie,Les entreprises à forte croissance dans des États fédéraux,2019-11-04,2019,0.263,0.789,316.66,949.979,note-documentaire/2019-11-04-10-25-07_doc191859nl.pdf,yes,https://www.ccecrb.fgov.be/dpics/fichiers/2019-11-04-10-25-07_doc191859nl.pdf,https://www.ccecrb.fgov.be/p/fr/699/les-entreprises-a-forte-croissance-dans-des-etats-federaux
excluded_quota,rapport,rapport,conseil central de l’économie,Lignes directrices pour faire face aux défis socio-économiques de la Belgique - Rapport Emploi Compétitivité 2018 - 2019,2019-10-25,2019,0.188,0.563,316.66,949.979,rapport/2019-10-25-05-29-40_doc192100fr.pdf,yes,https://www.ccecrb.fgov.be/dpics/fichiers/2019-10-25-05-29-40_doc192100fr.pdf,https://www.ccecrb.fgov.be/p/fr/697/lignes-directrices-pour-faire-face-aux-defis-socio-economiques-de-la-belgique-rapport-emploi-competitivite-2018-2019
excluded_quota,rapport,rapport,conseil central de l’économie,Lignes directrices pour faire face aux défis socio-économiques de la Belgique - Rapport Emploi Compétitivité 2018 - 2019,2019-10-25,2019,1.077,3.23,316.66,949.979,rapport/2019-10-25-03-46-45_doc19210012fr.pdf,yes,https://www.ccecrb.fgov.be/dpics/fichiers/2019-10-25-03-46-45_doc19210012fr.pdf,https://www.ccecrb.fgov.be/p/fr/697/lignes-directrices-pour-faire-face-aux-defis-socio-economiques-de-la-belgique-rapport-emploi-competitivite-2018-2019
excluded_quota,rapport,rapport,conseil central de l’économie,Lignes directrices pour faire face aux défis socio-économiques de la Belgique - Rapport Emploi Compétitivité 2018 - 2019,2019-10-25,2019,0.61,1.831,316.66,949.979,rapport/2019-10-25-02-09-00_doc192101fr_7.pdf,yes,https://www.ccecrb.fgov.be/dpics/fichiers/2019-10-25-02-09-00_doc192101fr.pdf#page=37,https://www.ccecrb.fgov.be/p/fr/697/lignes-directrices-pour-faire-face-aux-defis-socio-economiques-de-la-belgique-rapport-emploi-competitivite-2018-2019
excluded_quota,rapport,rapport,conseil central de l’économie,Lignes directrices pour faire face aux défis socio-économiques de la Belgique - Rapport Emploi Compétitivité 2018 - 2019,2019-10-25,2019,0.61,1.831,316.66,949.979,rapport/2019-10-25-02-09-00_doc192101fr_6.pdf,yes,https://www.ccecrb.fgov.be/dpics/fichiers/2019-10-25-02-09-00_doc192101fr.pdf#page=47,https://www.ccecrb.fgov.be/p/fr/697/lignes-directrices-pour-faire-face-aux-defis-socio-economiques-de-la-belgique-rapport-emploi-competitivite-2018-2019
excluded_quota,rapport,rapport,conseil central de l’économie,Lignes directrices pour faire face aux défis socio-économiques de la Belgique - Rapport Emploi Compétitivité 2018 - 2019,2019-10-25,2019,0.61,1.831,316.66,949.979,rapport/2019-10-25-02-09-00_doc192101fr_5.pdf,yes,https://www.ccecrb.fgov.be/dpics/fichiers/2019-10-25-02-09-00_doc192101fr.pdf#page=15,https://www.ccecrb.fgov.be/p/fr/697/lignes-directrices-pour-faire-face-aux-defis-socio-economiques-de-la-belgique-rapport-emploi-competitivite-2018-2019
excluded_quota,rapport,rapport,conseil central de l’économie,Lignes directrices pour faire face aux défis socio-économiques de la Belgique - Rapport Emploi Compétitivité 2018 - 2019,2019-10-25,2019,0.61,1.831,316.66,949.979,rapport/2019-10-25-02-09-00_doc192101fr_4.pdf,yes,https://www.ccecrb.fgov.be/dpics/fichiers/2019-10-25-02-09-00_doc192101fr.pdf#page=21,https://www.ccecrb.fgov.be/p/fr/697/lignes-directrices-pour-faire-face-aux-defis-socio-economiques-de-la-belgique-rapport-emploi-competitivite-2018-2019
excluded_quota,rapport,rapport,conseil central de l’économie,Lignes directrices pour faire face aux défis socio-économiques de la Belgique - Rapport Emploi Compétitivité 2018 - 2019,2019-10-25,2019,0.61,1.831,316.66,949.979,rapport/2019-10-25-02-09-00_doc192101fr_3.pdf,yes,https://www.ccecrb.fgov.be/dpics/fichiers/2019-10-25-02-09-00_doc192101fr.pdf#page=7,https://www.ccecrb.fgov.be/p/fr/697/lignes-directrices-pour-faire-face-aux-defis-socio-economiques-de-la-belgique-rapport-emploi-competitivite-2018-2019
excluded_quota,rapport,rapport,conseil central de l’économie,Lignes directrices pour faire face aux défis socio-économiques de la Belgique - Rapport Emploi Compétitivité 2018 - 2019,2019-10-25,2019,0.61,1.831,316.66,949.979,rapport/2019-10-25-02-09-00_doc192101fr_2.pdf,yes,https://www.ccecrb.fgov.be/dpics/fichiers/2019-10-25-02-09-00_doc192101fr.pdf#page=61,https://www.ccecrb.fgov.be/p/fr/697/lignes-directrices-pour-faire-face-aux-defis-socio-economiques-de-la-belgique-rapport-emploi-competitivite-2018-2019
excluded_quota,rapport,rapport,conseil central de l’économie,Lignes directrices pour faire face aux défis socio-économiques de la Belgique - Rapport Emploi Compétitivité 2018 - 2019,2019-10-25,2019,0.61,1.831,316.66,949.979,rapport/2019-10-25-02-09-00_doc192101fr.pdf,yes,https://www.ccecrb.fgov.be/dpics/fichiers/2019-10-25-02-09-00_doc192101fr.pdf#page=29,https://www.ccecrb.fgov.be/p/fr/697/lignes-directrices-pour-faire-face-aux-defis-socio-economiques-de-la-belgique-rapport-emploi-competitivite-2018-2019
excluded_quota,rapport,rapport,conseil central de l’économie,Lignes directrices pour faire face aux défis socio-économiques de la Belgique - Rapport Emploi Compétitivité 2018 - 2019,2019-10-25,2019,0.641,1.923,316.66,949.979,rapport/2019-10-25-02-07-47_doc192102fr_6.pdf,yes,https://www.ccecrb.fgov.be/dpics/fichiers/2019-10-25-02-07-47_doc192102fr.pdf#page=31,https://www.ccecrb.fgov.be/p/fr/697/lignes-directrices-pour-faire-face-aux-defis-socio-economiques-de-la-belgique-rapport-emploi-competitivite-2018-2019
excluded_quota,rapport,rapport,conseil central de l’économie,Lignes directrices pour faire face aux défis socio-économiques de la Belgique - Rapport Emploi Compétitivité 2018 - 2019,2019-10-25,2019,0.641,1.923,316.66,949.979,rapport/2019-10-25-02-07-47_doc192102fr_5.pdf,yes,https://www.ccecrb.fgov.be/dpics/fichiers/2019-10-25-02-07-47_doc192102fr.pdf#page=7,https://www.ccecrb.fgov.be/p/fr/697/lignes-directrices-pour-faire-face-aux-defis-socio-economiques-de-la-belgique-rapport-emploi-competitivite-2018-2019
excluded_quota,rapport,rapport,conseil central de l’économie,Lignes directrices pour faire face aux défis socio-économiques de la Belgique - Rapport Emploi Compétitivité 2018 - 2019,2019-10-25,2019,0.641,1.923,316.66,949.979,rapport/2019-10-25-02-07-47_doc192102fr_4.pdf,yes,https://www.ccecrb.fgov.be/dpics/fichiers/2019-10-25-02-07-47_doc192102fr.pdf#page=41,https://www.ccecrb.fgov.be/p/fr/697/lignes-directrices-pour-faire-face-aux-defis-socio-economiques-de-la-belgique-rapport-emploi-competitivite-2018-2019
excluded_quota,rapport,rapport,conseil central de l’économie,Lignes directrices pour faire face aux défis socio-économiques de la Belgique - Rapport Emploi Compétitivité 2018 - 2019,2019-10-25,2019,0.641,1.923,316.66,949.979,rapport/2019-10-25-02-07-47_doc192102fr_3.pdf,yes,https://www.ccecrb.fgov.be/dpics/fichiers/2019-10-25-02-07-47_doc192102fr.pdf#page=19,https://www.ccecrb.fgov.be/p/fr/697/lignes-directrices-pour-faire-face-aux-defis-socio-economiques-de-la-belgique-rapport-emploi-competitivite-2018-2019
excluded_quota,rapport,rapport,conseil central de l’économie,Lignes directrices pour faire face aux défis socio-économiques de la Belgique - Rapport Emploi Compétitivité 2018 - 2019,2019-10-25,2019,0.641,1.923,316.66,949.979,rapport/2019-10-25-02-07-47_doc192102fr_2.pdf,yes,https://www.ccecrb.fgov.be/dpics/fichiers/2019-10-25-02-07-47_doc192102fr.pdf#page=45,https://www.ccecrb.fgov.be/p/fr/697/lignes-directrices-pour-faire-face-aux-defis-socio-economiques-de-la-belgique-rapport-emploi-competitivite-2018-2019
excluded_quota,rapport,rapport,conseil central de l’économie,Lignes directrices pour faire face aux défis socio-économiques de la Belgique - Rapport Emploi Compétitivité 2018 - 2019,2019-10-25,2019,0.641,1.923,316.66,949.979,rapport/2019-10-25-02-07-47_doc192102fr.pdf,yes,https://www.ccecrb.fgov.be/dpics/fichiers/2019-10-25-02-07-47_doc192102fr.pdf#page=53,https://www.ccecrb.fgov.be/p/fr/697/lignes-directrices-pour-faire-face-aux-defis-socio-economiques-de-la-belgique-rapport-emploi-competitivite-2018-2019
excluded_quota,rapport,rapport,conseil central de l’économie,Lignes directrices pour faire face aux défis socio-économiques de la Belgique - Rapport Emploi Compétitivité 2018 - 2019,2019-10-25,2019,0.61,1.831,316.66,949.979,rapport/2019-10-25-01-45-36_doc192101fr.pdf,yes,https://www.ccecrb.fgov.be/dpics/fichiers/2019-10-25-01-45-36_doc192101fr.pdf,https://www.ccecrb.fgov.be/p/fr/697/lignes-directrices-pour-faire-face-aux-defis-socio-economiques-de-la-belgique-rapport-emploi-competitivite-2018-2019
excluded_quota,rapport,rapport,conseil central de l’économie,Lignes directrices pour faire face aux défis socio-économiques de la Belgique - Rapport Emploi Compétitivité 2018 - 2019,2019-10-25,2019,0.641,1.923,316.66,949.979,rapport/2019-10-25-01-43-50_doc192102fr.pdf,yes,https://www.ccecrb.fgov.be/dpics/fichiers/2019-10-25-01-43-50_doc192102fr.pdf,https://www.ccecrb.fgov.be/p/fr/697/lignes-directrices-pour-faire-face-aux-defis-socio-economiques-de-la-belgique-rapport-emploi-competitivite-2018-2019
excluded_quota,avis,avis,conseil central de l’économie,Nouvelle contribution du CCE au Plan national intégré Énergie-Climat,2019-10-24,2019,0.468,1.403,316.66,949.979,avis/2019-10-24-04-12-40_doc192001fr.pdf,yes,https://www.ccecrb.fgov.be/dpics/fichiers/2019-10-24-04-12-40_doc192001fr.pdf,https://www.ccecrb.fgov.be/p/fr/696/nouvelle-contribution-du-cce-au-plan-national-integre-energie-climat
excluded_quota,note-documentaire,note documentaire,conseil central de l’économie,Groupes à risque sur le marché du travail,2019-10-23,2019,0.223,0.668,316.66,949.979,note-documentaire/2019-10-23-11-31-18_doc192080fr.pdf,yes,https://www.ccecrb.fgov.be/dpics/fichiers/2019-10-23-11-31-18_doc192080fr.pdf,https://www.ccecrb.fgov.be/p/fr/695/groupes-a-risque-sur-le-marche-du-travail
excluded_quota,rapport,rapport,secteurs,La conjoncture dans l’industrie papetière et graphique à l’automne 2019,2019-10-08,2019,0.709,2.128,316.66,949.979,rapport/2019-11-12-11-04-44_doc191891fr.pdf,yes,https://www.ccecrb.fgov.be/dpics/fichiers/2019-11-12-11-04-44_doc191891fr.pdf,https://www.ccecrb.fgov.be/p/fr/701/la-conjoncture-dans-l-industrie-papetiere-et-graphique-a-l-automne-2019
excluded_quota,avis,avis,clauses abusives,Clauses dans les conditions contractuelles des entreprises de location de voitures,2019-10-07,2019,0.379,1.136,316.66,949.979,avis/2019-11-05-10-56-11_doc191870fr.pdf,yes,https://www.ccecrb.fgov.be/dpics/fichiers/2019-11-05-10-56-11_doc191870fr.pdf,https://www.ccecrb.fgov.be/p/fr/691/clauses-dans-les-conditions-contractuelles-des-entreprises-de-location-de-voitures
excluded_quota,rapport,rapport,conseil central de l’économie,Compléter le set d’indicateurs de suivi des SDG environnementaux,2019-09-25,2019,0.49,1.471,316.66,949.979,rapport/2019-09-25-09-22-30_CCE20191820NiveaudambitionetindicateursdesuivirelatifsauxSDGenvironnementauxdelONU.pdf,yes,https://www.ccecrb.fgov.be/dpics/fichiers/2019-09-25-09-22-30_CCE20191820Niveaud’ambitionetindicateursdesuivirelatifsauxSDG«environnementaux»del’ONU.pdf,https://www.ccecrb.fgov.be/p/fr/686/completer-le-set-d-indicateurs-de-suivi-des-sdg-environnementaux
excluded_quota,rapport,rapport,conseil central de l’économie,Compléter le set d’indicateurs de suivi des SDG environnementaux,2019-09-25,2019,0.104,0.311,316.66,949.979,rapport/2019-09-25-09-15-54_CCE20191805CommuniquedePresse.pdf,yes,https://www.ccecrb.fgov.be/dpics/fichiers/2019-09-25-09-15-54_CCE20191805CommuniquédePresse.pdf,https://www.ccecrb.fgov.be/p/fr/686/completer-le-set-d-indicateurs-de-suivi-des-sdg-environnementaux
excluded_quota,note-documentaire,note documentaire,conseil central de l’économie,Monitoring de la sécurité d’approvisionnement en Belgique,2019-09-24,2019,0.418,1.255,316.66,949.979,note-documentaire/doc17-2055.pdf,yes,https://www.ccecrb.fgov.be/dpics/fichiers/fr/doc17-2055.pdf,https://www.ccecrb.fgov.be/p/fr/687/monitoring-de-la-securite-d-approvisionnement-en-belgique
excluded_quota,note-documentaire,note documentaire,conseil central de l’économie,Monitoring de la sécurité d’approvisionnement en Belgique,2019-09-24,2019,0.13,0.389,316.66,949.979,note-documentaire/doc15-135.pdf,yes,https://www.ccecrb.fgov.be/dpics/fichiers/fr/doc15-135.pdf,https://www.ccecrb.fgov.be/p/fr/687/monitoring-de-la-securite-d-approvisionnement-en-belgique
excluded_quota,note-documentaire,note documentaire,conseil central de l’économie,Monitoring de la sécurité d’approvisionnement en Belgique,2019-09-24,2019,0.65,1.949,316.66,949.979,note-documentaire/2019-09-24-10-06-24_CCE20191774.pdf,yes,https://www.ccecrb.fgov.be/dpics/fichiers/2019-09-24-10-06-24_CCE20191774.pdf,https://www.ccecrb.fgov.be/p/fr/687/monitoring-de-la-securite-d-approvisionnement-en-belgique
excluded_quota,article,article,conseil central de l’économie,Mobility as a Service,2019-09-16,2019,0.338,1.013,316.66,949.979,article/2019-09-16-04-33-44_Mobility_as_a_Service.pdf,yes,https://www.ccecrb.fgov.be/dpics/fichiers/2019-09-16-04-33-44_Mobility_as_a_Service.pdf,https://www.ccecrb.fgov.be/p/fr/683/mobility-as-a-service
excluded_quota,avis,avis,consommation,Internet des Objets,2019-09-11,2019,0.344,1.033,316.66,949.979,avis/2019-09-13-10-09-31_CCE20191661InternetofthingsDEF.pdf,yes,https://www.ccecrb.fgov.be/dpics/fichiers/2019-09-13-10-09-31_CCE20191661InternetofthingsDEF.pdf,https://www.ccecrb.fgov.be/p/fr/682/internet-des-objets
excluded_quota,avis,avis,consommation,Transposition de directives européennes concernant la vente aux consommateurs,2019-09-03,2019,0.715,2.144,316.66,949.979,avis/2019-09-19-03-21-55_CCE20191660transpositiondirectives..pdf,yes,https://www.ccecrb.fgov.be/dpics/fichiers/2019-09-19-03-21-55_CCE20191660transpositiondirectives..pdf,https://www.ccecrb.fgov.be/p/fr/684/transposition-de-directives-europeennes-concernant-la-vente-aux-consommateurs
excluded_quota,note-documentaire,note documentaire,conseil central de l’économie,La soutenabilité environnementale en Belgique,2019-08-21,2019,0.782,2.347,316.66,949.979,note-documentaire/2019-08-21-03-40-10_doc19711.pdf,yes,https://www.ccecrb.fgov.be/dpics/fichiers/2019-08-21-03-40-10_doc19711.pdf,https://www.ccecrb.fgov.be/p/fr/680/la-soutenabilite-environnementale-en-belgique
excluded_quota,note-documentaire,note documentaire,conseil central de l’économie,La soutenabilité environnementale en Belgique,2019-08-21,2019,0.578,1.734,316.66,949.979,note-documentaire/2019-07-12-01-24-38_doc191410.pdf,yes,https://www.ccecrb.fgov.be/dpics/fichiers/2019-07-12-01-24-38_doc191410.pdf,https://www.ccecrb.fgov.be/p/fr/680/la-soutenabilite-environnementale-en-belgique
excluded_quota,rapport,rapport,secteurs,L’emploi dans le secteur de la distribution – juin 2019,2019-08-19,2019,0.848,2.545,316.66,949.979,rapport/2019-10-03-02-46-33_doc191361fr.pdf,yes,https://www.ccecrb.fgov.be/dpics/fichiers/2019-10-03-02-46-33_doc191361fr.pdf,https://www.ccecrb.fgov.be/p/fr/679/l-emploi-dans-le-secteur-de-la-distribution-juin-2019
excluded_quota,actualite,actualité,conseil central de l’économie,Recommandations spécifiques par pays pour la Belgique,2019-08-05,2019,0.294,0.881,316.66,949.979,actualite/2019-03-28-12-03-14_doc190640fr.pdf,yes,https://www.ccecrb.fgov.be/dpics/fichiers/2019-03-28-12-03-14_doc190640fr.pdf,https://www.ccecrb.fgov.be/p/fr/678/recommandations-specifiques-par-pays-pour-la-belgique
excluded_quota,avis,avis,consommation,Dénomination et caractéristiques de l’essence enrichie en éthanol,2019-07-31,2019,0.217,0.65,316.66,949.979,avis/2019-08-01-12-24-29_CCE20191540.pdf,yes,https://www.ccecrb.fgov.be/dpics/fichiers/2019-08-01-12-24-29_CCE20191540.pdf,https://www.ccecrb.fgov.be/p/fr/673/denomination-et-caracteristiques-de-l-essence-enrichie-en-ethanol
excluded_quota,rapport,rapport,secteurs,La conjoncture économique dans le secteur de la distribution,2019-07-19,2019,0.198,0.595,316.66,949.979,rapport/2019-08-01-11-19-29_doc191492fr.pdf,yes,https://www.ccecrb.fgov.be/dpics/fichiers/2019-08-01-11-19-29_doc191492fr.pdf,https://www.ccecrb.fgov.be/p/fr/671/la-conjoncture-economique-dans-le-secteur-de-la-distribution
excluded_quota,rapport,rapport,conseil central de l’économie,Évaluation du nombre de stages d'intégration en entreprise,2019-07-18,2019,0.301,0.902,316.66,949.979,rapport/2019-07-18-11-36-07_doc191450fr.pdf,yes,https://www.ccecrb.fgov.be/dpics/fichiers/2019-07-18-11-36-07_doc191450fr.pdf,https://www.ccecrb.fgov.be/p/fr/669/evaluation-du-nombre-de-stages-d-integration-en-entreprise
excluded_quota,note-documentaire,note documentaire,conseil central de l’économie,Les progrès de l’économie circulaire en Belgique,2019-07-12,2019,0.053,0.159,316.66,949.979,note-documentaire/2019-07-15-12-23-54_doc191425fr.pdf,yes,https://www.ccecrb.fgov.be/dpics/fichiers/2019-07-15-12-23-54_doc191425fr.pdf,https://www.ccecrb.fgov.be/p/fr/668/les-progres-de-l-economie-circulaire-en-belgique
excluded_quota,note-documentaire,note documentaire,conseil central de l’économie,Les progrès de l’économie circulaire en Belgique,2019-07-12,2019,0.578,1.734,316.66,949.979,note-documentaire/2019-07-12-01-24-38_doc191410_2.pdf,yes,https://www.ccecrb.fgov.be/dpics/fichiers/2019-07-12-01-24-38_doc191410.pdf,https://www.ccecrb.fgov.be/p/fr/668/les-progres-de-l-economie-circulaire-en-belgique
excluded_quota,avis,avis,conseil central de l’économie,Brexit,2019-07-12,2019,0.305,0.915,316.66,949.979,avis/2018-12-21-09-09-44_doc182000fr.pdf,yes,https://www.ccecrb.fgov.be/dpics/fichiers/2018-12-21-09-09-44_doc182000fr.pdf,https://www.ccecrb.fgov.be/p/fr/53/brexit
excluded_quota,rapport,rapport,secteurs,L’emploi dans l’industrie alimentaire,2019-07-02,2019,0.739,2.216,316.66,949.979,rapport/2019-08-07-03-08-12_doc191302fr.pdf,yes,https://www.ccecrb.fgov.be/dpics/fichiers/2019-08-07-03-08-12_doc191302fr.pdf,https://www.ccecrb.fgov.be/p/fr/677/l-emploi-dans-l-industrie-alimentaire
excluded_quota,actualite,actualité,conseil central de l’économie,L’apport du CCE au Plan national Énergie-Climat,2019-06-21,2019,0.146,0.438,316.66,949.979,actualite/doc18-1000.pdf,yes,https://www.ccecrb.fgov.be/dpics/fichiers/fr/doc18-1000.pdf,https://www.ccecrb.fgov.be/p/fr/663/l-apport-du-cce-au-plan-national-energie-climat
excluded_quota,avis,avis,conseil central de l’économie,Énergie-Climat : les conseils consultatifs pour une meilleure collaboration entre niveaux de pouvoir,2019-06-11,2019,0.258,0.773,316.66,949.979,avis/2019-06-21-02-40-33_CCE20191100AvisPNECCommundifferentsorganes.pdf,yes,https://www.ccecrb.fgov.be/dpics/fichiers/2019-06-21-02-40-33_CCE20191100AvisPNECCommundifférentsorganes.pdf,https://www.ccecrb.fgov.be/p/fr/658/energie-climat-les-conseils-consultatifs-pour-une-meilleure-collaboration-entre-niveaux-de-pouvoir
excluded_quota,memorandum,Memorandum,secteurs,Une industrie alimentaire forte comme moteur de notre économie,2019-06-06,2019,0.187,0.562,316.66,949.979,memorandum/2019-06-06-02-56-17_CCE20191099DEFsite.pdf,yes,https://www.ccecrb.fgov.be/dpics/fichiers/2019-06-06-02-56-17_CCE20191099DEFsite.pdf,https://www.ccecrb.fgov.be/p/fr/657/une-industrie-alimentaire-forte-comme-moteur-de-notre-economie
excluded_quota,avis,avis,conseil central de l’économie,L’édition 2020 du diagnostic fédéral sur les déplacements domicile-travail,2019-05-29,2019,0.314,0.942,316.66,949.979,avis/2019-05-29-03-02-38_doc191150fr.pdf,yes,https://www.ccecrb.fgov.be/dpics/fichiers/2019-05-29-03-02-38_doc191150fr.pdf,https://www.ccecrb.fgov.be/p/fr/654/l-edition-2020-du-diagnostic-federal-sur-les-deplacements-domicile-travail
excluded_quota,article,article,clauses abusives,Nouvelle législation sur la protection « business-to-business »,2019-05-27,2019,0.067,0.202,316.66,949.979,article/2019-09-30-01-22-04_Nieuwewetgevingbusinesstobusinessbescherming.pdf,yes,https://www.ccecrb.fgov.be/dpics/fichiers/2019-09-30-01-22-04_Nieuwewetgevingbusinesstobusinessbescherming.pdf,https://www.ccecrb.fgov.be/p/fr/651/nouvelle-legislation-sur-la-protection-business-to-business-
excluded_quota,rapport,rapport,secteurs,La conjoncture économique dans l'industrie alimentaire et des boissons 2019,2019-05-17,2019,0.21,0.63,316.66,949.979,rapport/2019-08-01-11-02-00_doc190848fr.pdf,yes,https://www.ccecrb.fgov.be/dpics/fichiers/2019-08-01-11-02-00_doc190848fr.pdf,https://www.ccecrb.fgov.be/p/fr/674/la-conjoncture-economique-dans-l-industrie-alimentaire-et-des-boissons-2019
excluded_quota,memorandum,Memorandum,secteurs,Un avenir durable pour l’édition et le secteur papetier et graphique,2019-05-15,2019,0.207,0.622,316.66,949.979,memorandum/2019-05-15-03-15-56_doc190934fr.pdf,yes,https://www.ccecrb.fgov.be/dpics/fichiers/2019-05-15-03-15-56_doc190934fr.pdf,https://www.ccecrb.fgov.be/p/fr/649/un-avenir-durable-pour-l-edition-et-le-secteur-papetier-et-graphique
excluded_quota,memorandum,Memorandum,secteurs,"Le secteur de la construction, partenaire d'une politique climatique ambitieuse sur les plans économique et social",2019-05-15,2019,0.193,0.58,316.66,949.979,memorandum/2019-05-15-03-04-24_doc190950fr.pdf,yes,https://www.ccecrb.fgov.be/dpics/fichiers/2019-05-15-03-04-24_doc190950fr.pdf,https://www.ccecrb.fgov.be/p/fr/648/le-secteur-de-la-construction-partenaire-d-une-politique-climatique-ambitieuse-sur-les-plans-economique-et-social
excluded_quota,article,article,conseil central de l’économie,Le nouveau Code des sociétés et des associations et ses implications fiscales,2019-05-13,2019,0.039,0.118,316.66,949.979,article/2019-09-30-01-32-11_LenouveauCodedessocietesetdesassociationsetsesimplicationsfiscales.pdf,yes,https://www.ccecrb.fgov.be/dpics/fichiers/2019-09-30-01-32-11_LenouveauCodedessociétésetdesassociationsetsesimplicationsfiscales.pdf,https://www.ccecrb.fgov.be/p/fr/645/le-nouveau-code-des-societes-et-des-associations-et-ses-implications-fiscales
excluded_quota,avis,avis,clauses abusives,Contrat-type service d’avocat de l’Ordre des barreaux francophones et germanophone,2019-05-06,2019,3.581,10.742,316.66,949.979,avis/2019-05-06-02-41-09_CCE20190920annexesdefsite.pdf,yes,https://www.ccecrb.fgov.be/dpics/fichiers/2019-05-06-02-41-09_CCE20190920annexesdefsite.pdf,https://www.ccecrb.fgov.be/p/fr/644/contrat-type-service-d-avocat-de-l-ordre-des-barreaux-francophones-et-germanophone
excluded_quota,article,article,conseil central de l’économie,L'instauration d'une tarification carbone en Belgique,2019-05-02,2019,0.16,0.48,316.66,949.979,article/2019-04-19-03-54-32_LINSTAURATION_DUNE_TARIFICATION_CARBONE_EN_BELGIQUE.pdf,yes,https://www.ccecrb.fgov.be/dpics/fichiers/2019-04-19-03-54-32_L’INSTAURATION_D’UNE_TARIFICATION_CARBONE_EN_BELGIQUE.pdf,https://www.ccecrb.fgov.be/p/fr/638/l-instauration-d-une-tarification-carbone-en-belgique
excluded_quota,rapport,rapport,secteurs,La livraison à domicile des journaux et des périodiques par bpost peut-elle être sous-traitée en partie à des diffuseurs de presse indépendants ?,2019-04-26,2019,0.279,0.838,316.66,949.979,rapport/2019-04-26-03-22-57_doc190863fr.pdf,yes,https://www.ccecrb.fgov.be/dpics/fichiers/2019-04-26-03-22-57_doc190863fr.pdf,https://www.ccecrb.fgov.be/p/fr/641/la-livraison-a-domicile-des-journaux-et-des-periodiques-par-bpost-peut-elle-etre-sous-traitee-en-partie-a-des-diffuseurs-de-presse-independants-
excluded_quota,note-documentaire,note documentaire,conseil central de l’économie,Le financement des entreprises à forte croissance en Belgique : résultats de l’enquête et des groupes de focus,2019-04-24,2019,0.742,2.225,316.66,949.979,note-documentaire/2019-04-24-04-15-29_doc190839.pdf,yes,https://www.ccecrb.fgov.be/dpics/fichiers/2019-04-24-04-15-29_doc190839.pdf,https://www.ccecrb.fgov.be/p/fr/640/le-financement-des-entreprises-a-forte-croissance-en-belgique-resultats-de-l-enquete-et-des-groupes-de-focus
excluded_quota,avis,avis,conseil central de l’économie,Les interlocuteurs sociaux se prononcent sur la répartition de l'enveloppe bien-être,2019-04-23,2019,0.087,0.26,316.66,949.979,avis/2019-04-24-08-34-07_doc190800fr.pdf,yes,https://www.ccecrb.fgov.be/dpics/fichiers/2019-04-24-08-34-07_doc190800fr.pdf,https://www.ccecrb.fgov.be/p/fr/639/les-interlocuteurs-sociaux-se-prononcent-sur-la-repartition-de-l-enveloppe-bien-etre
excluded_quota,avis,avis,conseil central de l’économie,Les interlocuteurs sociaux se prononcent sur la répartition de l'enveloppe bien-être,2019-04-23,2019,1.572,4.717,316.66,949.979,avis/2019-04-23-03-43-22_doc190700fr.pdf,yes,https://www.ccecrb.fgov.be/dpics/fichiers/2019-04-23-03-43-22_doc190700fr.pdf,https://www.ccecrb.fgov.be/p/fr/639/les-interlocuteurs-sociaux-se-prononcent-sur-la-repartition-de-l-enveloppe-bien-etre
excluded_quota,note-methodologique,Note méthodologique,conseil central de l’économie,La construction d’une série sur les subsides salariaux en France de 1996 à 2017,2019-04-11,2019,0.326,0.977,316.66,949.979,note-methodologique/2020-11-03-09-38-16_do190739fr.pdf,yes,https://www.ccecrb.fgov.be/dpics/fichiers/2020-11-03-09-38-16_do190739fr.pdf,https://www.ccecrb.fgov.be/p/fr/632/la-construction-d-une-serie-sur-les-subsides-salariaux-en-france-de-1996-a-2017
excluded_quota,avis,avis,conseil central de l’économie,Publication d’informations non financières: l’avis du CCE intégralement pris en compte,2019-04-05,2019,0.214,0.641,316.66,949.979,avis/2019-04-05-11-01-48_CCE20190750DEF.pdf,yes,https://www.ccecrb.fgov.be/dpics/fichiers/2019-04-05-11-01-48_CCE20190750DEF.pdf,https://www.ccecrb.fgov.be/p/fr/626/publication-d-informations-non-financieres-l-avis-du-cce-integralement-pris-en-compte
excluded_quota,actualite,actualité,conseil central de l’économie,Implication du CCE dans le débat énergie-climat,2019-04-05,2019,0.383,1.148,316.66,949.979,actualite/2019-04-05-03-27-40_cce20181750mesuresconcretespourlapartiefederaleduplannationalenergieclimat.pdf,yes,https://www.ccecrb.fgov.be/dpics/fichiers/2019-04-05-03-27-40_cce20181750mesuresconcretespourlapartiefederaleduplannationalenergieclimat.pdf,https://www.ccecrb.fgov.be/p/fr/627/implication-du-cce-dans-le-debat-energie-climat
excluded_quota,actualite,actualité,conseil central de l’économie,Implication du CCE dans le débat énergie-climat,2019-04-05,2019,0.418,1.255,316.66,949.979,actualite/2019-04-05-03-27-07_cce20172055defissociauxeconomiquesetenvironnementauxareleverdansladefinitiondunevisionenergetiqueenbelgique20092017.pdf,yes,https://www.ccecrb.fgov.be/dpics/fichiers/2019-04-05-03-27-07_cce20172055defissociauxeconomiquesetenvironnementauxareleverdansladefinitiondunevisionenergetiqueenbelgique20092017.pdf,https://www.ccecrb.fgov.be/p/fr/627/implication-du-cce-dans-le-debat-energie-climat
excluded_quota,actualite,actualité,conseil central de l’économie,Implication du CCE dans le débat énergie-climat,2019-04-05,2019,0.13,0.389,316.66,949.979,actualite/2019-04-05-03-22-59_cce20150135lengagementdesinterlocuteurssociauxfaceauxenjeuxenergetiques21012015.pdf,yes,https://www.ccecrb.fgov.be/dpics/fichiers/2019-04-05-03-22-59_cce20150135lengagementdesinterlocuteurssociauxfaceauxenjeuxenergetiques21012015.pdf,https://www.ccecrb.fgov.be/p/fr/627/implication-du-cce-dans-le-debat-energie-climat
excluded_quota,avis,avis,conseil central de l’économie,Le Programme national de réforme de la Belgique 2019,2019-03-20,2019,0.294,0.881,316.66,949.979,avis/2019-03-28-12-03-14_doc190640fr.pdf,yes,https://www.ccecrb.fgov.be/dpics/fichiers/2019-03-28-12-03-14_doc190640fr.pdf,https://www.ccecrb.fgov.be/p/fr/620/le-programme-national-de-reforme-de-la-belgique-2019
excluded_quota,avis,avis,consommation,Recommandations pour plus de transparence des services et des tarifs des entreprises de pompes funèbres,2019-03-20,2019,0.288,0.864,316.66,949.979,avis/2019-03-21-10-26-37_CCE20190635defsite.pdf,yes,https://www.ccecrb.fgov.be/dpics/fichiers/2019-03-21-10-26-37_CCE20190635defsite.pdf,https://www.ccecrb.fgov.be/p/fr/623/recommandations-pour-plus-de-transparence-des-services-et-des-tarifs-des-entreprises-de-pompes-funebres
excluded_quota,avis,avis,consommation,Des codes de secteur pour stimuler l’innovation dans l’industrie alimentaire,2019-03-20,2019,0.212,0.635,316.66,949.979,avis/2019-03-20-04-05-02_CCE20190630defAlain.pdf,yes,https://www.ccecrb.fgov.be/dpics/fichiers/2019-03-20-04-05-02_CCE20190630defAlain.pdf,https://www.ccecrb.fgov.be/p/fr/624/des-codes-de-secteur-pour-stimuler-l-innovation-dans-l-industrie-alimentaire
excluded_quota,rapport,rapport,secteurs,La conjoncture dans le secteur de la construction - mars 2019,2019-03-11,2019,0.521,1.564,316.66,949.979,rapport/2019-06-20-03-56-07_doc190580fr.pdf,yes,https://www.ccecrb.fgov.be/dpics/fichiers/2019-06-20-03-56-07_doc190580fr.pdf,https://www.ccecrb.fgov.be/p/fr/662/la-conjoncture-dans-le-secteur-de-la-construction-mars-2019
excluded_quota,actualite,actualité,consommation,Suivi des avis 2018 de la Consommation,2019-02-27,2019,0.291,0.874,316.66,949.979,actualite/2019-02-27-04-02-02_suiviavisccsconsommation2018.pdf,yes,https://www.ccecrb.fgov.be/dpics/fichiers/2019-02-27-04-02-02_suiviavisccsconsommation2018.pdf,https://www.ccecrb.fgov.be/p/fr/613/suivi-des-avis-2018-de-la-consommation
excluded_quota,actualite,actualité,conseil central de l’économie,Le projet d'accord interprofessionnel 2019-2020 est connu,2019-02-26,2019,0.379,1.136,316.66,949.979,actualite/2019-02-26-12-23-40_IPAAIP20192020_ontwerpprojet_.pdf,yes,https://www.ccecrb.fgov.be/dpics/fichiers/2019-02-26-12-23-40_IPAAIP20192020(ontwerpprojet).pdf,https://www.ccecrb.fgov.be/p/fr/612/le-projet-d-accord-interprofessionnel-2019-2020-est-connu
excluded_quota,rapport,rapport,conseil central de l’économie,Le Secrétariat du CCE actualise la marge maximale disponible pour l’évolution des coûts salariaux,2019-02-22,2019,0.214,0.643,316.66,949.979,rapport/2019-02-25-09-03-21_doc19440fr.pdf,yes,https://www.ccecrb.fgov.be/dpics/fichiers/2019-02-25-09-03-21_doc19440fr.pdf,https://www.ccecrb.fgov.be/p/fr/611/le-secretariat-du-cce-actualise-la-marge-maximale-disponible-pour-l-evolution-des-couts-salariaux
excluded_quota,avis,avis,conseil central de l’économie,La politique tarifaire de la SNCB,2019-01-29,2019,0.271,0.813,316.66,949.979,avis/2019-01-29-04-36-33_doc190263fr.pdf,yes,https://www.ccecrb.fgov.be/dpics/fichiers/2019-01-29-04-36-33_doc190263fr.pdf,https://www.ccecrb.fgov.be/p/fr/51/la-politique-tarifaire-de-la-sncb
excluded_quota,avis,avis,conseil central de l’économie,La politique tarifaire de la SNCB,2019-01-29,2019,0.078,0.235,316.66,949.979,avis/2019-01-29-03-31-50_doc190263fr.pdf,yes,https://www.ccecrb.fgov.be/dpics/fichiers/2019-01-29-03-31-50_doc190263fr.pdf,https://www.ccecrb.fgov.be/p/fr/51/la-politique-tarifaire-de-la-sncb
excluded_quota,rapport,rapport,conseil central de l’économie,Les avantages non récurrents liés aux résultats,2019-01-17,2019,0.371,1.112,316.66,949.979,rapport/2022-02-10-05-19-19_doc220352_Avantages_non_recurrents_lies_aux_resultats_2.pdf,yes,https://www.ccecrb.fgov.be/dpics/fichiers/2022-02-10-05-19-19_doc220352_Avantages_non_r%C3%A9currents_li%C3%A9s_aux_r%C3%A9sultats.pdf,https://www.ccecrb.fgov.be/p/fr/594/les-avantages-non-recurrents-lies-aux-resultats
excluded_quota,rapport,rapport,conseil central de l’économie,L'écart salarial entre les femmes et les hommes,2019-01-17,2019,0.228,0.684,316.66,949.979,rapport/2019-11-28-01-47-45_RTCCE20190103defalain.pdf,yes,https://www.ccecrb.fgov.be/dpics/fichiers/2019-11-28-01-47-45_RTCCE20190103defalain.pdf,https://www.ccecrb.fgov.be/p/fr/595/l-ecart-salarial-entre-les-femmes-et-les-hommes
excluded_quota,rapport,rapport,conseil central de l’économie,L'écart salarial entre les femmes et les hommes,2019-01-17,2019,1.075,3.226,316.66,949.979,rapport/2019-02-06-01-43-19_RTCCE20190100.pdf,yes,https://www.ccecrb.fgov.be/dpics/fichiers/2019-02-06-01-43-19_RTCCE20190100.pdf#page=69,https://www.ccecrb.fgov.be/p/fr/595/l-ecart-salarial-entre-les-femmes-et-les-hommes
excluded_quota,rapport,rapport,conseil central de l’économie,Rapports destinés aux négociations salariales interprofessionnelles,2019-01-17,2019,1.075,3.226,316.66,949.979,rapport/2019-02-06-01-39-41_RTCCE20190100.pdf,yes,https://www.ccecrb.fgov.be/dpics/fichiers/2019-02-06-01-39-41_RTCCE20190100.pdf,https://www.ccecrb.fgov.be/p/fr/597/rapports-destines-aux-negociations-salariales-interprofessionnelles
excluded_quota,rapport,rapport,conseil central de l’économie,Le handicap des coûts salariaux,2019-01-17,2019,0.339,1.017,316.66,949.979,rapport/2019-01-17-03-47-53_doc190102fr.pdf,yes,https://www.ccecrb.fgov.be/dpics/fichiers/2019-01-17-03-47-53_doc190102fr.pdf,https://www.ccecrb.fgov.be/p/fr/598/le-handicap-des-couts-salariaux
excluded_quota,rapport,rapport,conseil central de l’économie,Les avantages non récurrents liés aux résultats,2019-01-17,2019,0.21,0.63,316.66,949.979,rapport/2019-01-17-03-44-09_doc190104fr.pdf,yes,https://www.ccecrb.fgov.be/dpics/fichiers/2019-01-17-03-44-09_doc190104fr.pdf,https://www.ccecrb.fgov.be/p/fr/594/les-avantages-non-recurrents-lies-aux-resultats
excluded_quota,rapport,rapport,conseil central de l’économie,Rapport technique 2018 sur la marge maximale disponible,2019-01-17,2019,0.925,2.775,316.66,949.979,rapport/2019-01-17-03-39-52_doc190101fr.pdf,yes,https://www.ccecrb.fgov.be/dpics/fichiers/2019-01-17-03-39-52_doc190101fr.pdf,https://www.ccecrb.fgov.be/p/fr/599/rapport-technique-2018-sur-la-marge-maximale-disponible
excluded_quota,rapport,rapport,conseil central de l’économie,Rapports destinés aux négociations salariales interprofessionnelles,2019-01-17,2019,0.065,0.196,316.66,949.979,rapport/2019-01-17-02-56-21_CommuniquedepressepourlesrapportsdestinesauxnegociationsinterprofessionnellesFR.pdf,yes,https://www.ccecrb.fgov.be/dpics/fichiers/2019-01-17-02-56-21_CommuniquédepressepourlesrapportsdestinésauxnégociationsinterprofessionnellesFR.pdf,https://www.ccecrb.fgov.be/p/fr/597/rapports-destines-aux-negociations-salariales-interprofessionnelles
excluded_quota,note-methodologique,Note méthodologique,conseil central de l’économie,Le calcul de l'écart salarial,2019-01-17,2019,0.365,1.095,316.66,949.979,note-methodologique/doc15-2647.pdf,yes,https://www.ccecrb.fgov.be/dpics/fichiers/fr/doc15-2647.pdf,https://www.ccecrb.fgov.be/p/fr/311/le-calcul-de-l-ecart-salarial
excluded_quota,note-methodologique,Note méthodologique,conseil central de l’économie,La mesure de l’indexation des salaires dans le secteur privé,2019-01-17,2019,0.302,0.905,316.66,949.979,note-methodologique/2020-11-03-10-11-21_doc190020fr.pdf,yes,https://www.ccecrb.fgov.be/dpics/fichiers/2020-11-03-10-11-21_doc190020fr.pdf,https://www.ccecrb.fgov.be/p/fr/630/la-mesure-de-l-indexation-des-salaires-dans-le-secteur-prive
excluded_quota,note-documentaire,note documentaire,conseil central de l’économie,Définition du secteur privé,2019-01-17,2019,0.288,0.864,316.66,949.979,note-documentaire/doc13-1332.pdf,yes,https://www.ccecrb.fgov.be/dpics/fichiers/fr/doc13-1332.pdf,https://www.ccecrb.fgov.be/p/fr/248/definition-du-secteur-prive
excluded_quota,note-documentaire,note documentaire,conseil central de l’économie,Définition du secteur privé,2019-01-17,2019,0.399,1.198,316.66,949.979,note-documentaire/2019-07-18-04-19-41_doc191048fr.pdf,yes,https://www.ccecrb.fgov.be/dpics/fichiers/2019-07-18-04-19-41_doc191048fr.pdf,https://www.ccecrb.fgov.be/p/fr/248/definition-du-secteur-prive
excluded_quota,rapport,rapport,secteurs,Concessions de service d’intérêt économique général (SIEG) et solutions envisageables pour son futur,2018-12-20,2018,0.484,1.452,316.66,949.979,rapport/2019-02-01-08-49-06_doc183279fr.pdf,yes,https://www.ccecrb.fgov.be/dpics/fichiers/2019-02-01-08-49-06_doc183279fr.pdf,https://www.ccecrb.fgov.be/p/fr/603/concessions-de-service-d-interet-economique-general-sieg-et-solutions-envisageables-pour-son-futur
excluded_quota,rapport,rapport,secteurs,Concessions de service d’intérêt économique général (SIEG) et solutions envisageables pour son futur,2018-12-20,2018,0.751,2.252,316.66,949.979,rapport/2019-02-01-08-48-02_doc183278fr.pdf,yes,https://www.ccecrb.fgov.be/dpics/fichiers/2019-02-01-08-48-02_doc183278fr.pdf,https://www.ccecrb.fgov.be/p/fr/603/concessions-de-service-d-interet-economique-general-sieg-et-solutions-envisageables-pour-son-futur
excluded_quota,note-documentaire,note documentaire,conseil central de l’économie,Analyse du compte des sociétés,2018-12-20,2018,0.486,1.457,316.66,949.979,note-documentaire/2019-02-07-11-09-53_doc183137fr.pdf,yes,https://www.ccecrb.fgov.be/dpics/fichiers/2019-02-07-11-09-53_doc183137fr.pdf,https://www.ccecrb.fgov.be/p/fr/606/analyse-du-compte-des-societes
excluded_quota,avis,avis,secteurs,Concessions pour la distribution de journaux et périodiques reconnus,2018-12-20,2018,0.259,0.776,316.66,949.979,avis/2019-01-24-02-32-29_doc183350fr.pdf,yes,https://www.ccecrb.fgov.be/dpics/fichiers/2019-01-24-02-32-29_doc183350fr.pdf,https://www.ccecrb.fgov.be/p/fr/601/concessions-pour-la-distribution-de-journaux-et-periodiques-reconnus
excluded_quota,actualite,actualité,conseil central de l’économie,Rencontre avec Infrabel autour de l'avis du CCE sur le transport ferroviaire de marchandises,2018-12-20,2018,0.271,0.812,316.66,949.979,actualite/2019-01-04-02-14-20_doc182330fr.pdf,yes,https://www.ccecrb.fgov.be/dpics/fichiers/2019-01-04-02-14-20_doc182330fr.pdf,https://www.ccecrb.fgov.be/p/fr/52/rencontre-avec-infrabel-autour-de-l-avis-du-cce-sur-le-transport-ferroviaire-de-marchandises
excluded_quota,actualite,actualité,conseil central de l’économie,Plan national énergie climat,2018-12-20,2018,0.383,1.148,316.66,949.979,actualite/2019-01-03-03-21-20_doc181750fr.pdf,yes,https://www.ccecrb.fgov.be/dpics/fichiers/2019-01-03-03-21-20_doc181750fr.pdf,https://www.ccecrb.fgov.be/p/fr/68/plan-national-energie-climat
excluded_quota,note-documentaire,note documentaire,conseil central de l’économie,Etat des lieux des objectifs de politique économique,2018-12-18,2018,0.463,1.388,316.66,949.979,note-documentaire/2019-03-11-04-05-06_doc183264fr.pdf,yes,https://www.ccecrb.fgov.be/dpics/fichiers/2019-03-11-04-05-06_doc183264fr.pdf,https://www.ccecrb.fgov.be/p/fr/619/etat-des-lieux-des-objectifs-de-politique-economique
excluded_quota,avis,avis,conseil central de l’économie,Vers une législation sur les comptes annuels plus cohérente,2018-12-17,2018,0.938,2.815,316.66,949.979,avis/2019-01-03-02-29-28_doc172017fr.pdf,yes,https://www.ccecrb.fgov.be/dpics/fichiers/2019-01-03-02-29-28_doc172017fr.pdf,https://www.ccecrb.fgov.be/p/fr/73/vers-une-legislation-sur-les-comptes-annuels-plus-coherente
excluded_quota,avis,avis,conseil central de l’économie,Vers une législation sur les comptes annuels plus cohérente,2018-12-17,2018,0.395,1.185,316.66,949.979,avis/2019-01-03-02-27-46_doc172666fr.pdf,yes,https://www.ccecrb.fgov.be/dpics/fichiers/2019-01-03-02-27-46_doc172666fr.pdf,https://www.ccecrb.fgov.be/p/fr/73/vers-une-legislation-sur-les-comptes-annuels-plus-coherente
excluded_quota,avis,avis,conseil central de l’économie,Vers une législation sur les comptes annuels plus cohérente,2018-12-17,2018,0.278,0.835,316.66,949.979,avis/2019-01-03-02-25-27_doc181990fr.pdf,yes,https://www.ccecrb.fgov.be/dpics/fichiers/2019-01-03-02-25-27_doc181990fr.pdf,https://www.ccecrb.fgov.be/p/fr/73/vers-une-legislation-sur-les-comptes-annuels-plus-coherente
excluded_quota,avis,avis,conseil central de l’économie,Vers une législation sur les comptes annuels plus cohérente,2018-12-17,2018,0.27,0.81,316.66,949.979,avis/2019-01-03-02-20-03_doc183220fr.pdf,yes,https://www.ccecrb.fgov.be/dpics/fichiers/2019-01-03-02-20-03_doc183220fr.pdf,https://www.ccecrb.fgov.be/p/fr/73/vers-une-legislation-sur-les-comptes-annuels-plus-coherente
excluded_quota,avis,avis,consommation,Crème,2018-12-14,2018,0.278,0.835,316.66,949.979,avis/2019-01-03-02-31-34_doc183250fr.pdf,yes,https://www.ccecrb.fgov.be/dpics/fichiers/2019-01-03-02-31-34_doc183250fr.pdf,https://www.ccecrb.fgov.be/p/fr/74/creme
excluded_quota,rapport,rapport,secteurs,La concentration des plateformes en ligne,2018-12-10,2018,0.686,2.058,316.66,949.979,rapport/2020-12-10-09-52-08_CCE20202472Laconcentratriondesplateformes.pdf,yes,https://www.ccecrb.fgov.be/dpics/fichiers/2020-12-10-09-52-08_CCE20202472Laconcentratriondesplateformes.pdf,https://www.ccecrb.fgov.be/p/fr/801/la-concentration-des-plateformes-en-ligne
excluded_quota,rapport,rapport,secteurs,La conjoncture économique dans le secteur de la distribution,2018-12-06,2018,2.76,8.28,316.66,949.979,rapport/2019-01-03-02-33-54_doc183160r.pdf,yes,https://www.ccecrb.fgov.be/dpics/fichiers/2019-01-03-02-33-54_doc183160r.pdf,https://www.ccecrb.fgov.be/p/fr/69/la-conjoncture-economique-dans-le-secteur-de-la-distribution
excluded_quota,avis,avis,consommation,Les contrats de crédits à la consommation destinés à des travaux d’économie d’énergie,2018-11-30,2018,0.186,0.557,316.66,949.979,avis/2019-01-03-02-35-06_doc183041fr.pdf,yes,https://www.ccecrb.fgov.be/dpics/fichiers/2019-01-03-02-35-06_doc183041fr.pdf,https://www.ccecrb.fgov.be/p/fr/65/les-contrats-de-credits-a-la-consommation-destines-a-des-travaux-d-economie-d-energie
excluded_quota,avis-conjoint,avis conjoint,consommation,Réduction de l’intensité de gaz à effet de serre de l’énergie destinée au transport,2018-11-30,2018,0.24,0.719,316.66,949.979,avis-conjoint/2019-01-03-02-38-13_doc183040fr.pdf,yes,https://www.ccecrb.fgov.be/dpics/fichiers/2019-01-03-02-38-13_doc183040fr.pdf,https://www.ccecrb.fgov.be/p/fr/64/reduction-de-l-intensite-de-gaz-a-effet-de-serre-de-l-energie-destinee-au-transport
excluded_quota,avis,avis,concurrence,Échanges d’informations sur les marchés et les prix,2018-11-23,2018,0.261,0.784,316.66,949.979,avis/2019-01-03-02-40-35_doc182930fr.pdf,yes,https://www.ccecrb.fgov.be/dpics/fichiers/2019-01-03-02-40-35_doc182930fr.pdf,https://www.ccecrb.fgov.be/p/fr/63/echanges-d-informations-sur-les-marches-et-les-prix
excluded_quota,actualite,actualité,concurrence,La Commission de la concurrence se prononce sur les modifications du droit de la concurrence,2018-11-16,2018,0.368,1.104,316.66,949.979,actualite/2019-04-30-03-16-57_doc181680fr.pdf,yes,https://www.ccecrb.fgov.be/dpics/fichiers/2019-04-30-03-16-57_doc181680fr.pdf,https://www.ccecrb.fgov.be/p/fr/56/la-commission-de-la-concurrence-se-prononce-sur-les-modifications-du-droit-de-la-concurrence
excluded_quota,rapport,rapport,secteurs,L'emploi dans l'industrie alimentaire,2018-11-11,2018,0.659,1.977,316.66,949.979,rapport/2019-02-08-01-12-15_doc182408fr.pdf,yes,https://www.ccecrb.fgov.be/dpics/fichiers/2019-02-08-01-12-15_doc182408fr.pdf,https://www.ccecrb.fgov.be/p/fr/608/l-emploi-dans-l-industrie-alimentaire
excluded_quota,avis,avis,clauses abusives,Bon de commande des véhicules automobiles,2018-11-06,2018,0.301,0.903,316.66,949.979,avis/2019-01-03-02-43-08_doc182800fr.pdf,yes,https://www.ccecrb.fgov.be/dpics/fichiers/2019-01-03-02-43-08_doc182800fr.pdf,https://www.ccecrb.fgov.be/p/fr/62/bon-de-commande-des-vehicules-automobiles
excluded_quota,avis,avis,conseil central de l’économie,Référentiels pour la déclaration non financière,2018-10-24,2018,0.247,0.741,316.66,949.979,avis/2019-04-04-03-32-01_20190103031313_doc182505fr.pdf,yes,https://www.ccecrb.fgov.be/dpics/fichiers/2019-04-04-03-32-01_20190103031313_doc182505fr.pdf,https://www.ccecrb.fgov.be/p/fr/61/referentiels-pour-la-declaration-non-financiere
excluded_quota,rapport,rapport,secteurs,La conjoncture économique dans le secteur de chimie,2018-10-15,2018,0.173,0.52,316.66,949.979,rapport/2019-02-20-10-52-42_doc182515fr.pdf,yes,https://www.ccecrb.fgov.be/dpics/fichiers/2019-02-20-10-52-42_doc182515fr.pdf,https://www.ccecrb.fgov.be/p/fr/604/la-conjoncture-economique-dans-le-secteur-de-chimie
excluded_quota,note-documentaire,note documentaire,conseil central de l’économie,Le revenu minimum en Belgique,2018-10-11,2018,0.388,1.165,316.66,949.979,note-documentaire/2019-01-09-10-40-45_doc182768nl.pdf,yes,https://www.ccecrb.fgov.be/dpics/fichiers/2019-01-09-10-40-45_doc182768nl.pdf,https://www.ccecrb.fgov.be/p/fr/590/le-revenu-minimum-en-belgique
excluded_quota,avis,avis,consommation,Tarifs des services liés ou non à un compte de paiement,2018-09-28,2018,0.179,0.538,316.66,949.979,avis/doc18-2312.pdf,yes,https://www.ccecrb.fgov.be/dpics/fichiers/fr/doc18-2312.pdf,https://www.ccecrb.fgov.be/p/fr/454/tarifs-des-services-lies-ou-non-a-un-compte-de-paiement
excluded_quota,avis,avis,consommation,Centrale des crédits aux particuliers : relèvement seuil premier défaut de paiement,2018-09-28,2018,0.151,0.452,316.66,949.979,avis/doc18-2300.pdf,yes,https://www.ccecrb.fgov.be/dpics/fichiers/fr/doc18-2300.pdf,https://www.ccecrb.fgov.be/p/fr/453/centrale-des-credits-aux-particuliers-relevement-seuil-premier-defaut-de-paiement
excluded_quota,avis,avis,consommation,Recommandations sur les services de réparation d’urgence,2018-09-28,2018,0.219,0.658,316.66,949.979,avis/doc18-2290.pdf,yes,https://www.ccecrb.fgov.be/dpics/fichiers/fr/doc18-2290.pdf,https://www.ccecrb.fgov.be/p/fr/455/recommandations-sur-les-services-de-reparation-d-urgence
excluded_quota,avis,avis,consommation,Guidance à destination des entreprises concernant des allégations environnementales loyales,2018-09-28,2018,0.237,0.71,316.66,949.979,avis/doc18-2280.pdf,yes,https://www.ccecrb.fgov.be/dpics/fichiers/fr/doc18-2280.pdf,https://www.ccecrb.fgov.be/p/fr/457/guidance-a-destination-des-entreprises-concernant-des-allegations-environnementales-loyales
excluded_quota,avis-conjoint,avis conjoint,consommation,Carburants alternatifs,2018-09-27,2018,0.135,0.405,316.66,949.979,avis-conjoint/doc18-2488.pdf,yes,https://www.ccecrb.fgov.be/dpics/fichiers/fr/doc18-2488.pdf,https://www.ccecrb.fgov.be/p/fr/452/carburants-alternatifs
excluded_quota,rapport,rapport,conseil central de l’économie,Stratégie de relance - Introduction d'un engagement global des employeurs en matière de places de stage - Evaluation annuelle,2018-09-25,2018,0.18,0.541,316.66,949.979,rapport/doc18-2394.pdf,yes,https://www.ccecrb.fgov.be/dpics/fichiers/fr/doc18-2394.pdf,https://www.ccecrb.fgov.be/p/fr/456/strategie-de-relance-introduction-d-un-engagement-global-des-employeurs-en-matiere-de-places-de-stage-evaluation-annuelle
excluded_quota,rapport,rapport,secteurs,La conjoncture dans le secteur de la construction - mai 2018,2018-09-25,2018,0.504,1.511,316.66,949.979,rapport/2019-12-05-02-39-51_doc182470fr.pdf,yes,https://www.ccecrb.fgov.be/dpics/fichiers/2019-12-05-02-39-51_doc182470fr.pdf,https://www.ccecrb.fgov.be/p/fr/706/la-conjoncture-dans-le-secteur-de-la-construction-mai-2018
excluded_quota,avis,avis,conseil central de l’économie,Budget mobilité et adaptation de l'allocation de mobilité,2018-09-25,2018,0.212,0.637,316.66,949.979,avis/doc18-2400.pdf,yes,https://www.ccecrb.fgov.be/dpics/fichiers/fr/doc18-2400.pdf,https://www.ccecrb.fgov.be/p/fr/450/budget-mobilite-et-adaptation-de-l-allocation-de-mobilite
excluded_quota,avis,avis,clauses abusives,Les conditions contractuelles des contrats de crédit hypothécaire,2018-09-24,2018,1.121,3.363,316.66,949.979,avis/2019-04-30-01-48-10_doc183181fr_2_.pdf,yes,https://www.ccecrb.fgov.be/dpics/fichiers/2019-04-30-01-48-10_doc183181fr(2).pdf,https://www.ccecrb.fgov.be/p/fr/72/les-conditions-contractuelles-des-contrats-de-credit-hypothecaire
excluded_quota,avis,avis,conseil central de l’économie,Encourager le transport ferroviaire de marchandises,2018-09-19,2018,0.271,0.812,316.66,949.979,avis/2019-02-04-12-34-46_doc182330.pdf,yes,https://www.ccecrb.fgov.be/dpics/fichiers/2019-02-04-12-34-46_doc182330.pdf,https://www.ccecrb.fgov.be/p/fr/449/encourager-le-transport-ferroviaire-de-marchandises
excluded_quota,rapport,rapport,secteurs,L'emploi dans le secteur de la distribution,2018-08-20,2018,0.975,2.924,316.66,949.979,rapport/2019-01-03-03-38-58_doc181853r.pdf,yes,https://www.ccecrb.fgov.be/dpics/fichiers/2019-01-03-03-38-58_doc181853r.pdf,https://www.ccecrb.fgov.be/p/fr/39/l-emploi-dans-le-secteur-de-la-distribution
excluded_quota,avis,avis,conseil central de l’économie,Un régulateur ferroviaire performant,2018-07-23,2018,0.314,0.941,316.66,949.979,avis/2018-12-21-09-05-57_doc181960fr.pdf,yes,https://www.ccecrb.fgov.be/dpics/fichiers/2018-12-21-09-05-57_doc181960fr.pdf,https://www.ccecrb.fgov.be/p/fr/33/un-regulateur-ferroviaire-performant
excluded_quota,avis,avis,conseil central de l’économie,Vers une législation comptable plus cohérente,2018-07-20,2018,0.278,0.835,316.66,949.979,avis/doc18-1990.pdf,yes,https://www.ccecrb.fgov.be/dpics/fichiers/fr/doc18-1990.pdf,https://www.ccecrb.fgov.be/p/fr/445/vers-une-legislation-comptable-plus-coherente
excluded_quota,avis,avis,conseil central de l’économie,Mesures concrètes pour la partie fédérale du Plan National Energie-Climat,2018-07-17,2018,0.383,1.148,316.66,949.979,avis/2018-12-21-09-12-41_doc181750fr.pdf,yes,https://www.ccecrb.fgov.be/dpics/fichiers/2018-12-21-09-12-41_doc181750fr.pdf,https://www.ccecrb.fgov.be/p/fr/28/mesures-concretes-pour-la-partie-federale-du-plan-national-energie-climat
excluded_quota,rapport,rapport,secteurs,L'emploi dans le secteur de la distribution,2018-07-13,2018,0.975,2.924,316.66,949.979,rapport/doc18-1853.pdf,yes,https://www.ccecrb.fgov.be/dpics/fichiers/fr/doc18-1853.pdf,https://www.ccecrb.fgov.be/p/fr/447/l-emploi-dans-le-secteur-de-la-distribution
excluded_quota,rapport,rapport,secteurs,La conjoncture dans le secteur graphique et papetier,2018-06-25,2018,0.615,1.845,316.66,949.979,rapport/2018-08-22-11-46-11_doc181890.pdf,yes,https://www.ccecrb.fgov.be/dpics/fichiers/2018-08-22-11-46-11_doc181890.pdf,https://www.ccecrb.fgov.be/p/fr/40/la-conjoncture-dans-le-secteur-graphique-et-papetier
excluded_quota,avis,avis,consommation,Instauration d'outils de liquidité complémentaires,2018-06-21,2018,0.172,0.515,316.66,949.979,avis/doc18-1839CV.pdf,yes,https://www.ccecrb.fgov.be/dpics/fichiers/fr/doc18-1839CV.pdf,https://www.ccecrb.fgov.be/p/fr/441/instauration-d-outils-de-liquidite-complementaires
excluded_quota,avis,avis,consommation,Huiles comestibles,2018-06-21,2018,0.27,0.809,316.66,949.979,avis/doc18-1832.pdf,yes,https://www.ccecrb.fgov.be/dpics/fichiers/fr/doc18-1832.pdf,https://www.ccecrb.fgov.be/p/fr/442/huiles-comestibles
excluded_quota,avis,avis,consommation,Numérisation des contrats B2C,2018-06-21,2018,0.334,1.003,316.66,949.979,avis/doc18-1825.pdf,yes,https://www.ccecrb.fgov.be/dpics/fichiers/fr/doc18-1825.pdf,https://www.ccecrb.fgov.be/p/fr/443/numerisation-des-contrats-b2c
excluded_quota,avis,avis,conseil central de l’économie,Mesures concrètes pour la partie fédérale du Plan National Energie-Climat,2018-06-20,2018,0.383,1.148,316.66,949.979,avis/doc18-1750.pdf,yes,https://www.ccecrb.fgov.be/dpics/fichiers/fr/doc18-1750.pdf,https://www.ccecrb.fgov.be/p/fr/439/mesures-concretes-pour-la-partie-federale-du-plan-national-energie-climat
excluded_quota,avis,avis,concurrence,Réforme du livre IV,2018-06-15,2018,0.368,1.104,316.66,949.979,avis/doc18-1680.pdf,yes,https://www.ccecrb.fgov.be/dpics/fichiers/fr/doc18-1680.pdf,https://www.ccecrb.fgov.be/p/fr/438/reforme-du-livre-iv
excluded_quota,avis,avis,consommation,Evaluation de la charte en faveur de la clientèle et du Code de conduite e-invoicing,2018-05-24,2018,0.279,0.836,316.66,949.979,avis/doc18-1510.pdf,yes,https://www.ccecrb.fgov.be/dpics/fichiers/fr/doc18-1510.pdf,https://www.ccecrb.fgov.be/p/fr/437/evaluation-de-la-charte-en-faveur-de-la-clientele-et-du-code-de-conduite-e-invoicing
excluded_quota,avis,avis,conseil central de l’économie,Lignes de force pour le contrat de gestion 2018-2022 de la SNCB,2018-05-23,2018,0.21,0.63,316.66,949.979,avis/doc18-1420.pdf,yes,https://www.ccecrb.fgov.be/dpics/fichiers/fr/doc18-1420.pdf,https://www.ccecrb.fgov.be/p/fr/436/lignes-de-force-pour-le-contrat-de-gestion-2018-2022-de-la-sncb
excluded_quota,avis,avis,consommation,"Café, succédanés de café, extraits de café et extraits de chicorée",2018-04-26,2018,0.177,0.53,316.66,949.979,avis/doc18-1240.pdf,yes,https://www.ccecrb.fgov.be/dpics/fichiers/fr/doc18-1240.pdf,https://www.ccecrb.fgov.be/p/fr/435/cafe-succedanes-de-cafe-extraits-de-cafe-et-extraits-de-chicoree
excluded_quota,rapport,rapport,secteurs,La conjoncture économique dans l'industrie alimentaire et des boissons 2018,2018-04-19,2018,0.176,0.529,316.66,949.979,rapport/2019-08-01-11-22-37_doc181613fr.pdf,yes,https://www.ccecrb.fgov.be/dpics/fichiers/2019-08-01-11-22-37_doc181613fr.pdf,https://www.ccecrb.fgov.be/p/fr/675/la-conjoncture-economique-dans-l-industrie-alimentaire-et-des-boissons-2018
excluded_quota,rapport,rapport,secteurs,La conjoncture économique dans le secteur de chimie,2018-04-19,2018,2.629,7.888,316.66,949.979,rapport/2019-02-05-09-47-24_doc182313fr.pdf,yes,https://www.ccecrb.fgov.be/dpics/fichiers/2019-02-05-09-47-24_doc182313fr.pdf,https://www.ccecrb.fgov.be/p/fr/59/la-conjoncture-economique-dans-le-secteur-de-chimie
excluded_quota,note-documentaire,note documentaire,conseil central de l’économie,Le taux d'emploi,2018-04-04,2018,0.43,1.291,316.66,949.979,note-documentaire/doc18-770.pdf,yes,https://www.ccecrb.fgov.be/dpics/fichiers/fr/doc18-770.pdf,https://www.ccecrb.fgov.be/p/fr/433/le-taux-d-emploi
excluded_quota,avis,avis,conseil central de l’économie,L’approfondissement de l’Union économique et monétaire,2018-03-28,2018,0.238,0.713,316.66,949.979,avis/doc18-950.pdf,yes,https://www.ccecrb.fgov.be/dpics/fichiers/fr/doc18-950.pdf,https://www.ccecrb.fgov.be/p/fr/430/l-approfondissement-de-l-union-economique-et-monetaire
excluded_quota,avis,avis,conseil central de l’économie,Programme national de réformes 2018,2018-03-28,2018,0.716,2.147,316.66,949.979,avis/doc18-845.pdf,yes,https://www.ccecrb.fgov.be/dpics/fichiers/fr/doc18-845.pdf,https://www.ccecrb.fgov.be/p/fr/431/programme-national-de-reformes-2018
excluded_quota,avis,avis,conseil central de l’économie,"Déclaration commune : ""De l'immobilité à la mobilité : agir maintenant pour inverser le cours des choses !""",2018-03-28,2018,0.146,0.438,316.66,949.979,avis/doc18-1000.pdf,yes,https://www.ccecrb.fgov.be/dpics/fichiers/fr/doc18-1000.pdf,https://www.ccecrb.fgov.be/p/fr/432/declaration-commune-de-l-immobilite-a-la-mobilite-agir-maintenant-pour-inverser-le-cours-des-choses-
excluded_quota,note-documentaire,note documentaire,conseil central de l’économie,L’entrepreneuriat,2018-03-27,2018,0.329,0.988,316.66,949.979,note-documentaire/doc18-781.pdf,yes,https://www.ccecrb.fgov.be/dpics/fichiers/fr/doc18-781.pdf,https://www.ccecrb.fgov.be/p/fr/429/l-entrepreneuriat
excluded_quota,note-documentaire,note documentaire,conseil central de l’économie,La distribution du patrimoine des ménages,2018-03-27,2018,0.556,1.668,316.66,949.979,note-documentaire/doc18-779.pdf,yes,https://www.ccecrb.fgov.be/dpics/fichiers/fr/doc18-779.pdf,https://www.ccecrb.fgov.be/p/fr/428/la-distribution-du-patrimoine-des-menages
excluded_quota,note-documentaire,note documentaire,conseil central de l’économie,Economisch beleid op basis van vooruitzichten,2018-03-15,2018,0.306,0.919,316.66,949.979,note-documentaire/doc18-612.pdf,yes,https://www.ccecrb.fgov.be/dpics/fichiers/fr/doc18-612.pdf,https://www.ccecrb.fgov.be/p/fr/427/economisch-beleid-op-basis-van-vooruitzichten
excluded_quota,avis,avis,secteurs,Lignes de force pour un avenir durable du secteur de l’édition,2018-03-01,2018,0.284,0.853,316.66,949.979,avis/doc18-511.pdf,yes,https://www.ccecrb.fgov.be/dpics/fichiers/fr/doc18-511.pdf,https://www.ccecrb.fgov.be/p/fr/424/lignes-de-force-pour-un-avenir-durable-du-secteur-de-l-edition
excluded_quota,avis,avis,secteurs,Lignes de force pour un avenir durable du secteur de l’imprimerie,2018-03-01,2018,0.241,0.723,316.66,949.979,avis/doc18-510.pdf,yes,https://www.ccecrb.fgov.be/dpics/fichiers/fr/doc18-510.pdf,https://www.ccecrb.fgov.be/p/fr/423/lignes-de-force-pour-un-avenir-durable-du-secteur-de-l-imprimerie
excluded_quota,rapport,rapport,secteurs,Vers un secteur de l’édition durable en Belgique,2018-02-28,2018,0.78,2.34,316.66,949.979,rapport/doc18-504.pdf,yes,https://www.ccecrb.fgov.be/dpics/fichiers/fr/doc18-504.pdf,https://www.ccecrb.fgov.be/p/fr/422/vers-un-secteur-de-l-edition-durable-en-belgique
excluded_quota,rapport,rapport,secteurs,Vers un secteur de l’imprimerie durable en Belgique,2018-02-28,2018,0.485,1.455,316.66,949.979,rapport/doc18-349.pdf,yes,https://www.ccecrb.fgov.be/dpics/fichiers/fr/doc18-349.pdf,https://www.ccecrb.fgov.be/p/fr/421/vers-un-secteur-de-l-imprimerie-durable-en-belgique
excluded_quota,avis-conjoint,avis conjoint,consommation,4 projets d'AR biocides-produits phytopharmaceutiques,2018-02-22,2018,0.238,0.714,316.66,949.979,avis-conjoint/doc18-515.pdf,yes,https://www.ccecrb.fgov.be/dpics/fichiers/fr/doc18-515.pdf,https://www.ccecrb.fgov.be/p/fr/425/4-projets-d-ar-biocides-produits-phytopharmaceutiques
excluded_quota,avis,avis,conseil central de l’économie,Le projet de loi concernant l’instauration d’une allocation de mobilité,2018-02-21,2018,0.33,0.99,316.66,949.979,avis/doc18-540.pdf,yes,https://www.ccecrb.fgov.be/dpics/fichiers/fr/doc18-540.pdf,https://www.ccecrb.fgov.be/p/fr/417/le-projet-de-loi-concernant-l-instauration-d-une-allocation-de-mobilite
excluded_quota,avis-conjoint,avis conjoint,consommation,Projet d’arrêté royal établissant des normes de produits pour les carburants destinés au secteur du transport d’origine renouvelable,2018-02-21,2018,0.233,0.699,316.66,949.979,avis-conjoint/doc18-581CV.pdf,yes,https://www.ccecrb.fgov.be/dpics/fichiers/fr/doc18-581CV.pdf,https://www.ccecrb.fgov.be/p/fr/420/projet-d-arrete-royal-etablissant-des-normes-de-produits-pour-les-carburants-destines-au-secteur-du-transport-d-origine-renouvelable
excluded_quota,avis-conjoint,avis conjoint,consommation,Projet d’arrêté royal relatif à la réduction des émissions annuelles de gaz à effet de serre de l’énergie destinée au transport,2018-02-21,2018,0.226,0.678,316.66,949.979,avis-conjoint/doc18-580CV.pdf,yes,https://www.ccecrb.fgov.be/dpics/fichiers/fr/doc18-580CV.pdf,https://www.ccecrb.fgov.be/p/fr/419/projet-d-arrete-royal-relatif-a-la-reduction-des-emissions-annuelles-de-gaz-a-effet-de-serre-de-l-energie-destinee-au-transport
excluded_quota,avis,avis,consommation,"L’évaluation des codes de conduite sur la vente directe, le fitness et les opticiens",2018-02-14,2018,0.747,2.242,316.66,949.979,avis/doc18-414.pdf,yes,https://www.ccecrb.fgov.be/dpics/fichiers/fr/doc18-414.pdf,https://www.ccecrb.fgov.be/p/fr/414/l-evaluation-des-codes-de-conduite-sur-la-vente-directe-le-fitness-et-les-opticiens
excluded_quota,avis,avis,consommation,Les dénominations commerciales des produits de la pêche et de l'aquaculture,2018-02-09,2018,0.209,0.626,316.66,949.979,avis/doc18-411.pdf,yes,https://www.ccecrb.fgov.be/dpics/fichiers/fr/doc18-411.pdf,https://www.ccecrb.fgov.be/p/fr/413/les-denominations-commerciales-des-produits-de-la-peche-et-de-l-aquaculture
excluded_quota,avis,avis,consommation,Denrées et substances alimentaires considérées comme nuisibles et étiquetage des denrées alimentaires préemballées,2018-02-09,2018,0.19,0.569,316.66,949.979,avis/doc18-410.pdf,yes,https://www.ccecrb.fgov.be/dpics/fichiers/fr/doc18-410.pdf,https://www.ccecrb.fgov.be/p/fr/412/denrees-et-substances-alimentaires-considerees-comme-nuisibles-et-etiquetage-des-denrees-alimentaires-preemballees
excluded_quota,note-documentaire,note documentaire,secteurs,Statistiques concernant les secteurs du textile et de l’habillement 1973-2016,2018-02-01,2018,1.03,3.09,316.66,949.979,note-documentaire/2019-03-26-02-46-48_doc18348_2_.pdf,yes,https://www.ccecrb.fgov.be/dpics/fichiers/2019-03-26-02-46-48_doc18348(2).pdf,https://www.ccecrb.fgov.be/p/fr/622/statistiques-concernant-les-secteurs-du-textile-et-de-l-habillement-1973-2016
excluded_quota,avis,avis,conseil central de l’économie,Liaison au bien-être 2017-2018 - Evaluation,2018-01-29,2018,0.268,0.803,316.66,949.979,avis/doc18-300.pdf,yes,https://www.ccecrb.fgov.be/dpics/fichiers/fr/doc18-300.pdf,https://www.ccecrb.fgov.be/p/fr/408/liaison-au-bien-etre-2017-2018-evaluation
excluded_quota,avis,avis,conseil central de l’économie,Le prix des cartes train à partir du 1er février 2018,2018-01-29,2018,0.359,1.078,316.66,949.979,avis/doc18-280.pdf,yes,https://www.ccecrb.fgov.be/dpics/fichiers/fr/doc18-280.pdf,https://www.ccecrb.fgov.be/p/fr/407/le-prix-des-cartes-train-a-partir-du-1er-fevrier-2018
excluded_quota,rapport,rapport,conseil central de l’économie,Rapport Emploi Compétitivité 2017,2018-01-22,2018,0.482,1.445,316.66,949.979,rapport/doc18-171.pdf,yes,https://www.ccecrb.fgov.be/dpics/fichiers/fr/doc18-171.pdf,https://www.ccecrb.fgov.be/p/fr/416/rapport-emploi-competitivite-2017
excluded_quota,rapport,rapport,conseil central de l’économie,Rapport Emploi Compétitivité 2017 - Partie 1,2018-01-22,2018,1.265,3.795,316.66,949.979,rapport/doc18-170.pdf,yes,https://www.ccecrb.fgov.be/dpics/fichiers/fr/doc18-170.pdf,https://www.ccecrb.fgov.be/p/fr/415/rapport-emploi-competitivite-2017-partie-1
excluded_quota,avis,avis,secteurs,La CCS « Construction » soutient le Pacte national pour les investissements stratégiques (PNIS),2018-01-17,2018,0.191,0.574,316.66,949.979,avis/2019-01-07-04-14-43_doc1886fr.pdf,yes,https://www.ccecrb.fgov.be/dpics/fichiers/2019-01-07-04-14-43_doc1886fr.pdf,https://www.ccecrb.fgov.be/p/fr/60/la-ccs-construction-soutient-le-pacte-national-pour-les-investissements-strategiques-pnis-
excluded_quota,avis,avis,secteurs,Secteur du diamant - Experts : appel aux candidats,2017-12-07,2017,0.076,0.227,316.66,949.979,avis/doc17-2693.pdf,yes,https://www.ccecrb.fgov.be/dpics/fichiers/fr/doc17-2693.pdf,https://www.ccecrb.fgov.be/p/fr/404/secteur-du-diamant-experts-appel-aux-candidats
excluded_quota,avis,avis,conseil central de l’économie,Réforme du droit des sociétés et des associations,2017-12-05,2017,0.395,1.185,316.66,949.979,avis/doc17-2666.pdf,yes,https://www.ccecrb.fgov.be/dpics/fichiers/fr/doc17-2666.pdf,https://www.ccecrb.fgov.be/p/fr/403/reforme-du-droit-des-societes-et-des-associations
excluded_quota,avis,avis,conseil central de l’économie,L'étiquette de consommation de carburant lors de la commercialisation des voitures particulières neuves,2017-12-05,2017,0.139,0.418,316.66,949.979,avis/doc17-2665.pdf,yes,https://www.ccecrb.fgov.be/dpics/fichiers/fr/doc17-2665.pdf,https://www.ccecrb.fgov.be/p/fr/418/l-etiquette-de-consommation-de-carburant-lors-de-la-commercialisation-des-voitures-particulieres-neuves
excluded_quota,avis,avis,conseil central de l’économie,Dénomination et caractéristiques du gasoil diesel et des essences,2017-11-22,2017,0.213,0.64,316.66,949.979,avis/doc17-2521.pdf,yes,https://www.ccecrb.fgov.be/dpics/fichiers/fr/doc17-2521.pdf,https://www.ccecrb.fgov.be/p/fr/402/denomination-et-caracteristiques-du-gasoil-diesel-et-des-essences
excluded_quota,avis,avis,conseil central de l’économie,Dénominations et caractéristiques du gasoil destiné au chauffage,2017-11-22,2017,0.183,0.548,316.66,949.979,avis/doc17-2520.pdf,yes,https://www.ccecrb.fgov.be/dpics/fichiers/fr/doc17-2520.pdf,https://www.ccecrb.fgov.be/p/fr/401/denominations-et-caracteristiques-du-gasoil-destine-au-chauffage
excluded_quota,rapport,rapport,secteurs,La conjoncture dans le secteur de la construction - novembre 2017,2017-11-14,2017,0.685,2.054,316.66,949.979,rapport/doc17-2789.pdf,yes,https://www.ccecrb.fgov.be/dpics/fichiers/fr/doc17-2789.pdf,https://www.ccecrb.fgov.be/p/fr/405/la-conjoncture-dans-le-secteur-de-la-construction-novembre-2017
excluded_quota,note-documentaire,note documentaire,secteurs,Politique d'investissements publics en Belgique : quelles solutions ?,2017-11-09,2017,0.456,1.367,316.66,949.979,note-documentaire/doc17-2546.pdf,yes,https://www.ccecrb.fgov.be/dpics/fichiers/fr/doc17-2546.pdf,https://www.ccecrb.fgov.be/p/fr/411/politique-d-investissements-publics-en-belgique-quelles-solutions-
excluded_quota,note-documentaire,note documentaire,secteurs,Investissements publics,2017-11-09,2017,0.348,1.044,316.66,949.979,note-documentaire/doc17-1346.pdf,yes,https://www.ccecrb.fgov.be/dpics/fichiers/fr/doc17-1346.pdf,https://www.ccecrb.fgov.be/p/fr/410/investissements-publics
excluded_quota,avis,avis,conseil central de l’économie,La mise à disposition des normes de produits,2017-10-25,2017,0.737,2.212,316.66,949.979,avis/doc17-2417.pdf,yes,https://www.ccecrb.fgov.be/dpics/fichiers/fr/doc17-2417.pdf,https://www.ccecrb.fgov.be/p/fr/397/la-mise-a-disposition-des-normes-de-produits
excluded_quota,avis,avis,conseil central de l’économie,"Avis portant sur le projet d’arrêté royal modifiant l’arrêté royal du 28 février 1994 relatif à la conservation, à la mise sur le marché et à l’utilisation des pesticides à usage agricole visant l’interdiction de certains herbicides à usage",2017-10-25,2017,0.225,0.674,316.66,949.979,avis/doc17-2407.pdf,yes,https://www.ccecrb.fgov.be/dpics/fichiers/fr/doc17-2407.pdf,https://www.ccecrb.fgov.be/p/fr/398/avis-portant-sur-le-projet-d-arrete-royal-modifiant-l-arrete-royal-du-28-fevrier-1994-relatif-a-la-conservation-a-la-mise-sur-le-marche-et-a-l-utilisation-des-pesticides-a-usage-agricole-visant-l-interdiction-de-certains-herbicides-a-usage
excluded_quota,avis,avis,conseil central de l’économie,Pacte national pour les investissements stratégiques,2017-10-25,2017,0.297,0.892,316.66,949.979,avis/doc17-2241.pdf,yes,https://www.ccecrb.fgov.be/dpics/fichiers/fr/doc17-2241.pdf,https://www.ccecrb.fgov.be/p/fr/395/pacte-national-pour-les-investissements-strategiques
excluded_quota,avis,avis,conseil central de l’économie,Lignes de force pour le futur contrat de gestion d’Infrabel,2017-10-25,2017,0.246,0.738,316.66,949.979,avis/2018-12-21-09-27-47_doc172360fr.pdf,yes,https://www.ccecrb.fgov.be/dpics/fichiers/2018-12-21-09-27-47_doc172360fr.pdf,https://www.ccecrb.fgov.be/p/fr/42/lignes-de-force-pour-le-futur-contrat-de-gestion-d-infrabel
excluded_quota,avis,avis,conseil central de l’économie,Pacte national pour les investissements stratégiques,2017-10-25,2017,0.297,0.892,316.66,949.979,avis/2018-12-21-09-16-06_doc172241fr.pdf,yes,https://www.ccecrb.fgov.be/dpics/fichiers/2018-12-21-09-16-06_doc172241fr.pdf,https://www.ccecrb.fgov.be/p/fr/66/pacte-national-pour-les-investissements-strategiques
excluded_quota,note-methodologique,Note méthodologique,conseil central de l’économie,L’agrégation des prévisions du coût salarial horaire,2017-10-24,2017,0.403,1.21,316.66,949.979,note-methodologique/2020-11-03-10-24-58_doc172358fr.pdf,yes,https://www.ccecrb.fgov.be/dpics/fichiers/2020-11-03-10-24-58_doc172358fr.pdf,https://www.ccecrb.fgov.be/p/fr/614/l-agregation-des-previsions-du-cout-salarial-horaire
excluded_quota,rapport,rapport,conseil central de l’économie,Digitalisation et économie collaborative,2017-10-04,2017,0.959,2.878,316.66,949.979,rapport/doc17-2170.pdf,yes,https://www.ccecrb.fgov.be/dpics/fichiers/fr/doc17-2170.pdf,https://www.ccecrb.fgov.be/p/fr/399/digitalisation-et-economie-collaborative
excluded_quota,avis,avis,conseil central de l’économie,Stratégie de relance – Introduction d’un engagement global des employeurs en matière de places de stage – Évaluation annuelle,2017-10-04,2017,0.263,0.788,316.66,949.979,avis/doc17-2160.pdf,yes,https://www.ccecrb.fgov.be/dpics/fichiers/fr/doc17-2160.pdf,https://www.ccecrb.fgov.be/p/fr/451/strategie-de-relance-introduction-d-un-engagement-global-des-employeurs-en-matiere-de-places-de-stage-evaluation-annuelle
excluded_quota,avis,avis,conseil central de l’économie,"Défis sociaux, économiques et environnementauxà relever dans la définition d’une vision énergétique en Belgique",2017-09-20,2017,0.418,1.255,316.66,949.979,avis/doc17-2055.pdf,yes,https://www.ccecrb.fgov.be/dpics/fichiers/fr/doc17-2055.pdf,https://www.ccecrb.fgov.be/p/fr/394/defis-sociaux-economiques-et-environnementauxa-relever-dans-la-definition-d-une-vision-energetique-en-belgique
excluded_quota,avis,avis,conseil central de l’économie,Réforme du droit des sociétés et des associations,2017-09-20,2017,0.938,2.815,316.66,949.979,avis/doc17-2017.pdf,yes,https://www.ccecrb.fgov.be/dpics/fichiers/fr/doc17-2017.pdf,https://www.ccecrb.fgov.be/p/fr/393/reforme-du-droit-des-societes-et-des-associations
excluded_quota,avis,avis,concurrence,Le renforcement de l'efficacité des autorités nationales de concurrence,2017-09-05,2017,0.296,0.888,316.66,949.979,avis/doc17-1906.pdf,yes,https://www.ccecrb.fgov.be/dpics/fichiers/fr/doc17-1906.pdf,https://www.ccecrb.fgov.be/p/fr/391/le-renforcement-de-l-efficacite-des-autorites-nationales-de-concurrence
excluded_quota,rapport,rapport,conseil central de l’économie,Evaluation des conventions de premier emploi,2017-07-18,2017,0.838,2.515,316.66,949.979,rapport/doc17-1780.pdf,yes,https://www.ccecrb.fgov.be/dpics/fichiers/fr/doc17-1780.pdf,https://www.ccecrb.fgov.be/p/fr/387/evaluation-des-conventions-de-premier-emploi
excluded_quota,avis,avis,conseil central de l’économie,Création des Commissions consultatives spéciales « Consommation » et « Clauses abusives » au sein du Conseil central de l’économie,2017-07-18,2017,0.309,0.927,316.66,949.979,avis/doc17-1716.pdf,yes,https://www.ccecrb.fgov.be/dpics/fichiers/fr/doc17-1716.pdf,https://www.ccecrb.fgov.be/p/fr/388/creation-des-commissions-consultatives-speciales-consommation-et-clauses-abusives-au-sein-du-conseil-central-de-l-economie
excluded_quota,avis,avis,conseil central de l’économie,Pistes afin de réduire davantage les besoins en énergie dans le secteur des transports,2017-07-18,2017,0.387,1.16,316.66,949.979,avis/2019-04-17-01-41-17_doc171750fr.pdf,yes,https://www.ccecrb.fgov.be/dpics/fichiers/2019-04-17-01-41-17_doc171750fr.pdf,https://www.ccecrb.fgov.be/p/fr/633/pistes-afin-de-reduire-davantage-les-besoins-en-energie-dans-le-secteur-des-transports
excluded_quota,note-documentaire,note documentaire,conseil central de l’économie,Estimation approximative des coûts directs des déplacements domicile-travail en Belgique pour les salariés et les employeurs du secteur privé,2017-07-12,2017,0.373,1.118,316.66,949.979,note-documentaire/doc17-1653.pdf,yes,https://www.ccecrb.fgov.be/dpics/fichiers/fr/doc17-1653.pdf,https://www.ccecrb.fgov.be/p/fr/386/estimation-approximative-des-couts-directs-des-deplacements-domicile-travail-en-belgique-pour-les-salaries-et-les-employeurs-du-secteur-prive
excluded_quota,avis,avis,secteurs,Pacte national pour les investissements stratégiques,2017-07-01,2017,0.217,0.65,316.66,949.979,avis/doc17-1675.pdf,yes,https://www.ccecrb.fgov.be/dpics/fichiers/fr/doc17-1675.pdf,https://www.ccecrb.fgov.be/p/fr/409/pacte-national-pour-les-investissements-strategiques
excluded_quota,avis,avis,conseil central de l’économie,La réforme du financement de la sécurité sociale,2017-06-21,2017,0.976,2.929,316.66,949.979,avis/doc17-1540.pdf,yes,https://www.ccecrb.fgov.be/dpics/fichiers/fr/doc17-1540.pdf,https://www.ccecrb.fgov.be/p/fr/384/la-reforme-du-financement-de-la-securite-sociale
excluded_quota,rapport,rapport,secteurs,L'emploi dans le secteur de la distribution,2017-06-09,2017,0.826,2.478,316.66,949.979,rapport/doc17-1633.pdf,yes,https://www.ccecrb.fgov.be/dpics/fichiers/fr/doc17-1633.pdf,https://www.ccecrb.fgov.be/p/fr/390/l-emploi-dans-le-secteur-de-la-distribution
excluded_quota,rapport,rapport,secteurs,La conjoncture dans le secteur de la construction – juin 2017,2017-06-06,2017,0.516,1.549,316.66,949.979,rapport/doc17-1805.pdf,yes,https://www.ccecrb.fgov.be/dpics/fichiers/fr/doc17-1805.pdf,https://www.ccecrb.fgov.be/p/fr/389/la-conjoncture-dans-le-secteur-de-la-construction-juin-2017
excluded_quota,rapport,rapport,secteurs,La conjoncture économique dans le secteur de la distribution,2017-05-31,2017,0.126,0.378,316.66,949.979,rapport/doc17-2040.pdf,yes,https://www.ccecrb.fgov.be/dpics/fichiers/fr/doc17-2040.pdf,https://www.ccecrb.fgov.be/p/fr/392/la-conjoncture-economique-dans-le-secteur-de-la-distribution
excluded_quota,avis,avis,secteurs,Loan-To-Value,2017-04-28,2017,0.219,0.658,316.66,949.979,avis/doc17-1098.pdf,yes,https://www.ccecrb.fgov.be/dpics/fichiers/fr/doc17-1098.pdf,https://www.ccecrb.fgov.be/p/fr/382/loan-to-value
excluded_quota,avis,avis,conseil central de l’économie,Avis sur le projet d’arrêté royal relatif au Programme 2018-2022 du Plan fédéral de Réduction des Produits phytopharmaceutiques,2017-04-26,2017,0.28,0.841,316.66,949.979,avis/doc17-1101.pdf,yes,https://www.ccecrb.fgov.be/dpics/fichiers/fr/doc17-1101.pdf,https://www.ccecrb.fgov.be/p/fr/381/avis-sur-le-projet-d-arrete-royal-relatif-au-programme-2018-2022-du-plan-federal-de-reduction-des-produits-phytopharmaceutiques
excluded_quota,avis,avis,conseil central de l’économie,Programme national de réformes 2017 : Contribution du Conseil central de l’économie et du Conseil national du travail,2017-04-07,2017,7.794,23.381,316.66,949.979,avis/doc17-970.pdf,yes,https://www.ccecrb.fgov.be/dpics/fichiers/fr/doc17-970.pdf,https://www.ccecrb.fgov.be/p/fr/379/programme-national-de-reformes-2017-contribution-du-conseil-central-de-l-economie-et-du-conseil-national-du-travail
excluded_quota,avis,avis,conseil central de l’économie,Le budget mobilité,2017-04-07,2017,0.469,1.407,316.66,949.979,avis/doc17-885.pdf,yes,https://www.ccecrb.fgov.be/dpics/fichiers/fr/doc17-885.pdf,https://www.ccecrb.fgov.be/p/fr/378/le-budget-mobilite
excluded_quota,rapport,rapport,secteurs,L'emploi dans l'industrie alimentaire,2017-03-31,2017,0.72,2.159,316.66,949.979,rapport/doc17-1246.pdf,yes,https://www.ccecrb.fgov.be/dpics/fichiers/fr/doc17-1246.pdf,https://www.ccecrb.fgov.be/p/fr/383/l-emploi-dans-l-industrie-alimentaire
excluded_quota,rapport,rapport,secteurs,La conjoncture économique dans l’industrie alimentaire et des boissons 2017,2017-03-31,2017,0.163,0.489,316.66,949.979,rapport/2019-03-05-10-56-13_doc171820fr.pdf,yes,https://www.ccecrb.fgov.be/dpics/fichiers/2019-03-05-10-56-13_doc171820fr.pdf,https://www.ccecrb.fgov.be/p/fr/618/la-conjoncture-economique-dans-l-industrie-alimentaire-et-des-boissons-2017
excluded_quota,avis,avis,conseil central de l’économie,La mise à disposition sur le marché et l'utilisation des produits biocides,2017-03-29,2017,0.221,0.664,316.66,949.979,avis/doc17-955.pdf,yes,https://www.ccecrb.fgov.be/dpics/fichiers/fr/doc17-955.pdf,https://www.ccecrb.fgov.be/p/fr/380/la-mise-a-disposition-sur-le-marche-et-l-utilisation-des-produits-biocides
excluded_quota,avis,avis,conseil central de l’économie,Création d'un Conseil national de la productivité,2017-03-29,2017,0.22,0.661,316.66,949.979,avis/doc17-670.pdf,yes,https://www.ccecrb.fgov.be/dpics/fichiers/fr/doc17-670.pdf,https://www.ccecrb.fgov.be/p/fr/377/creation-d-un-conseil-national-de-la-productivite
excluded_quota,avis,avis,conseil central de l’économie,Diagnostic fédéral des déplacements domicile-travail : amélioration du projet de questionnaire 2017 et recommandations générales,2017-03-21,2017,1.807,5.42,316.66,949.979,avis/doc17-714.pdf,yes,https://www.ccecrb.fgov.be/dpics/fichiers/fr/doc17-714.pdf,https://www.ccecrb.fgov.be/p/fr/376/diagnostic-federal-des-deplacements-domicile-travail-amelioration-du-projet-de-questionnaire-2017-et-recommandations-generales
excluded_quota,avis,avis,conseil central de l’économie,"Liaison au bien-être 2017-2018 - Loi relative au pacte de solidarité entre les générations - Pacte de compétitivité, d'emploi et de relance",2017-03-21,2017,1.472,4.415,316.66,949.979,avis/doc17-708.pdf,yes,https://www.ccecrb.fgov.be/dpics/fichiers/fr/doc17-708.pdf,https://www.ccecrb.fgov.be/p/fr/375/liaison-au-bien-etre-2017-2018-loi-relative-au-pacte-de-solidarite-entre-les-generations-pacte-de-competitivite-d-emploi-et-de-relance
excluded_quota,note-documentaire,note documentaire,secteurs,"L'écosystème de la chaine de valeur du secteur papetier, graphique et de l'édition",2017-03-14,2017,2.247,6.742,316.66,949.979,note-documentaire/doc17-313.pdf,yes,https://www.ccecrb.fgov.be/dpics/fichiers/fr/doc17-313.pdf,https://www.ccecrb.fgov.be/p/fr/373/l-ecosysteme-de-la-chaine-de-valeur-du-secteur-papetier-graphique-et-de-l-edition
excluded_quota,avis,avis,secteurs,"Travailler avec les pouvoirs publics pour une chaîne de valeur circulaire forte dans le secteur papetier, graphique et de l'édition",2017-03-14,2017,0.232,0.696,316.66,949.979,avis/2019-04-15-11-18-53_doc170329fr.pdf,yes,https://www.ccecrb.fgov.be/dpics/fichiers/2019-04-15-11-18-53_doc170329fr.pdf,https://www.ccecrb.fgov.be/p/fr/374/travailler-avec-les-pouvoirs-publics-pour-une-chaine-de-valeur-circulaire-forte-dans-le-secteur-papetier-graphique-et-de-l-edition
excluded_quota,note-methodologique,Note méthodologique,conseil central de l’économie,Les subventions salariales dans le non-marchand,2017-03-01,2017,0.412,1.235,316.66,949.979,note-methodologique/2020-11-03-11-56-22_doc161545fr.pdf,yes,https://www.ccecrb.fgov.be/dpics/fichiers/2020-11-03-11-56-22_doc161545fr.pdf,https://www.ccecrb.fgov.be/p/fr/372/les-subventions-salariales-dans-le-non-marchand
excluded_quota,avis,avis,conseil central de l’économie,La communication de la Commission européenne pour une orientation positive de la politique budgétaire de la zone euro,2017-02-22,2017,0.228,0.684,316.66,949.979,avis/doc17-440.pdf,yes,https://www.ccecrb.fgov.be/dpics/fichiers/fr/doc17-440.pdf,https://www.ccecrb.fgov.be/p/fr/369/la-communication-de-la-commission-europeenne-pour-une-orientation-positive-de-la-politique-budgetaire-de-la-zone-euro
excluded_quota,avis,avis,secteurs,Des économistes de premier plan mettent en évidence le diagnostic des partenaires sociaux du secteur de la construction : il est urgent d’accroître et d’optimaliser les investissements publics pour remettre la Belgique sur les rails,2017-02-21,2017,0.241,0.724,316.66,949.979,avis/doc17-479.pdf,yes,https://www.ccecrb.fgov.be/dpics/fichiers/fr/doc17-479.pdf,https://www.ccecrb.fgov.be/p/fr/370/des-economistes-de-premier-plan-mettent-en-evidence-le-diagnostic-des-partenaires-sociaux-du-secteur-de-la-construction-il-est-urgent-d-accroitre-et-d-optimaliser-les-investissements-publics-pour-remettre-la-belgique-sur-les-rails
excluded_quota,rapport,rapport,secteurs,Évolution économique dans l’industrie du textile et de l’habillement – Automne 2016,2017-02-14,2017,0.867,2.6,316.66,949.979,rapport/doc17-226.pdf,yes,https://www.ccecrb.fgov.be/dpics/fichiers/fr/doc17-226.pdf,https://www.ccecrb.fgov.be/p/fr/368/evolution-economique-dans-l-industrie-du-textile-et-de-l-habillement-automne-2016
excluded_quota,note-documentaire,note documentaire,conseil central de l’économie,Het gebruik van de economische vooruitzichten van het Federaal Planbureau voor het economisch beleid,2017-02-14,2017,0.336,1.007,316.66,949.979,note-documentaire/doc17-43.pdf,yes,https://www.ccecrb.fgov.be/dpics/fichiers/fr/doc17-43.pdf,https://www.ccecrb.fgov.be/p/fr/367/het-gebruik-van-de-economische-vooruitzichten-van-het-federaal-planbureau-voor-het-economisch-beleid
excluded_quota,note-documentaire,note documentaire,conseil central de l’économie,La soutenabilité des finances publiques et les impacts économiques et sociaux des politiques budgétaires et structurelles,2017-01-27,2017,0.411,1.233,316.66,949.979,note-documentaire/doc17-47.pdf,yes,https://www.ccecrb.fgov.be/dpics/fichiers/fr/doc17-47.pdf,https://www.ccecrb.fgov.be/p/fr/366/la-soutenabilite-des-finances-publiques-et-les-impacts-economiques-et-sociaux-des-politiques-budgetaires-et-structurelles
excluded_quota,note-documentaire,note documentaire,conseil central de l’économie,Monitoring de l’Emploi en Belgique : Indicateurs de suivi pour le Rapport Emploi Compétitivité,2017-01-27,2017,0.33,0.991,316.66,949.979,note-documentaire/doc17-46.pdf,yes,https://www.ccecrb.fgov.be/dpics/fichiers/fr/doc17-46.pdf,https://www.ccecrb.fgov.be/p/fr/371/monitoring-de-l-emploi-en-belgique-indicateurs-de-suivi-pour-le-rapport-emploi-competitivite
excluded_quota,note-documentaire,note documentaire,conseil central de l’économie,(Para)fiscalité 2016,2017-01-21,2017,1.308,3.923,316.66,949.979,note-documentaire/doc17-79.pdf,yes,https://www.ccecrb.fgov.be/dpics/fichiers/fr/doc17-79.pdf,https://www.ccecrb.fgov.be/p/fr/400/-para-fiscalite-2016
excluded_quota,avis,avis,conseil central de l’économie,Propositions de la plateforme de discussion permanente concernant le secteur financier,2017-01-18,2017,0.41,1.229,316.66,949.979,avis/doc17-120.pdf,yes,https://www.ccecrb.fgov.be/dpics/fichiers/fr/doc17-120.pdf,https://www.ccecrb.fgov.be/p/fr/363/propositions-de-la-plateforme-de-discussion-permanente-concernant-le-secteur-financier
excluded_quota,note-documentaire,note documentaire,conseil central de l’économie,Analyse de la hausse de l’intensité en r&d en Belgique depuis 2005,2017-01-16,2017,0.842,2.525,316.66,949.979,note-documentaire/doc17-45.pdf,yes,https://www.ccecrb.fgov.be/dpics/fichiers/fr/doc17-45.pdf,https://www.ccecrb.fgov.be/p/fr/362/analyse-de-la-hausse-de-l-intensite-en-r-d-en-belgique-depuis-2005
excluded_quota,rapport,rapport,conseil central de l’économie,Rapport Emploi Compétitivité 2016,2017-01-10,2017,0.385,1.155,316.66,949.979,rapport/2020-05-28-10-49-05_doc17155fr.pdf,yes,https://www.ccecrb.fgov.be/dpics/fichiers/2020-05-28-10-49-05_doc17155fr.pdf,https://www.ccecrb.fgov.be/p/fr/365/rapport-emploi-competitivite-2016
excluded_quota,avis,avis,conseil central de l’économie,Rapport Emploi Compétitivité 2016 - Partie1,2017-01-10,2017,1.04,3.12,316.66,949.979,avis/doc17-80.pdf,yes,https://www.ccecrb.fgov.be/dpics/fichiers/fr/doc17-80.pdf,https://www.ccecrb.fgov.be/p/fr/364/rapport-emploi-competitivite-2016-partie1
excluded_quota,avis,avis,conseil central de l’économie,Le prix des cartes train à partir du 1er février 2017,2016-12-20,2016,0.262,0.787,316.66,949.979,avis/doc16-2871.pdf,yes,https://www.ccecrb.fgov.be/dpics/fichiers/fr/doc16-2871.pdf,https://www.ccecrb.fgov.be/p/fr/360/le-prix-des-cartes-train-a-partir-du-1er-fevrier-2017
excluded_quota,avis,avis,conseil central de l’économie,Avis concernant un projet d’arrêté royal modifiant l’entrée en vigueur de certaines dispositions de l’arrêté royal du 27 mai 2014 relatif à la mise sur le marché des substances manufacturées à l’état nanoparticulaire,2016-12-20,2016,0.234,0.703,316.66,949.979,avis/doc16-2806.pdf,yes,https://www.ccecrb.fgov.be/dpics/fichiers/fr/doc16-2806.pdf,https://www.ccecrb.fgov.be/p/fr/361/avis-concernant-un-projet-d-arrete-royal-modifiant-l-entree-en-vigueur-de-certaines-dispositions-de-l-arrete-royal-du-27-mai-2014-relatif-a-la-mise-sur-le-marche-des-substances-manufacturees-a-l-etat-nanoparticulaire
excluded_quota,note-documentaire,note documentaire,conseil central de l’économie,Interventions de l’employeur dans le coût des déplacements domicile-travail,2016-12-19,2016,1.385,4.156,316.66,949.979,note-documentaire/doc16-2595.pdf,yes,https://www.ccecrb.fgov.be/dpics/fichiers/fr/doc16-2595.pdf,https://www.ccecrb.fgov.be/p/fr/359/interventions-de-l-employeur-dans-le-cout-des-deplacements-domicile-travail
excluded_quota,rapport,rapport,secteurs,La conjoncture économique dans le secteur de la distribution - Avril 2016,2016-11-23,2016,1.073,3.22,316.66,949.979,rapport/doc16-1387.pdf,yes,https://www.ccecrb.fgov.be/dpics/fichiers/fr/doc16-1387.pdf,https://www.ccecrb.fgov.be/p/fr/355/la-conjoncture-economique-dans-le-secteur-de-la-distribution-avril-2016
excluded_quota,avis,avis,conseil central de l’économie,"Avis sur le projet d'arrêté royal relatif à la dénomination, aux caractéristiques et à la teneur en soufre du pétrole lampant",2016-11-23,2016,0.175,0.526,316.66,949.979,avis/doc16-2485.pdf,yes,https://www.ccecrb.fgov.be/dpics/fichiers/fr/doc16-2485.pdf,https://www.ccecrb.fgov.be/p/fr/385/avis-sur-le-projet-d-arrete-royal-relatif-a-la-denomination-aux-caracteristiques-et-a-la-teneur-en-soufre-du-petrole-lampant
excluded_quota,rapport,rapport,secteurs,La conjoncture dans le secteur de la construction - novembre 2016,2016-11-16,2016,0.687,2.061,316.66,949.979,rapport/doc16-2507.pdf,yes,https://www.ccecrb.fgov.be/dpics/fichiers/fr/doc16-2507.pdf,https://www.ccecrb.fgov.be/p/fr/356/la-conjoncture-dans-le-secteur-de-la-construction-novembre-2016
excluded_quota,avis,avis,secteurs,Organisation d’une épreuve d’aptitude en vue de la nomination d'experts diamantaires,2016-10-26,2016,0.247,0.741,316.66,949.979,avis/doc16-2331.pdf,yes,https://www.ccecrb.fgov.be/dpics/fichiers/fr/doc16-2331.pdf,https://www.ccecrb.fgov.be/p/fr/358/organisation-d-une-epreuve-d-aptitude-en-vue-de-la-nomination-d-experts-diamantaires
excluded_quota,note-documentaire,note documentaire,conseil central de l’économie,Les difficultés d'appariement sur le marché du travail en Belgique et dans les trois régions : analyse à partir de fonctions critiques,2016-10-13,2016,0.626,1.878,316.66,949.979,note-documentaire/doc16-2308.pdf,yes,https://www.ccecrb.fgov.be/dpics/fichiers/fr/doc16-2308.pdf,https://www.ccecrb.fgov.be/p/fr/357/les-difficultes-d-appariement-sur-le-marche-du-travail-en-belgique-et-dans-les-trois-regions-analyse-a-partir-de-fonctions-critiques
excluded_quota,note-documentaire,note documentaire,conseil central de l’économie,Analyse de la distribution des revenus en Belgique - Partie 1 : situation générale et pistes de recherche,2016-09-26,2016,0.725,2.176,316.66,949.979,note-documentaire/doc16-1548.pdf,yes,https://www.ccecrb.fgov.be/dpics/fichiers/fr/doc16-1548.pdf,https://www.ccecrb.fgov.be/p/fr/354/analyse-de-la-distribution-des-revenus-en-belgique-partie-1-situation-generale-et-pistes-de-recherche
excluded_quota,note-documentaire,note documentaire,conseil central de l’économie,Inventaire des secrétariats avec des informations et données disponibles pour calculer le coût actuel des déplacements domicile-travail en Belgique,2016-09-23,2016,5.002,15.007,316.66,949.979,note-documentaire/doc16-2150.pdf,yes,https://www.ccecrb.fgov.be/dpics/fichiers/fr/doc16-2150.pdf,https://www.ccecrb.fgov.be/p/fr/351/inventaire-des-secretariats-avec-des-informations-et-donnees-disponibles-pour-calculer-le-cout-actuel-des-deplacements-domicile-travail-en-belgique
excluded_quota,avis,avis,conseil central de l’économie,Transposition de la directive concernant les informations non financières et les informations relatives à la diversité,2016-09-22,2016,0.281,0.843,316.66,949.979,avis/doc16-2140.pdf,yes,https://www.ccecrb.fgov.be/dpics/fichiers/fr/doc16-2140.pdf,https://www.ccecrb.fgov.be/p/fr/350/transposition-de-la-directive-concernant-les-informations-non-financieres-et-les-informations-relatives-a-la-diversite
excluded_quota,avis,avis,conseil central de l’économie,Proposition de mesures fédérales de renforcement de l'économie circulaire,2016-09-22,2016,0.254,0.761,316.66,949.979,avis/doc16-2060.pdf,yes,https://www.ccecrb.fgov.be/dpics/fichiers/fr/doc16-2060.pdf,https://www.ccecrb.fgov.be/p/fr/349/proposition-de-mesures-federales-de-renforcement-de-l-economie-circulaire
excluded_quota,rapport,rapport,conseil central de l’économie,Stratégie de relance – Introduction d’un engagement global des employeurs en matière de places de stage - Évaluation annuelle - année 2015,2016-09-21,2016,0.472,1.417,316.66,949.979,rapport/doc16-2041.pdf,yes,https://www.ccecrb.fgov.be/dpics/fichiers/fr/doc16-2041.pdf,https://www.ccecrb.fgov.be/p/fr/352/strategie-de-relance-introduction-d-un-engagement-global-des-employeurs-en-matiere-de-places-de-stage-evaluation-annuelle-annee-2015
excluded_quota,avis,avis,conseil central de l’économie,"Huitième rapport bisannuel du Service de lutte contre la pauvreté, la précarité et l’exclusion sociale - Rapport 2014-2015",2016-09-21,2016,0.239,0.716,316.66,949.979,avis/doc16-2040.pdf,yes,https://www.ccecrb.fgov.be/dpics/fichiers/fr/doc16-2040.pdf,https://www.ccecrb.fgov.be/p/fr/353/huitieme-rapport-bisannuel-du-service-de-lutte-contre-la-pauvrete-la-precarite-et-l-exclusion-sociale-rapport-2014-2015
excluded_quota,rapport,rapport,secteurs,L'évolution économique dans l'industrie du textile et de l'habillement - Printemps 2016,2016-08-08,2016,0.81,2.43,316.66,949.979,rapport/doc16-1657.pdf,yes,https://www.ccecrb.fgov.be/dpics/fichiers/fr/doc16-1657.pdf,https://www.ccecrb.fgov.be/p/fr/347/l-evolution-economique-dans-l-industrie-du-textile-et-de-l-habillement-printemps-2016
excluded_quota,rapport,rapport,secteurs,La conjoncture économique dans l'industrie alimentaire et le secteur des boissons - Mai 2016,2016-07-27,2016,1.862,5.585,316.66,949.979,rapport/doc16-1324.pdf,yes,https://www.ccecrb.fgov.be/dpics/fichiers/fr/doc16-1324.pdf,https://www.ccecrb.fgov.be/p/fr/346/la-conjoncture-economique-dans-l-industrie-alimentaire-et-le-secteur-des-boissons-mai-2016
excluded_quota,rapport,rapport,conseil central de l’économie,Evaluation des conventions de premier emploi,2016-07-19,2016,0.734,2.203,316.66,949.979,rapport/doc16-1670.pdf,yes,https://www.ccecrb.fgov.be/dpics/fichiers/fr/doc16-1670.pdf,https://www.ccecrb.fgov.be/p/fr/343/evaluation-des-conventions-de-premier-emploi
excluded_quota,avis,avis,conseil central de l’économie,Avis en prévision du diagnostic fédéral sur les déplacements domicile- travail 2017,2016-07-19,2016,0.236,0.708,316.66,949.979,avis/doc16-1680.pdf,yes,https://www.ccecrb.fgov.be/dpics/fichiers/fr/doc16-1680.pdf,https://www.ccecrb.fgov.be/p/fr/344/avis-en-prevision-du-diagnostic-federal-sur-les-deplacements-domicile-travail-2017
excluded_quota,avis,avis,conseil central de l’économie,Projet d’arrêté royal déterminant les conditions imposées aux vendeurs et utilisateurs de biocides destinés à la fumigation,2016-07-19,2016,0.222,0.665,316.66,949.979,avis/doc16-1567.pdf,yes,https://www.ccecrb.fgov.be/dpics/fichiers/fr/doc16-1567.pdf,https://www.ccecrb.fgov.be/p/fr/345/projet-d-arrete-royal-determinant-les-conditions-imposees-aux-vendeurs-et-utilisateurs-de-biocides-destines-a-la-fumigation
excluded_quota,note-documentaire,note documentaire,conseil central de l’économie,Caractéristiques de la négociation salariale dans les pays de référence,2016-07-18,2016,0.814,2.442,316.66,949.979,note-documentaire/doc16-1620.pdf,yes,https://www.ccecrb.fgov.be/dpics/fichiers/fr/doc16-1620.pdf,https://www.ccecrb.fgov.be/p/fr/342/caracteristiques-de-la-negociation-salariale-dans-les-pays-de-reference
excluded_quota,avis,avis,secteurs,Diagnostic des investissements publics en Belgique,2016-07-12,2016,0.352,1.057,316.66,949.979,avis/doc16-1669.pdf,yes,https://www.ccecrb.fgov.be/dpics/fichiers/fr/doc16-1669.pdf,https://www.ccecrb.fgov.be/p/fr/348/diagnostic-des-investissements-publics-en-belgique
excluded_quota,rapport-externe,Rapport externe,conseil central de l’économie,Financement des entreprises de croissance en Belgique : un aperçu des sources de financement appropriés et des recommandations politiques,2016-06-02,2016,0.311,0.934,316.66,949.979,rapport-externe/2019-04-19-03-28-22_rapport_Laveren.pdf,yes,https://www.ccecrb.fgov.be/dpics/fichiers/2019-04-19-03-28-22_rapport_Laveren.pdf,https://www.ccecrb.fgov.be/p/fr/636/financement-des-entreprises-de-croissance-en-belgique-un-apercu-des-sources-de-financement-appropries-et-des-recommandations-politiques
excluded_quota,rapport,rapport,secteurs,L'emploi dans l'industrie alimentaire - Mai 2016,2016-05-20,2016,0.772,2.317,316.66,949.979,rapport/doc16-1296.pdf,yes,https://www.ccecrb.fgov.be/dpics/fichiers/fr/doc16-1296.pdf,https://www.ccecrb.fgov.be/p/fr/341/l-emploi-dans-l-industrie-alimentaire-mai-2016
excluded_quota,avis,avis,concurrence,Actions en dommages et intérêts pour infractions au droit de la concurrence,2016-05-19,2016,0.326,0.979,316.66,949.979,avis/doc16-1150.pdf,yes,https://www.ccecrb.fgov.be/dpics/fichiers/fr/doc16-1150.pdf,https://www.ccecrb.fgov.be/p/fr/334/actions-en-dommages-et-interets-pour-infractions-au-droit-de-la-concurrence
excluded_quota,rapport,rapport,secteurs,L'emploi dans le secteur de la distribution - Avril 2016,2016-04-28,2016,0.819,2.456,316.66,949.979,rapport/doc16-1036.pdf,yes,https://www.ccecrb.fgov.be/dpics/fichiers/fr/doc16-1036.pdf,https://www.ccecrb.fgov.be/p/fr/340/l-emploi-dans-le-secteur-de-la-distribution-avril-2016
excluded_quota,avis,avis,conseil central de l’économie,Analyse d'impact de la réglementation et qualité de la réglementation,2016-04-27,2016,0.278,0.834,316.66,949.979,avis/doc16-940.pdf,yes,https://www.ccecrb.fgov.be/dpics/fichiers/fr/doc16-940.pdf,https://www.ccecrb.fgov.be/p/fr/332/analyse-d-impact-de-la-reglementation-et-qualite-de-la-reglementation
excluded_quota,avis,avis,conseil central de l’économie,Programme national de réformes 2016 - Contribution du Conseil central de l’économie et du Conseil national du travail,2016-04-27,2016,0.315,0.944,316.66,949.979,avis/doc16-710.pdf,yes,https://www.ccecrb.fgov.be/dpics/fichiers/fr/doc16-710.pdf,https://www.ccecrb.fgov.be/p/fr/331/programme-national-de-reformes-2016-contribution-du-conseil-central-de-l-economie-et-du-conseil-national-du-travail
excluded_quota,avis,avis,conseil central de l’économie,Avis relatif au projet d’arrêté royal modifiant l’arrêté royal du 19 mars 2013 pour parvenir à une utilisation des produits phytopharmaceutiques et adjuvants compatible avec le développement durable,2016-04-27,2016,0.232,0.697,316.66,949.979,avis/doc16-650.pdf,yes,https://www.ccecrb.fgov.be/dpics/fichiers/fr/doc16-650.pdf,https://www.ccecrb.fgov.be/p/fr/333/avis-relatif-au-projet-d-arrete-royal-modifiant-l-arrete-royal-du-19-mars-2013-pour-parvenir-a-une-utilisation-des-produits-phytopharmaceutiques-et-adjuvants-compatible-avec-le-developpement-durable
excluded_quota,note-documentaire,note documentaire,secteurs,"L'économie durable : moteur de compétitivité dans l'industrie agro-alimentaire - Conclusions des études de cas : création de valeurs partagées chez Alpro, Belvas, Brouwerij Huyghe et Spadel",2016-04-26,2016,0.319,0.958,316.66,949.979,note-documentaire/doc16-912.pdf,yes,https://www.ccecrb.fgov.be/dpics/fichiers/fr/doc16-912.pdf,https://www.ccecrb.fgov.be/p/fr/339/l-economie-durable-moteur-de-competitivite-dans-l-industrie-agro-alimentaire-conclusions-des-etudes-de-cas-creation-de-valeurs-partagees-chez-alpro-belvas-brouwerij-huyghe-et-spadel
excluded_quota,note-documentaire,note documentaire,secteurs,L'économie durable : moteur de compétitivité dans l'industrie agro-alimentaire - Étude de cas Spadel,2016-04-26,2016,0.678,2.034,316.66,949.979,note-documentaire/doc16-1217.pdf,yes,https://www.ccecrb.fgov.be/dpics/fichiers/fr/doc16-1217.pdf,https://www.ccecrb.fgov.be/p/fr/336/l-economie-durable-moteur-de-competitivite-dans-l-industrie-agro-alimentaire-etude-de-cas-spadel
excluded_quota,note-documentaire,note documentaire,secteurs,Duurzame economie als motor voor de competitiviteit in de voedingssector - Casestudie Brouwerij Huyghe,2016-04-26,2016,0.434,1.301,316.66,949.979,note-documentaire/doc16-1216.pdf,yes,https://www.ccecrb.fgov.be/dpics/fichiers/fr/doc16-1216.pdf,https://www.ccecrb.fgov.be/p/fr/337/duurzame-economie-als-motor-voor-de-competitiviteit-in-de-voedingssector-casestudie-brouwerij-huyghe
excluded_quota,note-documentaire,note documentaire,secteurs,L'économie durable: moteur de compétitivité dans l'industrie agro-alimentaire - Étude de cas Belvas,2016-04-26,2016,0.333,1.0,316.66,949.979,note-documentaire/doc16-1215.pdf,yes,https://www.ccecrb.fgov.be/dpics/fichiers/fr/doc16-1215.pdf,https://www.ccecrb.fgov.be/p/fr/335/l-economie-durable-moteur-de-competitivite-dans-l-industrie-agro-alimentaire-etude-de-cas-belvas
excluded_quota,note-documentaire,note documentaire,secteurs,L'économie durable : moteur de compétitivité dans l'industrie agro-alimentaire - Approche conceptuelle,2016-04-26,2016,0.352,1.057,316.66,949.979,note-documentaire/doc16-1214.pdf,yes,https://www.ccecrb.fgov.be/dpics/fichiers/fr/doc16-1214.pdf,https://www.ccecrb.fgov.be/p/fr/338/l-economie-durable-moteur-de-competitivite-dans-l-industrie-agro-alimentaire-approche-conceptuelle
excluded_quota,rapport-externe,Rapport externe,conseil central de l’économie,Les entreprises de forte croissance en Belgique,2016-04-15,2016,0.919,2.758,316.66,949.979,rapport-externe/2019-04-19-03-32-16_rapport_Sleuwaegen.pdf,yes,https://www.ccecrb.fgov.be/dpics/fichiers/2019-04-19-03-32-16_rapport_Sleuwaegen.pdf,https://www.ccecrb.fgov.be/p/fr/637/les-entreprises-de-forte-croissance-en-belgique
excluded_quota,rapport,rapport,secteurs,La conjoncture dans le secteur de la construction- avril 2016,2016-04-04,2016,0.524,1.573,316.66,949.979,rapport/doc16-790.pdf,yes,https://www.ccecrb.fgov.be/dpics/fichiers/fr/doc16-790.pdf,https://www.ccecrb.fgov.be/p/fr/330/la-conjoncture-dans-le-secteur-de-la-construction-avril-2016
excluded_quota,avis,avis,secteurs,L’évolution économique dans l’industrie du textile et de l’habillement – automne 2015,2016-02-25,2016,0.714,2.142,316.66,949.979,avis/doc16-401.pdf,yes,https://www.ccecrb.fgov.be/dpics/fichiers/fr/doc16-401.pdf,https://www.ccecrb.fgov.be/p/fr/328/l-evolution-economique-dans-l-industrie-du-textile-et-de-l-habillement-automne-2015
excluded_quota,avis,avis,conseil central de l’économie,Vers une économie circulaire belge créatrice d’emplois de qualité et de valeur ajoutée – focus sur le recyclage,2016-02-24,2016,0.454,1.361,316.66,949.979,avis/doc16-496.pdf,yes,https://www.ccecrb.fgov.be/dpics/fichiers/fr/doc16-496.pdf,https://www.ccecrb.fgov.be/p/fr/326/vers-une-economie-circulaire-belge-creatrice-d-emplois-de-qualite-et-de-valeur-ajoutee-focus-sur-le-recyclage
excluded_quota,avis,avis,conseil central de l’économie,"L’intégration au sein du Conseil central de l’économie du Comité consultatif pour les télécommunications, du Comité consultatif pour les services postaux, de l’Observatoire des droits de l’Internet et de la Commission de la Sécurité des Cons",2016-02-24,2016,0.277,0.832,316.66,949.979,avis/doc16-470.pdf,yes,https://www.ccecrb.fgov.be/dpics/fichiers/fr/doc16-470.pdf,https://www.ccecrb.fgov.be/p/fr/327/l-integration-au-sein-du-conseil-central-de-l-economie-du-comite-consultatif-pour-les-telecommunications-du-comite-consultatif-pour-les-services-postaux-de-l-observatoire-des-droits-de-l-internet-et-de-la-commission-de-la-securite-des-cons
excluded_quota,note-documentaire,note documentaire,conseil central de l’économie,Études réalisées en 2015 par le secrétariat du CCE dans le cadre des travaux de la sous-commission « Rapport technique marge salariale » et conclusions des partenaires sociaux,2016-02-19,2016,0.11,0.33,316.66,949.979,note-documentaire/doc16-525.pdf,yes,https://www.ccecrb.fgov.be/dpics/fichiers/fr/doc16-525.pdf,https://www.ccecrb.fgov.be/p/fr/325/etudes-realisees-en-2015-par-le-secretariat-du-cce-dans-le-cadre-des-travaux-de-la-sous-commission-rapport-technique-marge-salariale-et-conclusions-des-partenaires-sociaux
excluded_quota,avis,avis,concurrence,L'application efficace des règles de l'UE par les autorités nationales de concurrence,2016-02-05,2016,0.162,0.487,316.66,949.979,avis/doc16-290.pdf,yes,https://www.ccecrb.fgov.be/dpics/fichiers/fr/doc16-290.pdf,https://www.ccecrb.fgov.be/p/fr/316/l-application-efficace-des-regles-de-l-ue-par-les-autorites-nationales-de-concurrence
excluded_quota,note-documentaire,note documentaire,conseil central de l’économie,Belgium 2.0,2016-02-03,2016,0.709,2.127,316.66,949.979,note-documentaire/doc16-523.pdf,yes,https://www.ccecrb.fgov.be/dpics/fichiers/fr/doc16-523.pdf,https://www.ccecrb.fgov.be/p/fr/324/belgium-2-0
excluded_quota,note-documentaire,note documentaire,conseil central de l’économie,Werkloosheidsverzekering,2016-02-03,2016,0.156,0.469,316.66,949.979,note-documentaire/doc16-521.pdf,yes,https://www.ccecrb.fgov.be/dpics/fichiers/fr/doc16-521.pdf,https://www.ccecrb.fgov.be/p/fr/323/werkloosheidsverzekering
excluded_quota,note-documentaire,note documentaire,conseil central de l’économie,(Para)fiscalité 2015,2016-02-03,2016,0.399,1.197,316.66,949.979,note-documentaire/doc16-519.pdf,yes,https://www.ccecrb.fgov.be/dpics/fichiers/fr/doc16-519.pdf,https://www.ccecrb.fgov.be/p/fr/322/-para-fiscalite-2015
excluded_quota,note-documentaire,note documentaire,conseil central de l’économie,Consolidation budgétaire,2016-02-03,2016,0.199,0.597,316.66,949.979,note-documentaire/doc16-515.pdf,yes,https://www.ccecrb.fgov.be/dpics/fichiers/fr/doc16-515.pdf,https://www.ccecrb.fgov.be/p/fr/321/consolidation-budgetaire
excluded_quota,note-documentaire,note documentaire,conseil central de l’économie,Ontwikkeling van de koopkracht van de particulieren,2016-02-03,2016,0.229,0.688,316.66,949.979,note-documentaire/doc16-513.pdf,yes,https://www.ccecrb.fgov.be/dpics/fichiers/fr/doc16-513.pdf,https://www.ccecrb.fgov.be/p/fr/320/ontwikkeling-van-de-koopkracht-van-de-particulieren
excluded_quota,note-documentaire,note documentaire,conseil central de l’économie,Taux d'emploi et évolution structurelle de l'emploi,2016-02-03,2016,0.195,0.584,316.66,949.979,note-documentaire/doc16-511.pdf,yes,https://www.ccecrb.fgov.be/dpics/fichiers/fr/doc16-511.pdf,https://www.ccecrb.fgov.be/p/fr/319/taux-d-emploi-et-evolution-structurelle-de-l-emploi
excluded_quota,note-documentaire,note documentaire,conseil central de l’économie,Contexte macroéconomique,2016-02-03,2016,0.192,0.577,316.66,949.979,note-documentaire/doc16-509.pdf,yes,https://www.ccecrb.fgov.be/dpics/fichiers/fr/doc16-509.pdf,https://www.ccecrb.fgov.be/p/fr/318/contexte-macroeconomique
excluded_quota,rapport,rapport,conseil central de l’économie,Rapport technique sur les marges maximales disponibles pour l'évolution du coût salarial,2016-02-01,2016,0.454,1.362,316.66,949.979,rapport/doc16-245.pdf,yes,https://www.ccecrb.fgov.be/dpics/fichiers/fr/doc16-245.pdf,https://www.ccecrb.fgov.be/p/fr/317/rapport-technique-sur-les-marges-maximales-disponibles-pour-l-evolution-du-cout-salarial
excluded_quota,rapport,rapport,secteurs,"La conjoncture économique dans l’industrie chimique, des sciences de la vie et de la transformation des matières plastiques et du caoutchouc - Janvier 2016",2016-01-26,2016,1.384,4.152,316.66,949.979,rapport/doc16-712.pdf,yes,https://www.ccecrb.fgov.be/dpics/fichiers/fr/doc16-712.pdf,https://www.ccecrb.fgov.be/p/fr/329/la-conjoncture-economique-dans-l-industrie-chimique-des-sciences-de-la-vie-et-de-la-transformation-des-matieres-plastiques-et-du-caoutchouc-janvier-2016
excluded_quota,avis,avis,conseil central de l’économie,L'avant-projet du plan d'action national Entreprises et Droits de l'Homme,2016-01-26,2016,0.237,0.71,316.66,949.979,avis/doc16-187.pdf,yes,https://www.ccecrb.fgov.be/dpics/fichiers/fr/doc16-187.pdf,https://www.ccecrb.fgov.be/p/fr/315/l-avant-projet-du-plan-d-action-national-entreprises-et-droits-de-l-homme
excluded_quota,avis,avis,conseil central de l’économie,Les plans de la SNCB concernant les tarifs différenciés aux heures de pointe et aux heures creuses : les interlocuteurs sociaux expliquent leurs positions communes,2016-01-26,2016,0.155,0.464,316.66,949.979,avis/doc16-186.pdf,yes,https://www.ccecrb.fgov.be/dpics/fichiers/fr/doc16-186.pdf,https://www.ccecrb.fgov.be/p/fr/314/les-plans-de-la-sncb-concernant-les-tarifs-differencies-aux-heures-de-pointe-et-aux-heures-creuses-les-interlocuteurs-sociaux-expliquent-leurs-positions-communes
excluded_quota,avis,avis,conseil central de l’économie,Le prix des cartes train à partir du 1er février 2016,2016-01-26,2016,0.139,0.418,316.66,949.979,avis/doc16-185.pdf,yes,https://www.ccecrb.fgov.be/dpics/fichiers/fr/doc16-185.pdf,https://www.ccecrb.fgov.be/p/fr/313/le-prix-des-cartes-train-a-partir-du-1er-fevrier-2016
excluded_quota,rapport,rapport,secteurs,Rapport concernant l'évolution conjoncturelle dans l’industrie papetière et graphique automne 2015,2015-12-22,2015,0.615,1.844,316.66,949.979,rapport/doc15-2644.pdf,yes,https://www.ccecrb.fgov.be/dpics/fichiers/fr/doc15-2644.pdf,https://www.ccecrb.fgov.be/p/fr/312/rapport-concernant-l-evolution-conjoncturelle-dans-l-industrie-papetiere-et-graphique-automne-2015
excluded_quota,rapport,rapport,secteurs,La conjoncture dans le secteur de la construction - novembre 2015,2015-11-24,2015,0.39,1.17,316.66,949.979,rapport/doc15-2252.pdf,yes,https://www.ccecrb.fgov.be/dpics/fichiers/fr/doc15-2252.pdf,https://www.ccecrb.fgov.be/p/fr/310/la-conjoncture-dans-le-secteur-de-la-construction-novembre-2015
excluded_quota,avis,avis,conseil central de l’économie,Les principes de base pour une politique de mobilité durable,2015-11-18,2015,0.144,0.433,316.66,949.979,avis/doc15-2220.pdf,yes,https://www.ccecrb.fgov.be/dpics/fichiers/fr/doc15-2220.pdf,https://www.ccecrb.fgov.be/p/fr/309/les-principes-de-base-pour-une-politique-de-mobilite-durable
excluded_quota,avis,avis,concurrence,Les commissions d’interchange pour les opérations de paiement liées à une carte,2015-10-29,2015,0.216,0.647,316.66,949.979,avis/doc15-2000.pdf,yes,https://www.ccecrb.fgov.be/dpics/fichiers/fr/doc15-2000.pdf,https://www.ccecrb.fgov.be/p/fr/308/les-commissions-d-interchange-pour-les-operations-de-paiement-liees-a-une-carte
excluded_quota,article,article,conseil central de l’économie,Les composantes de la politique ferroviaire en Belgique,2015-10-29,2015,0.4,1.201,316.66,949.979,article/2021-06-28-03-04-50_LescomposantesdelapolitiqueferroviaireenBelgique.pdf,yes,https://www.ccecrb.fgov.be/dpics/fichiers/2021-06-28-03-04-50_LescomposantesdelapolitiqueferroviaireenBelgique.pdf,https://www.ccecrb.fgov.be/p/fr/873/les-composantes-de-la-politique-ferroviaire-en-belgique
excluded_quota,avis,avis,conseil central de l’économie,Attentes des partenaires sociaux vis-à-vis du système financier belge,2015-10-21,2015,0.169,0.507,316.66,949.979,avis/doc15-1986.pdf,yes,https://www.ccecrb.fgov.be/dpics/fichiers/fr/doc15-1986.pdf,https://www.ccecrb.fgov.be/p/fr/307/attentes-des-partenaires-sociaux-vis-a-vis-du-systeme-financier-belge
excluded_quota,avis,avis,conseil central de l’économie,Stratégie de relance – Introduction d’un engagement global des employeurs en matière de places de stage - Évaluation annuelle - année 2014,2015-07-14,2015,0.127,0.382,316.66,949.979,avis/doc15-1461.pdf,yes,https://www.ccecrb.fgov.be/dpics/fichiers/fr/doc15-1461.pdf,https://www.ccecrb.fgov.be/p/fr/306/strategie-de-relance-introduction-d-un-engagement-global-des-employeurs-en-matiere-de-places-de-stage-evaluation-annuelle-annee-2014
excluded_quota,rapport,rapport,secteurs,L’évolution économique dans l’industrie du textile et de l’habillement – printemps 2015,2015-07-02,2015,0.679,2.036,316.66,949.979,rapport/doc15-1382.pdf,yes,https://www.ccecrb.fgov.be/dpics/fichiers/fr/doc15-1382.pdf,https://www.ccecrb.fgov.be/p/fr/304/l-evolution-economique-dans-l-industrie-du-textile-et-de-l-habillement-printemps-2015
excluded_quota,avis,avis,secteurs,L’évolution conjoncturelle dans l'industrie papetière et graphique - Printemps 2015,2015-07-02,2015,0.76,2.279,316.66,949.979,avis/doc15-1344.pdf,yes,https://www.ccecrb.fgov.be/dpics/fichiers/fr/doc15-1344.pdf,https://www.ccecrb.fgov.be/p/fr/305/l-evolution-conjoncturelle-dans-l-industrie-papetiere-et-graphique-printemps-2015
excluded_quota,avis,avis,conseil central de l’économie,Les conséquences des projets de nouvelle politique tarifaire de la SNCB pour la concertation sociale,2015-06-24,2015,0.264,0.792,316.66,949.979,avis/doc15-1260.pdf,yes,https://www.ccecrb.fgov.be/dpics/fichiers/fr/doc15-1260.pdf,https://www.ccecrb.fgov.be/p/fr/303/les-consequences-des-projets-de-nouvelle-politique-tarifaire-de-la-sncb-pour-la-concertation-sociale
excluded_quota,note-documentaire,note documentaire,conseil central de l’économie,Annexes au Rapport technique 2014 du secrétariat sur les marges maximales disponibles pour l’évolution du coût salarial,2015-06-03,2015,1.442,4.326,316.66,949.979,note-documentaire/doc15-1150.pdf,yes,https://www.ccecrb.fgov.be/dpics/fichiers/fr/doc15-1150.pdf,https://www.ccecrb.fgov.be/p/fr/302/annexes-au-rapport-technique-2014-du-secretariat-sur-les-marges-maximales-disponibles-pour-l-evolution-du-cout-salarial
excluded_quota,note-documentaire,note documentaire,conseil central de l’économie,Résumé des CCT relatives aux défis structurels,2015-06-02,2015,0.178,0.535,316.66,949.979,note-documentaire/doc15-1010.pdf,yes,https://www.ccecrb.fgov.be/dpics/fichiers/fr/doc15-1010.pdf,https://www.ccecrb.fgov.be/p/fr/300/resume-des-cct-relatives-aux-defis-structurels
excluded_quota,rapport,rapport,secteurs,L'emploi dans le secteur de la distribution en 2013,2015-05-11,2015,0.467,1.402,316.66,949.979,rapport/doc15-1016.pdf,yes,https://www.ccecrb.fgov.be/dpics/fichiers/fr/doc15-1016.pdf,https://www.ccecrb.fgov.be/p/fr/299/l-emploi-dans-le-secteur-de-la-distribution-en-2013
excluded_quota,rapport,rapport,secteurs,La conjoncture dans le secteur de la construction - avril 2015,2015-04-27,2015,0.355,1.064,316.66,949.979,rapport/doc15-967.pdf,yes,https://www.ccecrb.fgov.be/dpics/fichiers/fr/doc15-967.pdf,https://www.ccecrb.fgov.be/p/fr/298/la-conjoncture-dans-le-secteur-de-la-construction-avril-2015
excluded_quota,rapport,rapport,secteurs,La conjoncture économique dans la distribution - Avril 2015,2015-04-23,2015,1.654,4.962,316.66,949.979,rapport/doc15-1250.pdf,yes,https://www.ccecrb.fgov.be/dpics/fichiers/fr/doc15-1250.pdf,https://www.ccecrb.fgov.be/p/fr/301/la-conjoncture-economique-dans-la-distribution-avril-2015
excluded_quota,avis,avis,conseil central de l’économie,Avis en prévision des négociations sur les futurs contrats de gestion de la SNCB et d’infrabel,2015-04-22,2015,0.121,0.362,316.66,949.979,avis/doc15-890.pdf,yes,https://www.ccecrb.fgov.be/dpics/fichiers/fr/doc15-890.pdf,https://www.ccecrb.fgov.be/p/fr/297/avis-en-prevision-des-negociations-sur-les-futurs-contrats-de-gestion-de-la-sncb-et-d-infrabel
excluded_quota,avis,avis,conseil central de l’économie,Avis en prévision des négociations sur les futurs contrats de gestion de la SNCB et d’Infrabel,2015-04-22,2015,0.121,0.362,316.66,949.979,avis/2021-09-01-03-13-45_doc15890fr.pdf,yes,https://www.ccecrb.fgov.be/dpics/fichiers/2021-09-01-03-13-45_doc15890fr.pdf,https://www.ccecrb.fgov.be/p/fr/44/avis-en-prevision-des-negociations-sur-les-futurs-contrats-de-gestion-de-la-sncb-et-d-infrabel
excluded_quota,rapport,rapport,secteurs,Statistiques concernant les secteurs du textile et de l’habillement,2015-04-21,2015,1.062,3.185,316.66,949.979,rapport/doc15-785.pdf,yes,https://www.ccecrb.fgov.be/dpics/fichiers/fr/doc15-785.pdf,https://www.ccecrb.fgov.be/p/fr/295/statistiques-concernant-les-secteurs-du-textile-et-de-l-habillement
excluded_quota,note-documentaire,note documentaire,conseil central de l’économie,Les mécanismes de coordination en vue de définir la position à défendre par la Belgique au Conseil de l’Union européenne,2015-04-21,2015,0.287,0.862,316.66,949.979,note-documentaire/doc15-900.pdf,yes,https://www.ccecrb.fgov.be/dpics/fichiers/fr/doc15-900.pdf,https://www.ccecrb.fgov.be/p/fr/296/les-mecanismes-de-coordination-en-vue-de-definir-la-position-a-defendre-par-la-belgique-au-conseil-de-l-union-europeenne
excluded_quota,rapport,rapport,secteurs,La conjoncture économique dans l'industrie alimentaire et des boissons - Mars 2015,2015-04-14,2015,1.082,3.246,316.66,949.979,rapport/doc15-841.pdf,yes,https://www.ccecrb.fgov.be/dpics/fichiers/fr/doc15-841.pdf,https://www.ccecrb.fgov.be/p/fr/294/la-conjoncture-economique-dans-l-industrie-alimentaire-et-des-boissons-mars-2015
excluded_quota,rapport,rapport,secteurs,Rapport sur l'emploi dans l'industrie alimentaire en 2013,2015-04-09,2015,0.563,1.689,316.66,949.979,rapport/doc15-825.pdf,yes,https://www.ccecrb.fgov.be/dpics/fichiers/fr/doc15-825.pdf,https://www.ccecrb.fgov.be/p/fr/293/rapport-sur-l-emploi-dans-l-industrie-alimentaire-en-2013
excluded_quota,avis,avis,conseil central de l’économie,"Liaison au bien-être 2015-2016 – Loi relative au pacte de solidarité entre les générations - Pacte de compétitivité, d’emploi et de relance",2015-03-24,2015,2.875,8.625,316.66,949.979,avis/doc15-700.pdf,yes,https://www.ccecrb.fgov.be/dpics/fichiers/fr/doc15-700.pdf,https://www.ccecrb.fgov.be/p/fr/292/liaison-au-bien-etre-2015-2016-loi-relative-au-pacte-de-solidarite-entre-les-generations-pacte-de-competitivite-d-emploi-et-de-relance
excluded_quota,avis,avis,conseil central de l’économie,Transposition de la nouvelle directive comptable,2015-03-18,2015,0.198,0.593,316.66,949.979,avis/doc15-600.pdf,yes,https://www.ccecrb.fgov.be/dpics/fichiers/fr/doc15-600.pdf,https://www.ccecrb.fgov.be/p/fr/291/transposition-de-la-nouvelle-directive-comptable
excluded_quota,avis,avis,conseil central de l’économie,Avis sur le projet d’arrêté royal relatif à la notification des mélanges dangereux au Centre national de prévention et de traitement des intoxications,2015-02-25,2015,0.115,0.345,316.66,949.979,avis/doc15-425.pdf,yes,https://www.ccecrb.fgov.be/dpics/fichiers/fr/doc15-425.pdf,https://www.ccecrb.fgov.be/p/fr/289/avis-sur-le-projet-d-arrete-royal-relatif-a-la-notification-des-melanges-dangereux-au-centre-national-de-prevention-et-de-traitement-des-intoxications
excluded_quota,rapport,rapport,secteurs,L’évolution conjoncturelle dans l’industrie papetière et graphique - Automne 2014,2015-02-04,2015,0.478,1.435,316.66,949.979,rapport/doc15-285.pdf,yes,https://www.ccecrb.fgov.be/dpics/fichiers/fr/doc15-285.pdf,https://www.ccecrb.fgov.be/p/fr/288/l-evolution-conjoncturelle-dans-l-industrie-papetiere-et-graphique-automne-2014
excluded_quota,avis,avis,conseil central de l’économie,L'engagement des interlocuteurs sociaux face aux enjeux énergétiques,2015-01-21,2015,0.13,0.389,316.66,949.979,avis/doc15-135.pdf,yes,https://www.ccecrb.fgov.be/dpics/fichiers/fr/doc15-135.pdf,https://www.ccecrb.fgov.be/p/fr/286/l-engagement-des-interlocuteurs-sociaux-face-aux-enjeux-energetiques
excluded_quota,avis,avis,conseil central de l’économie,La nouvelle politique tarifaire de la SNCB,2015-01-21,2015,0.135,0.406,316.66,949.979,avis/doc15-110.pdf,yes,https://www.ccecrb.fgov.be/dpics/fichiers/fr/doc15-110.pdf,https://www.ccecrb.fgov.be/p/fr/287/la-nouvelle-politique-tarifaire-de-la-sncb
excluded_quota,rapport,rapport,secteurs,Rapport sur l'évolution économique dans l'industrie du textile et de l'habillement - Automne 2014,2015-01-20,2015,0.59,1.769,316.66,949.979,rapport/doc15-74.pdf,yes,https://www.ccecrb.fgov.be/dpics/fichiers/fr/doc15-74.pdf,https://www.ccecrb.fgov.be/p/fr/285/rapport-sur-l-evolution-economique-dans-l-industrie-du-textile-et-de-l-habillement-automne-2014
excluded_quota,rapport,rapport,secteurs,"La conjoncture économique dans l'industrie chimique, des sciences de la vie et de la transformation des matières plastiques et du caoutchouc - Janvier 2015",2015-01-20,2015,0.561,1.683,316.66,949.979,rapport/doc15-421.pdf,yes,https://www.ccecrb.fgov.be/dpics/fichiers/fr/doc15-421.pdf,https://www.ccecrb.fgov.be/p/fr/290/la-conjoncture-economique-dans-l-industrie-chimique-des-sciences-de-la-vie-et-de-la-transformation-des-matieres-plastiques-et-du-caoutchouc-janvier-2015
excluded_quota,note-documentaire,note documentaire,conseil central de l’économie,L’accord du gouvernement fédéral et les déclarations de politique régionale : comparaison des volets énergie/climat et mobilité,2015-01-06,2015,0.257,0.772,316.66,949.979,note-documentaire/doc15-19.pdf,yes,https://www.ccecrb.fgov.be/dpics/fichiers/fr/doc15-19.pdf,https://www.ccecrb.fgov.be/p/fr/284/l-accord-du-gouvernement-federal-et-les-declarations-de-politique-regionale-comparaison-des-volets-energie-climat-et-mobilite
excluded_quota,rapport,rapport,conseil central de l’économie,Rapport technique 2014,2014-12-22,2014,0.192,0.576,316.66,949.979,rapport/doc14-2415.pdf,yes,https://www.ccecrb.fgov.be/dpics/fichiers/fr/doc14-2415.pdf,https://www.ccecrb.fgov.be/p/fr/283/rapport-technique-2014
excluded_quota,rapport,rapport,conseil central de l’économie,Évaluation des conventions de premier emploi,2014-11-19,2014,0.473,1.418,316.66,949.979,rapport/doc14-2151.pdf,yes,https://www.ccecrb.fgov.be/dpics/fichiers/fr/doc14-2151.pdf,https://www.ccecrb.fgov.be/p/fr/281/evaluation-des-conventions-de-premier-emploi
excluded_quota,rapport,rapport,conseil central de l’économie,Stratégie de relance – Introduction d’un engagement global des employeurs en matière de places de stage,2014-11-19,2014,0.129,0.387,316.66,949.979,rapport/doc14-2150.pdf,yes,https://www.ccecrb.fgov.be/dpics/fichiers/fr/doc14-2150.pdf,https://www.ccecrb.fgov.be/p/fr/282/strategie-de-relance-introduction-d-un-engagement-global-des-employeurs-en-matiere-de-places-de-stage
excluded_quota,avis,avis,conseil central de l’économie,Projet d’arrêté royal modifiant l’arrêté royal du 7 septembre 2012 fixant la langue sur l’étiquette et sur la fiche de données de sécurité des substances et mélanges,2014-10-15,2014,0.133,0.398,316.66,949.979,avis/doc14-1840.pdf,yes,https://www.ccecrb.fgov.be/dpics/fichiers/fr/doc14-1840.pdf,https://www.ccecrb.fgov.be/p/fr/280/projet-d-arrete-royal-modifiant-l-arrete-royal-du-7-septembre-2012-fixant-la-langue-sur-l-etiquette-et-sur-la-fiche-de-donnees-de-securite-des-substances-et-melanges
excluded_quota,avis,avis,conseil central de l’économie,Projet d’arrêté royal relatif à des broyeurs et projet d’arrêté royal relatif à des produits conçus pour être évacués dans les toilettes,2014-10-15,2014,0.124,0.373,316.66,949.979,avis/doc14-1825.pdf,yes,https://www.ccecrb.fgov.be/dpics/fichiers/fr/doc14-1825.pdf,https://www.ccecrb.fgov.be/p/fr/278/projet-d-arrete-royal-relatif-a-des-broyeurs-et-projet-d-arrete-royal-relatif-a-des-produits-concus-pour-etre-evacues-dans-les-toilettes
excluded_quota,avis,avis,conseil central de l’économie,Proposition d’actions fédérales visant à promouvoir le covoiturage en Belgique,2014-10-15,2014,0.117,0.35,316.66,949.979,avis/doc14-1820.pdf,yes,https://www.ccecrb.fgov.be/dpics/fichiers/fr/doc14-1820.pdf,https://www.ccecrb.fgov.be/p/fr/277/proposition-d-actions-federales-visant-a-promouvoir-le-covoiturage-en-belgique
excluded_quota,rapport,rapport,secteurs,La conjoncture dans le secteur de la construction – octobre 2014,2014-10-08,2014,0.312,0.935,316.66,949.979,rapport/doc14-1772.pdf,yes,https://www.ccecrb.fgov.be/dpics/fichiers/fr/doc14-1772.pdf,https://www.ccecrb.fgov.be/p/fr/275/la-conjoncture-dans-le-secteur-de-la-construction-octobre-2014
excluded_quota,rapport,rapport,secteurs,L’évolution conjoncturelle dans l’industrie papetière et graphique - printemps 2014,2014-10-06,2014,0.504,1.513,316.66,949.979,rapport/doc14-1752.pdf,yes,https://www.ccecrb.fgov.be/dpics/fichiers/fr/doc14-1752.pdf,https://www.ccecrb.fgov.be/p/fr/276/l-evolution-conjoncturelle-dans-l-industrie-papetiere-et-graphique-printemps-2014
excluded_quota,note-documentaire,note documentaire,conseil central de l’économie,Le système allemand d’enseignement en alternance,2014-09-16,2014,0.593,1.778,316.66,949.979,note-documentaire/doc14-1599.pdf,yes,https://www.ccecrb.fgov.be/dpics/fichiers/fr/doc14-1599.pdf,https://www.ccecrb.fgov.be/p/fr/279/le-systeme-allemand-d-enseignement-en-alternance
excluded_quota,note-documentaire,note documentaire,conseil central de l’économie,Choix de la méthode d’estimation de la durée du travail dans le cadre du calcul du coût salarial horaire,2014-08-19,2014,0.359,1.076,316.66,949.979,note-documentaire/doc14-945.pdf,yes,https://www.ccecrb.fgov.be/dpics/fichiers/fr/doc14-945.pdf,https://www.ccecrb.fgov.be/p/fr/273/choix-de-la-methode-d-estimation-de-la-duree-du-travail-dans-le-cadre-du-calcul-du-cout-salarial-horaire
excluded_quota,rapport,rapport,secteurs,L'évolution économique dans l’industrie du textile et de l’habillement – Printemps 2014,2014-07-29,2014,0.522,1.567,316.66,949.979,rapport/doc14-1339.pdf,yes,https://www.ccecrb.fgov.be/dpics/fichiers/fr/doc14-1339.pdf,https://www.ccecrb.fgov.be/p/fr/270/l-evolution-economique-dans-l-industrie-du-textile-et-de-l-habillement-printemps-2014
excluded_quota,note-documentaire,note documentaire,conseil central de l’économie,Les tensions sur le marché du travail,2014-07-28,2014,0.276,0.827,316.66,949.979,note-documentaire/doc14-1380.pdf,yes,https://www.ccecrb.fgov.be/dpics/fichiers/fr/doc14-1380.pdf,https://www.ccecrb.fgov.be/p/fr/274/les-tensions-sur-le-marche-du-travail
excluded_quota,note-documentaire,note documentaire,conseil central de l’économie,Règlementation adéquate pour un bon fonctionnement des marchés,2014-07-25,2014,0.23,0.691,316.66,949.979,note-documentaire/doc14-1127.pdf,yes,https://www.ccecrb.fgov.be/dpics/fichiers/fr/doc14-1127.pdf,https://www.ccecrb.fgov.be/p/fr/271/reglementation-adequate-pour-un-bon-fonctionnement-des-marches
excluded_quota,rapport,rapport,secteurs,"Rapport sur la conjoncture économique dans l'industrie chimique, des sciences de la vie et de la transformation des matières plastiques et du caoutchouc - Juin 2014",2014-07-03,2014,0.681,2.043,316.66,949.979,rapport/doc14-1212.pdf,yes,https://www.ccecrb.fgov.be/dpics/fichiers/fr/doc14-1212.pdf,https://www.ccecrb.fgov.be/p/fr/269/rapport-sur-la-conjoncture-economique-dans-l-industrie-chimique-des-sciences-de-la-vie-et-de-la-transformation-des-matieres-plastiques-et-du-caoutchouc-juin-2014
excluded_quota,avis,avis,conseil central de l’économie,Projet d’étude sur les perspectives d’approvisionnement en électricité à l’horizon 2030 et le rapport sur les incidences environnementales y afférent,2014-06-25,2014,0.114,0.341,316.66,949.979,avis/doc14-1145.pdf,yes,https://www.ccecrb.fgov.be/dpics/fichiers/fr/doc14-1145.pdf,https://www.ccecrb.fgov.be/p/fr/268/projet-d-etude-sur-les-perspectives-d-approvisionnement-en-electricite-a-l-horizon-2030-et-le-rapport-sur-les-incidences-environnementales-y-afferent
excluded_quota,avis,avis,conseil central de l’économie,"Avis sur un projet d'intégration du Conseil de la consommation, de la Commission des clauses abusives et de la Commission pour l'étiquetage et la publicité écologiques au sein du Conseil central de l'économie",2014-05-21,2014,0.261,0.784,316.66,949.979,avis/doc14-920.pdf,yes,https://www.ccecrb.fgov.be/dpics/fichiers/fr/doc14-920.pdf,https://www.ccecrb.fgov.be/p/fr/267/avis-sur-un-projet-d-integration-du-conseil-de-la-consommation-de-la-commission-des-clauses-abusives-et-de-la-commission-pour-l-etiquetage-et-la-publicite-ecologiques-au-sein-du-conseil-central-de-l-economie
excluded_quota,avis,avis,conseil central de l’économie,"Projet d’AR portant exécution de l’article 23 du projet de loi exécutant le pacte de compétitivité, d’emploi et de relance",2014-04-23,2014,0.218,0.653,316.66,949.979,avis/doc14-630.pdf,yes,https://www.ccecrb.fgov.be/dpics/fichiers/fr/doc14-630.pdf,https://www.ccecrb.fgov.be/p/fr/265/projet-d-ar-portant-execution-de-l-article-23-du-projet-de-loi-executant-le-pacte-de-competitivite-d-emploi-et-de-relance
excluded_quota,rapport,rapport,secteurs,Rapport sur la conjoncture dans le secteur de la construction - Avril 2014,2014-04-07,2014,0.257,0.771,316.66,949.979,rapport/doc14-359.pdf,yes,https://www.ccecrb.fgov.be/dpics/fichiers/fr/doc14-359.pdf,https://www.ccecrb.fgov.be/p/fr/272/rapport-sur-la-conjoncture-dans-le-secteur-de-la-construction-avril-2014
excluded_quota,avis,avis,conseil central de l’économie,La modification des arrêtés d’exécution relatifs à la collecte de données concernant les déplacements des travailleurs entre leur domicile et leur lieu de travail,2014-03-25,2014,0.143,0.428,316.66,949.979,avis/doc14-470.pdf,yes,https://www.ccecrb.fgov.be/dpics/fichiers/fr/doc14-470.pdf,https://www.ccecrb.fgov.be/p/fr/264/la-modification-des-arretes-d-execution-relatifs-a-la-collecte-de-donnees-concernant-les-deplacements-des-travailleurs-entre-leur-domicile-et-leur-lieu-de-travail
excluded_quota,avis,avis,conseil central de l’économie,"Avant-projet de loi du Pacte de compétitivité, d’emploi et de relance et projets d’arrêtés d’exécution",2014-02-25,2014,0.269,0.808,316.66,949.979,avis/doc14-318.pdf,yes,https://www.ccecrb.fgov.be/dpics/fichiers/fr/doc14-318.pdf,https://www.ccecrb.fgov.be/p/fr/261/avant-projet-de-loi-du-pacte-de-competitivite-d-emploi-et-de-relance-et-projets-d-arretes-d-execution
excluded_quota,avis,avis,conseil central de l’économie,L’évaluation du diagnostic fédéral sur les déplacements domicile-travail 2011 et les améliorations proposées pour 2014,2014-02-25,2014,0.159,0.478,316.66,949.979,avis/doc14-317.pdf,yes,https://www.ccecrb.fgov.be/dpics/fichiers/fr/doc14-317.pdf,https://www.ccecrb.fgov.be/p/fr/262/l-evaluation-du-diagnostic-federal-sur-les-deplacements-domicile-travail-2011-et-les-ameliorations-proposees-pour-2014
excluded_quota,note-documentaire,note documentaire,conseil central de l’économie,La dégressivité renforcée des allocations de chômage belges,2014-02-19,2014,0.591,1.773,316.66,949.979,note-documentaire/doc14-264.pdf,yes,https://www.ccecrb.fgov.be/dpics/fichiers/fr/doc14-264.pdf,https://www.ccecrb.fgov.be/p/fr/260/la-degressivite-renforcee-des-allocations-de-chomage-belges
excluded_quota,avis,avis,conseil central de l’économie,Avis sur le projet d’arrêté royal relatif à la mise à disposition obligatoire d’une oreillette lors de la vente de téléphones mobiles,2014-02-19,2014,0.121,0.364,316.66,949.979,avis/doc14-265.pdf,yes,https://www.ccecrb.fgov.be/dpics/fichiers/fr/doc14-265.pdf,https://www.ccecrb.fgov.be/p/fr/259/avis-sur-le-projet-d-arrete-royal-relatif-a-la-mise-a-disposition-obligatoire-d-une-oreillette-lors-de-la-vente-de-telephones-mobiles
excluded_quota,note-documentaire,note documentaire,secteurs,Étude sur la compétitivité structurelle de l'industrie graphique,2014-02-18,2014,0.478,1.434,316.66,949.979,note-documentaire/doc14-176.pdf,yes,https://www.ccecrb.fgov.be/dpics/fichiers/fr/doc14-176.pdf,https://www.ccecrb.fgov.be/p/fr/257/etude-sur-la-competitivite-structurelle-de-l-industrie-graphique
excluded_quota,note-documentaire,note documentaire,secteurs,Statistiques concernant les secteurs du Textile et l’Habillement,2014-02-04,2014,0.96,2.881,316.66,949.979,note-documentaire/doc14-147.pdf,yes,https://www.ccecrb.fgov.be/dpics/fichiers/fr/doc14-147.pdf,https://www.ccecrb.fgov.be/p/fr/256/statistiques-concernant-les-secteurs-du-textile-et-l-habillement
excluded_quota,rapport,rapport,secteurs,Lévolution économique dans l’industrie du textile et de l’habillement - Automne 2013,2014-01-31,2014,0.636,1.909,316.66,949.979,rapport/doc14-33.pdf,yes,https://www.ccecrb.fgov.be/dpics/fichiers/fr/doc14-33.pdf,https://www.ccecrb.fgov.be/p/fr/254/levolution-economique-dans-l-industrie-du-textile-et-de-l-habillement-automne-2013
excluded_quota,rapport,rapport,secteurs,"Rapport sur la conjoncture économique dans l'industrie chimique, des sciences de la vie et de la transformation des matières plastiques et du caoutchouc – décembre 2013",2014-01-14,2014,0.346,1.037,316.66,949.979,rapport/doc14-92.pdf,yes,https://www.ccecrb.fgov.be/dpics/fichiers/fr/doc14-92.pdf,https://www.ccecrb.fgov.be/p/fr/258/rapport-sur-la-conjoncture-economique-dans-l-industrie-chimique-des-sciences-de-la-vie-et-de-la-transformation-des-matieres-plastiques-et-du-caoutchouc-decembre-2013
excluded_quota,avis,avis,concurrence,Proposition de directive : Actions en dommages et intérêts pour les infractions au droit de la concurrence,2014-01-09,2014,0.135,0.406,316.66,949.979,avis/doc14-25.pdf,yes,https://www.ccecrb.fgov.be/dpics/fichiers/fr/doc14-25.pdf,https://www.ccecrb.fgov.be/p/fr/252/proposition-de-directive-actions-en-dommages-et-interets-pour-les-infractions-au-droit-de-la-concurrence
excluded_quota,note-methodologique,Note méthodologique,conseil central de l’économie,Prévisions du secrétariat concernant l’évolutiondes coûts salariaux horaires dans le Rapport technique 2013 : note méthodologique,2013-12-19,2013,0.317,0.95,316.66,949.979,note-methodologique/doc13-1598.pdf,yes,https://www.ccecrb.fgov.be/dpics/fichiers/fr/doc13-1598.pdf,https://www.ccecrb.fgov.be/p/fr/255/previsions-du-secretariat-concernant-l-evolutiondes-couts-salariaux-horaires-dans-le-rapport-technique-2013-note-methodologique
excluded_quota,rapport,rapport,secteurs,L’évolution conjoncturelle dans l’industrie papetière et graphique - automne 2013,2013-12-18,2013,0.502,1.505,316.66,949.979,rapport/doc13-1617.pdf,yes,https://www.ccecrb.fgov.be/dpics/fichiers/fr/doc13-1617.pdf,https://www.ccecrb.fgov.be/p/fr/263/l-evolution-conjoncturelle-dans-l-industrie-papetiere-et-graphique-automne-2013
excluded_quota,avis,avis,conseil central de l’économie,Prix des cartes train en vigueur au 1er février 2014,2013-12-18,2013,0.116,0.349,316.66,949.979,avis/doc13-1541.pdf,yes,https://www.ccecrb.fgov.be/dpics/fichiers/fr/doc13-1541.pdf,https://www.ccecrb.fgov.be/p/fr/251/prix-des-cartes-train-en-vigueur-au-1er-fevrier-2014
excluded_quota,rapport,rapport,conseil central de l’économie,Rapport technique du secrétariat sur les marges maximales disponibles pour l’évolution du coût salarial,2013-12-12,2013,1.328,3.983,316.66,949.979,rapport/doc13-1560.pdf,yes,https://www.ccecrb.fgov.be/dpics/fichiers/fr/doc13-1560.pdf,https://www.ccecrb.fgov.be/p/fr/250/rapport-technique-du-secretariat-sur-les-marges-maximales-disponibles-pour-l-evolution-du-cout-salarial
excluded_quota,note-documentaire,note documentaire,conseil central de l’économie,Choix de la méthode d’estimation de la durée du travail dans le cadre du calcul du coût salarial horaire,2013-11-18,2013,0.634,1.902,316.66,949.979,note-documentaire/doc13-1394.pdf,yes,https://www.ccecrb.fgov.be/dpics/fichiers/fr/doc13-1394.pdf,https://www.ccecrb.fgov.be/p/fr/253/choix-de-la-methode-d-estimation-de-la-duree-du-travail-dans-le-cadre-du-calcul-du-cout-salarial-horaire
excluded_quota,avis,avis,secteurs,Fraude dans le secteur de la construction : Le point de vue des partenaires sociaux représentés au sein de la Commission consultative spéciale de la Construction,2013-11-04,2013,0.182,0.545,316.66,949.979,avis/doc13-1310.pdf,yes,https://www.ccecrb.fgov.be/dpics/fichiers/fr/doc13-1310.pdf,https://www.ccecrb.fgov.be/p/fr/249/fraude-dans-le-secteur-de-la-construction-le-point-de-vue-des-partenaires-sociaux-representes-au-sein-de-la-commission-consultative-speciale-de-la-construction
excluded_quota,note-documentaire,note documentaire,secteurs,"Étude sur le secteur belge de la viande : Coûts salariaux, rentabilité, structure financière et performances à l’exportation",2013-10-23,2013,0.751,2.253,316.66,949.979,note-documentaire/doc13-1002.pdf,yes,https://www.ccecrb.fgov.be/dpics/fichiers/fr/doc13-1002.pdf,https://www.ccecrb.fgov.be/p/fr/247/etude-sur-le-secteur-belge-de-la-viande-couts-salariaux-rentabilite-structure-financiere-et-performances-a-l-exportation
excluded_quota,avis,avis,conseil central de l’économie,Avis concernant un projet d'arrêté royal relatif à la mise sur le marché des substances manufacturées à l'état nanoparticulaire,2013-10-23,2013,0.13,0.39,316.66,949.979,avis/doc13-1270.pdf,yes,https://www.ccecrb.fgov.be/dpics/fichiers/fr/doc13-1270.pdf,https://www.ccecrb.fgov.be/p/fr/246/avis-concernant-un-projet-d-arrete-royal-relatif-a-la-mise-sur-le-marche-des-substances-manufacturees-a-l-etat-nanoparticulaire
excluded_quota,avis,avis,conseil central de l’économie,Simplification administrative: analyse d'impact préalable de la réglementation,2013-10-23,2013,0.141,0.422,316.66,949.979,avis/doc13-1215.pdf,yes,https://www.ccecrb.fgov.be/dpics/fichiers/fr/doc13-1215.pdf,https://www.ccecrb.fgov.be/p/fr/245/simplification-administrative-analyse-d-impact-prealable-de-la-reglementation
excluded_quota,avis,avis,conseil central de l’économie,Avis sur le projet d’arrêté royal fixant les exigences minimales pour les affichages environnementaux sur des produits de construction et la création d’une base de données fédérales pour les déclarations environnementales de produits,2013-10-23,2013,0.127,0.381,316.66,949.979,avis/doc13-1200.pdf,yes,https://www.ccecrb.fgov.be/dpics/fichiers/fr/doc13-1200.pdf,https://www.ccecrb.fgov.be/p/fr/244/avis-sur-le-projet-d-arrete-royal-fixant-les-exigences-minimales-pour-les-affichages-environnementaux-sur-des-produits-de-construction-et-la-creation-d-une-base-de-donnees-federales-pour-les-declarations-environnementales-de-produits
excluded_quota,avis,avis,secteurs,Avis relatif à l’organisation d’une épreuve d’aptitude en vue de la nomination d’experts diamantaires,2013-10-11,2013,0.055,0.166,316.66,949.979,avis/2024-10-21-01-14-33_CCE20131196AVISDEF.PDF,yes,https://www.ccecrb.fgov.be/dpics/fichiers/2024-10-21-01-14-33_CCE20131196AVISDEF.PDF,https://www.ccecrb.fgov.be/p/fr/266/avis-relatif-a-l-organisation-d-une-epreuve-d-aptitude-en-vue-de-la-nomination-d-experts-diamantaires
excluded_quota,rapport,rapport,secteurs,La conjoncture dans le secteur de la construction,2013-10-08,2013,0.323,0.97,316.66,949.979,rapport/doc13-1146.pdf,yes,https://www.ccecrb.fgov.be/dpics/fichiers/fr/doc13-1146.pdf,https://www.ccecrb.fgov.be/p/fr/243/la-conjoncture-dans-le-secteur-de-la-construction
excluded_quota,rapport,rapport,secteurs,L’évolution conjoncturelle dans l’industrie papetière et graphique,2013-09-30,2013,0.534,1.601,316.66,949.979,rapport/doc13-812.pdf,yes,https://www.ccecrb.fgov.be/dpics/fichiers/fr/doc13-812.pdf,https://www.ccecrb.fgov.be/p/fr/242/l-evolution-conjoncturelle-dans-l-industrie-papetiere-et-graphique
excluded_quota,rapport,rapport,secteurs,Rapport sur l'évolution économique dans l'industrie du textile et de l'habillement - Printemps 2013,2013-07-23,2013,0.533,1.599,316.66,949.979,rapport/doc13-907.pdf,yes,https://www.ccecrb.fgov.be/dpics/fichiers/fr/doc13-907.pdf,https://www.ccecrb.fgov.be/p/fr/241/rapport-sur-l-evolution-economique-dans-l-industrie-du-textile-et-de-l-habillement-printemps-2013
excluded_quota,rapport,rapport,secteurs,"La conjoncture économique dans l’industrie chimique, des sciences de la vie et de la transformation des matières plastiques et du caoutchouc – juin 2013",2013-06-19,2013,0.315,0.946,316.66,949.979,rapport/doc13-775.pdf,yes,https://www.ccecrb.fgov.be/dpics/fichiers/fr/doc13-775.pdf,https://www.ccecrb.fgov.be/p/fr/240/la-conjoncture-economique-dans-l-industrie-chimique-des-sciences-de-la-vie-et-de-la-transformation-des-matieres-plastiques-et-du-caoutchouc-juin-2013
excluded_quota,avis,avis,conseil central de l’économie,Projet de plan pluriannuel d’investissements du groupe SNCB pour la période 2013-2025,2013-06-19,2013,0.155,0.464,316.66,949.979,avis/doc13-770.pdf,yes,https://www.ccecrb.fgov.be/dpics/fichiers/fr/doc13-770.pdf,https://www.ccecrb.fgov.be/p/fr/239/projet-de-plan-pluriannuel-d-investissements-du-groupe-sncb-pour-la-periode-2013-2025
excluded_quota,note-documentaire,note documentaire,conseil central de l’économie,Le système de formation continue aux Pays-Bas,2013-05-31,2013,0.424,1.273,316.66,949.979,note-documentaire/doc13-765.pdf,yes,https://www.ccecrb.fgov.be/dpics/fichiers/fr/doc13-765.pdf,https://www.ccecrb.fgov.be/p/fr/238/le-systeme-de-formation-continue-aux-pays-bas
excluded_quota,rapport,rapport,conseil central de l’économie,Evaluation des conventions de premier emploi,2013-05-28,2013,0.514,1.542,316.66,949.979,rapport/doc13-676.pdf,yes,https://www.ccecrb.fgov.be/dpics/fichiers/fr/doc13-676.pdf,https://www.ccecrb.fgov.be/p/fr/237/evaluation-des-conventions-de-premier-emploi
excluded_quota,avis,avis,conseil central de l’économie,Avis sur un projet d'arrêté royal fixant les modalités pour la transmission du rapport d'analyse de la structure de la rémunération des travailleurs aux membres du conseil d'entreprise et sur un projet de formulaire devant servir de base à c,2013-05-28,2013,0.18,0.54,316.66,949.979,avis/doc13-679.pdf,yes,https://www.ccecrb.fgov.be/dpics/fichiers/fr/doc13-679.pdf,https://www.ccecrb.fgov.be/p/fr/236/avis-sur-un-projet-d-arrete-royal-fixant-les-modalites-pour-la-transmission-du-rapport-d-analyse-de-la-structure-de-la-remuneration-des-travailleurs-aux-membres-du-conseil-d-entreprise-et-sur-un-projet-de-formulaire-devant-servir-de-base-a-c
excluded_quota,avis,avis,conseil central de l’économie,Avis concernant l’avant-projet d’arrêté royal relatif à la mise à disposition sur le marché et à l’utilisation des produits biocides,2013-05-22,2013,0.148,0.443,316.66,949.979,avis/doc13-600.pdf,yes,https://www.ccecrb.fgov.be/dpics/fichiers/fr/doc13-600.pdf,https://www.ccecrb.fgov.be/p/fr/234/avis-concernant-l-avant-projet-d-arrete-royal-relatif-a-la-mise-a-disposition-sur-le-marche-et-a-l-utilisation-des-produits-biocides
excluded_quota,rapport,rapport,secteurs,La conjoncture dans le secteur de la construction en 2012 et les perspectives pour 2013,2013-04-08,2013,0.268,0.804,316.66,949.979,rapport/doc13-467.pdf,yes,https://www.ccecrb.fgov.be/dpics/fichiers/fr/doc13-467.pdf,https://www.ccecrb.fgov.be/p/fr/233/la-conjoncture-dans-le-secteur-de-la-construction-en-2012-et-les-perspectives-pour-2013
excluded_quota,avis,avis,conseil central de l’économie,Liaison au bien-être 2013-2014 - Exécution de la loi du 23 décembre 2005 relative au pacte de solidarité entre les générations,2013-03-28,2013,0.287,0.86,316.66,949.979,avis/doc13-441.pdf,yes,https://www.ccecrb.fgov.be/dpics/fichiers/fr/doc13-441.pdf,https://www.ccecrb.fgov.be/p/fr/232/liaison-au-bien-etre-2013-2014-execution-de-la-loi-du-23-decembre-2005-relative-au-pacte-de-solidarite-entre-les-generations
excluded_quota,avis,avis,conseil central de l’économie,Code de droit économique – Livre XIII « Concertation »,2013-03-27,2013,0.141,0.424,316.66,949.979,avis/doc13-435.pdf,yes,https://www.ccecrb.fgov.be/dpics/fichiers/fr/doc13-435.pdf,https://www.ccecrb.fgov.be/p/fr/231/code-de-droit-economique-livre-xiii-concertation-
excluded_quota,avis,avis,conseil central de l’économie,"Avis relatif à un projet d'arrêté royal définissant les conditions de présentation et d'instruction des exemptions aux règlements REACH, biocides et/ou CLP lorsqu'elles s'avèrent nécessaires aux intérêts de la défense",2013-03-27,2013,0.129,0.386,316.66,949.979,avis/doc13-434.pdf,yes,https://www.ccecrb.fgov.be/dpics/fichiers/fr/doc13-434.pdf,https://www.ccecrb.fgov.be/p/fr/230/avis-relatif-a-un-projet-d-arrete-royal-definissant-les-conditions-de-presentation-et-d-instruction-des-exemptions-aux-reglements-reach-biocides-et-ou-clp-lorsqu-elles-s-averent-necessaires-aux-interets-de-la-defense
excluded_quota,note-documentaire,note documentaire,conseil central de l’économie,Descriptif de 5 mesures d’emploi allemandes et belges,2013-03-19,2013,0.197,0.591,316.66,949.979,note-documentaire/doc13-359.pdf,yes,https://www.ccecrb.fgov.be/dpics/fichiers/fr/doc13-359.pdf,https://www.ccecrb.fgov.be/p/fr/229/descriptif-de-5-mesures-d-emploi-allemandes-et-belges
excluded_quota,rapport,rapport,secteurs,L’évolution économique dans l’industrie du textile et du vêtement - Automne 2012,2013-03-08,2013,0.497,1.492,316.66,949.979,rapport/doc13-40.pdf,yes,https://www.ccecrb.fgov.be/dpics/fichiers/fr/doc13-40.pdf,https://www.ccecrb.fgov.be/p/fr/227/l-evolution-economique-dans-l-industrie-du-textile-et-du-vetement-automne-2012
excluded_quota,note-documentaire,note documentaire,conseil central de l’économie,Effets des changements (para)fiscaux sur l'évolution du salaire net à prix constants depuis 1996 : mise à jour des resultats,2013-03-07,2013,0.308,0.923,316.66,949.979,note-documentaire/doc13-291.pdf,yes,https://www.ccecrb.fgov.be/dpics/fichiers/fr/doc13-291.pdf,https://www.ccecrb.fgov.be/p/fr/226/effets-des-changements-para-fiscaux-sur-l-evolution-du-salaire-net-a-prix-constants-depuis-1996-mise-a-jour-des-resultats
excluded_quota,note-documentaire,note documentaire,conseil central de l’économie,Nouvelles règles et instances de supervision pour le secteur financier,2013-03-05,2013,0.233,0.698,316.66,949.979,note-documentaire/doc13-278.pdf,yes,https://www.ccecrb.fgov.be/dpics/fichiers/fr/doc13-278.pdf,https://www.ccecrb.fgov.be/p/fr/225/nouvelles-regles-et-instances-de-supervision-pour-le-secteur-financier
excluded_quota,note-documentaire,note documentaire,conseil central de l’économie,Gouvernance économique européenne : étapes et timing,2013-03-05,2013,0.542,1.625,316.66,949.979,note-documentaire/doc13-277.pdf,yes,https://www.ccecrb.fgov.be/dpics/fichiers/fr/doc13-277.pdf,https://www.ccecrb.fgov.be/p/fr/224/gouvernance-economique-europeenne-etapes-et-timing
excluded_quota,avis,avis,conseil central de l’économie,Avis sur trois projets d’arrêtés royaux relatifs aux dénominations et aux caractéristiques : des essences pour les moteurs à essence; du gasoil-diesel pour les véhicules routiers; des gasoils destinés au chauffage et à l’usage dans les engin,2013-02-27,2013,0.135,0.406,316.66,949.979,avis/doc13-176.pdf,yes,https://www.ccecrb.fgov.be/dpics/fichiers/fr/doc13-176.pdf,https://www.ccecrb.fgov.be/p/fr/223/avis-sur-trois-projets-d-arretes-royaux-relatifs-aux-denominations-et-aux-caracteristiques-des-essences-pour-les-moteurs-a-essence-du-gasoil-diesel-pour-les-vehicules-routiers-des-gasoils-destines-au-chauffage-et-a-l-usage-dans-les-engin
excluded_quota,rapport,rapport,conseil central de l’économie,La compétitivité de l’industrie des déchets,2013-02-18,2013,0.571,1.712,316.66,949.979,rapport/doc13-198.pdf,yes,https://www.ccecrb.fgov.be/dpics/fichiers/fr/doc13-198.pdf,https://www.ccecrb.fgov.be/p/fr/235/la-competitivite-de-l-industrie-des-dechets
excluded_quota,rapport,rapport,secteurs,L’évolution conjoncturelle dans l’industrie papetière et graphique - Automne 2012,2013-01-31,2013,0.548,1.645,316.66,949.979,rapport/doc13-151.pdf,yes,https://www.ccecrb.fgov.be/dpics/fichiers/fr/doc13-151.pdf,https://www.ccecrb.fgov.be/p/fr/228/l-evolution-conjoncturelle-dans-l-industrie-papetiere-et-graphique-automne-2012
excluded_quota,note-documentaire,note documentaire,conseil central de l’économie,Definities Privésector,2013-01-31,2013,0.961,2.882,316.66,949.979,note-documentaire/doc13-147.pdf,yes,https://www.ccecrb.fgov.be/dpics/fichiers/fr/doc13-147.pdf,https://www.ccecrb.fgov.be/p/fr/221/definities-privesector
excluded_quota,avis,avis,conseil central de l’économie,Avis concernant un projet d’arrêté royal relatif au Programme fédéral de réduction des pesticides pour la période 2013 - 2017,2013-01-29,2013,0.135,0.404,316.66,949.979,avis/doc13-117.pdf,yes,https://www.ccecrb.fgov.be/dpics/fichiers/fr/doc13-117.pdf,https://www.ccecrb.fgov.be/p/fr/220/avis-concernant-un-projet-d-arrete-royal-relatif-au-programme-federal-de-reduction-des-pesticides-pour-la-periode-2013-2017
excluded_quota,rapport,rapport,secteurs,L’emploi dans l’industrie alimentaire en 2011,2013-01-14,2013,0.49,1.47,316.66,949.979,rapport/doc13-62.pdf,yes,https://www.ccecrb.fgov.be/dpics/fichiers/fr/doc13-62.pdf,https://www.ccecrb.fgov.be/p/fr/222/l-emploi-dans-l-industrie-alimentaire-en-2011
excluded_quota,rapport,rapport,secteurs,"la conjoncture économique dans l’industrie chimique, des sciences de la vie et de la transformation des matières plastiques et du caoutchouc",2012-12-20,2012,0.314,0.943,316.66,949.979,rapport/doc12-1610.pdf,yes,https://www.ccecrb.fgov.be/dpics/fichiers/fr/doc12-1610.pdf,https://www.ccecrb.fgov.be/p/fr/219/la-conjoncture-economique-dans-l-industrie-chimique-des-sciences-de-la-vie-et-de-la-transformation-des-matieres-plastiques-et-du-caoutchouc
excluded_quota,avis,avis,conseil central de l’économie,Prix des cartes train à partir du 1er février 2013,2012-12-18,2012,0.141,0.423,316.66,949.979,avis/doc12-1559.pdf,yes,https://www.ccecrb.fgov.be/dpics/fichiers/fr/doc12-1559.pdf,https://www.ccecrb.fgov.be/p/fr/218/prix-des-cartes-train-a-partir-du-1er-fevrier-2013
excluded_quota,avis,avis,conseil central de l’économie,Bilan social – Ventilation par catégories d’âge à partir de 2012,2012-12-18,2012,0.156,0.469,316.66,949.979,avis/doc12-1558.pdf,yes,https://www.ccecrb.fgov.be/dpics/fichiers/fr/doc12-1558.pdf,https://www.ccecrb.fgov.be/p/fr/217/bilan-social-ventilation-par-categories-d-age-a-partir-de-2012
excluded_quota,avis,avis,conseil central de l’économie,Évaluation des efforts sectoriels supplémentaires en matière de formation,2012-10-30,2012,0.146,0.439,316.66,949.979,avis/doc12-1243.pdf,yes,https://www.ccecrb.fgov.be/dpics/fichiers/fr/doc12-1243.pdf,https://www.ccecrb.fgov.be/p/fr/215/evaluation-des-efforts-sectoriels-supplementaires-en-matiere-de-formation
excluded_quota,avis,avis,conseil central de l’économie,Avis sur les Projets de normes de l'IRE : normes ISAE et ISRS et rapport du commissaire,2012-10-30,2012,0.193,0.579,316.66,949.979,avis/doc12-1223.pdf,yes,https://www.ccecrb.fgov.be/dpics/fichiers/fr/doc12-1223.pdf,https://www.ccecrb.fgov.be/p/fr/214/avis-sur-les-projets-de-normes-de-l-ire-normes-isae-et-isrs-et-rapport-du-commissaire
excluded_quota,note-documentaire,note documentaire,conseil central de l’économie,Vers une transformation structurelle de l’économie,2012-10-25,2012,0.255,0.766,316.66,949.979,note-documentaire/doc12-1220.pdf,yes,https://www.ccecrb.fgov.be/dpics/fichiers/fr/doc12-1220.pdf,https://www.ccecrb.fgov.be/p/fr/216/vers-une-transformation-structurelle-de-l-economie
excluded_quota,note-documentaire,note documentaire,secteurs,"Statistiques concernant les secteurs du Textile et l’Habillement""",2012-10-10,2012,0.781,2.342,316.66,949.979,note-documentaire/doc12-1062.pdf,yes,https://www.ccecrb.fgov.be/dpics/fichiers/fr/doc12-1062.pdf,https://www.ccecrb.fgov.be/p/fr/213/statistiques-concernant-les-secteurs-du-textile-et-l-habillement-
excluded_quota,avis,avis,concurrence,"Avant-projet de loi portant insertion du livre IV. ""Protection de la concurrence"" et du livre V. ""La concurrence et les évolutions de prix"" dans le Code de droit économique",2012-09-14,2012,0.079,0.238,316.66,949.979,avis/doc12-963.pdf,yes,https://www.ccecrb.fgov.be/dpics/fichiers/fr/doc12-963.pdf,https://www.ccecrb.fgov.be/p/fr/210/avant-projet-de-loi-portant-insertion-du-livre-iv-protection-de-la-concurrence-et-du-livre-v-la-concurrence-et-les-evolutions-de-prix-dans-le-code-de-droit-economique
excluded_quota,note-documentaire,note documentaire,conseil central de l’économie,L’impact sur le revenu des régimes de chômage en Belgique et dans les pays voisins,2012-09-04,2012,0.663,1.99,316.66,949.979,note-documentaire/doc12-899.pdf,yes,https://www.ccecrb.fgov.be/dpics/fichiers/fr/doc12-899.pdf,https://www.ccecrb.fgov.be/p/fr/209/l-impact-sur-le-revenu-des-regimes-de-chomage-en-belgique-et-dans-les-pays-voisins
excluded_quota,avis,avis,concurrence,Avis relatif au rapport annuel 2011 de la Direction générale de la Concurrence du SPF Economie,2012-08-27,2012,0.064,0.193,316.66,949.979,avis/doc12-873.pdf,yes,https://www.ccecrb.fgov.be/dpics/fichiers/fr/doc12-873.pdf,https://www.ccecrb.fgov.be/p/fr/208/avis-relatif-au-rapport-annuel-2011-de-la-direction-generale-de-la-concurrence-du-spf-economie
excluded_quota,rapport,rapport,secteurs,La conjoncture dans l’industrie papetière pour le deuxième semestre 2011 et les premiers mois de l’année 2012,2012-07-12,2012,0.556,1.667,316.66,949.979,rapport/doc12-791.pdf,yes,https://www.ccecrb.fgov.be/dpics/fichiers/fr/doc12-791.pdf,https://www.ccecrb.fgov.be/p/fr/206/la-conjoncture-dans-l-industrie-papetiere-pour-le-deuxieme-semestre-2011-et-les-premiers-mois-de-l-annee-2012
excluded_quota,note-documentaire,note documentaire,conseil central de l’économie,Différences de calcul de l’indice du coût de la main-d’œuvre,2012-07-12,2012,0.097,0.29,316.66,949.979,note-documentaire/doc12-781.pdf,yes,https://www.ccecrb.fgov.be/dpics/fichiers/fr/doc12-781.pdf,https://www.ccecrb.fgov.be/p/fr/204/differences-de-calcul-de-l-indice-du-cout-de-la-main-d-uvre
excluded_quota,note-documentaire,note documentaire,conseil central de l’économie,Part salariale : note méthodologique,2012-07-12,2012,0.498,1.493,316.66,949.979,note-documentaire/doc12-779.pdf,yes,https://www.ccecrb.fgov.be/dpics/fichiers/fr/doc12-779.pdf,https://www.ccecrb.fgov.be/p/fr/205/part-salariale-note-methodologique
excluded_quota,rapport,rapport,secteurs,La conjoncture dans le secteur de la construction en 2011 et les perspectives pour 2012,2012-07-05,2012,0.209,0.626,316.66,949.979,rapport/doc12-732.pdf,yes,https://www.ccecrb.fgov.be/dpics/fichiers/fr/doc12-732.pdf,https://www.ccecrb.fgov.be/p/fr/201/la-conjoncture-dans-le-secteur-de-la-construction-en-2011-et-les-perspectives-pour-2012
excluded_quota,rapport,rapport,secteurs,L’évolution économique dans l’industrie du textile et de l’habillement - Printemps 2012,2012-06-28,2012,0.714,2.142,316.66,949.979,rapport/doc12-716.pdf,yes,https://www.ccecrb.fgov.be/dpics/fichiers/fr/doc12-716.pdf,https://www.ccecrb.fgov.be/p/fr/202/l-evolution-economique-dans-l-industrie-du-textile-et-de-l-habillement-printemps-2012
excluded_quota,rapport,rapport,secteurs,"La conjoncture économique dans l’industrie chimique, des sciences de la vie et de la transformation des matières plastiques et du caoutchouc",2012-06-21,2012,0.321,0.964,316.66,949.979,rapport/doc12-793.pdf,yes,https://www.ccecrb.fgov.be/dpics/fichiers/fr/doc12-793.pdf,https://www.ccecrb.fgov.be/p/fr/203/la-conjoncture-economique-dans-l-industrie-chimique-des-sciences-de-la-vie-et-de-la-transformation-des-matieres-plastiques-et-du-caoutchouc
excluded_quota,avis,avis,conseil central de l’économie,Contrôle interne au Bureau fédéral du Plan,2012-06-20,2012,0.127,0.382,316.66,949.979,avis/doc12-613.pdf,yes,https://www.ccecrb.fgov.be/dpics/fichiers/fr/doc12-613.pdf,https://www.ccecrb.fgov.be/p/fr/200/controle-interne-au-bureau-federal-du-plan
excluded_quota,note-documentaire,note documentaire,conseil central de l’économie,Suivi des avis portant sur la R&D et l’innovation,2012-06-04,2012,0.107,0.321,316.66,949.979,note-documentaire/doc12-577.pdf,yes,https://www.ccecrb.fgov.be/dpics/fichiers/fr/doc12-577.pdf,https://www.ccecrb.fgov.be/p/fr/207/suivi-des-avis-portant-sur-la-r-d-et-l-innovation
excluded_quota,rapport,rapport,secteurs,La situation conjoncturelle dans le secteur de la distribution en 2011 et au cours des premiers mois de 2012,2012-05-10,2012,0.278,0.834,316.66,949.979,rapport/doc12-485.pdf,yes,https://www.ccecrb.fgov.be/dpics/fichiers/fr/doc12-485.pdf,https://www.ccecrb.fgov.be/p/fr/212/la-situation-conjoncturelle-dans-le-secteur-de-la-distribution-en-2011-et-au-cours-des-premiers-mois-de-2012
excluded_quota,note-documentaire,note documentaire,conseil central de l’économie,Méthodologies utilisées pour le calcul des taux d’imposition implicites,2012-03-02,2012,0.374,1.123,316.66,949.979,note-documentaire/doc12-224.pdf,yes,https://www.ccecrb.fgov.be/dpics/fichiers/fr/doc12-224.pdf,https://www.ccecrb.fgov.be/p/fr/199/methodologies-utilisees-pour-le-calcul-des-taux-d-imposition-implicites
excluded_quota,avis,avis,conseil central de l’économie,Avis concernant un projet d’arrêté royal établissant les niveaux seuils pour les émissions dans l’environnement intérieur de produits de construction pour certains usages prévus,2012-02-24,2012,0.127,0.382,316.66,949.979,avis/doc12-195.pdf,yes,https://www.ccecrb.fgov.be/dpics/fichiers/fr/doc12-195.pdf,https://www.ccecrb.fgov.be/p/fr/198/avis-concernant-un-projet-d-arrete-royal-etablissant-les-niveaux-seuils-pour-les-emissions-dans-l-environnement-interieur-de-produits-de-construction-pour-certains-usages-prevus
excluded_quota,rapport,rapport,secteurs,Rapport sur la conjoncture dans le secteur de la construction en 2011 et sur les perspectives pour 2012,2012-01-23,2012,0.279,0.838,316.66,949.979,rapport/doc12-124.pdf,yes,https://www.ccecrb.fgov.be/dpics/fichiers/fr/doc12-124.pdf,https://www.ccecrb.fgov.be/p/fr/197/rapport-sur-la-conjoncture-dans-le-secteur-de-la-construction-en-2011-et-sur-les-perspectives-pour-2012
excluded_quota,note-documentaire,note documentaire,conseil central de l’économie,"La productivité du travail, en Belgique et dans les trois pays voisins",2012-01-23,2012,0.332,0.996,316.66,949.979,note-documentaire/doc12-88.pdf,yes,https://www.ccecrb.fgov.be/dpics/fichiers/fr/doc12-88.pdf,https://www.ccecrb.fgov.be/p/fr/195/la-productivite-du-travail-en-belgique-et-dans-les-trois-pays-voisins
excluded_quota,avis,avis,conseil central de l’économie,Avant-projet de Code de déontologie des réviseurs d’entreprises,2012-01-18,2012,0.135,0.405,316.66,949.979,avis/doc12-46.pdf,yes,https://www.ccecrb.fgov.be/dpics/fichiers/fr/doc12-46.pdf,https://www.ccecrb.fgov.be/p/fr/193/avant-projet-de-code-de-deontologie-des-reviseurs-d-entreprises
excluded_quota,rapport,rapport,secteurs,L’évolution économique dans l’industrie du textile et du vêtement - Automne 2011,2012-01-06,2012,0.772,2.316,316.66,949.979,rapport/doc12-40.pdf,yes,https://www.ccecrb.fgov.be/dpics/fichiers/fr/doc12-40.pdf,https://www.ccecrb.fgov.be/p/fr/194/l-evolution-economique-dans-l-industrie-du-textile-et-du-vetement-automne-2011
excluded_quota,avis,avis,conseil central de l’économie,Le prix des cartes train en vigueur au 1er février 2012,2011-12-20,2011,0.242,0.727,316.66,949.979,avis/doc11-1440.pdf,yes,https://www.ccecrb.fgov.be/dpics/fichiers/fr/doc11-1440.pdf,https://www.ccecrb.fgov.be/p/fr/190/le-prix-des-cartes-train-en-vigueur-au-1er-fevrier-2012
excluded_quota,avis,avis,conseil central de l’économie,Affinement et simplification du bilan social,2011-12-20,2011,0.221,0.664,316.66,949.979,avis/doc11-1439.pdf,yes,https://www.ccecrb.fgov.be/dpics/fichiers/fr/doc11-1439.pdf,https://www.ccecrb.fgov.be/p/fr/191/affinement-et-simplification-du-bilan-social
excluded_quota,rapport,rapport,secteurs,La conjoncture dans l’industrie papetière au premier semestre 2011 et les perspectives pour le deuxième semestre de l’année 2011,2011-12-12,2011,0.509,1.526,316.66,949.979,rapport/doc11-1402.pdf,yes,https://www.ccecrb.fgov.be/dpics/fichiers/fr/doc11-1402.pdf,https://www.ccecrb.fgov.be/p/fr/192/la-conjoncture-dans-l-industrie-papetiere-au-premier-semestre-2011-et-les-perspectives-pour-le-deuxieme-semestre-de-l-annee-2011
excluded_quota,rapport,rapport,secteurs,"La conjoncture économique dans l’industrie chimique, des sciences de la vie et de la transformation des matières plastiques et du caoutchouc",2011-12-05,2011,0.359,1.078,316.66,949.979,rapport/doc11-1316.pdf,yes,https://www.ccecrb.fgov.be/dpics/fichiers/fr/doc11-1316.pdf,https://www.ccecrb.fgov.be/p/fr/196/la-conjoncture-economique-dans-l-industrie-chimique-des-sciences-de-la-vie-et-de-la-transformation-des-matieres-plastiques-et-du-caoutchouc
excluded_quota,avis,avis,concurrence,Projet de communication du Conseil de la concurrence sur le calcul des amendes,2011-11-29,2011,0.121,0.364,316.66,949.979,avis/doc11-1319.pdf,yes,https://www.ccecrb.fgov.be/dpics/fichiers/fr/doc11-1319.pdf,https://www.ccecrb.fgov.be/p/fr/187/projet-de-communication-du-conseil-de-la-concurrence-sur-le-calcul-des-amendes
excluded_quota,avis,avis,conseil central de l’économie,L’évaluation des efforts sectoriels supplémentaires en matière de formation,2011-11-28,2011,0.168,0.505,316.66,949.979,avis/doc11-1325.pdf,yes,https://www.ccecrb.fgov.be/dpics/fichiers/fr/doc11-1325.pdf,https://www.ccecrb.fgov.be/p/fr/188/l-evaluation-des-efforts-sectoriels-supplementaires-en-matiere-de-formation
excluded_quota,avis,avis,conseil central de l’économie,"Avis concernant un projet d’arrêté royal fixant la langue sur l’étiquette et sur la fiche de données de sécurité des substances et mélanges, et désignant le Centre national de prévention et de traitement des intoxications en tant qu’organism",2011-11-28,2011,0.136,0.409,316.66,949.979,avis/doc11-1318.pdf,yes,https://www.ccecrb.fgov.be/dpics/fichiers/fr/doc11-1318.pdf,https://www.ccecrb.fgov.be/p/fr/186/avis-concernant-un-projet-d-arrete-royal-fixant-la-langue-sur-l-etiquette-et-sur-la-fiche-de-donnees-de-securite-des-substances-et-melanges-et-designant-le-centre-national-de-prevention-et-de-traitement-des-intoxications-en-tant-qu-organism
excluded_quota,note-documentaire,note documentaire,secteurs,Statistiques concernant les secteurs du Textile et l’Habillement,2011-11-18,2011,1.538,4.614,316.66,949.979,note-documentaire/doc11-1218.pdf,yes,https://www.ccecrb.fgov.be/dpics/fichiers/fr/doc11-1218.pdf,https://www.ccecrb.fgov.be/p/fr/184/statistiques-concernant-les-secteurs-du-textile-et-l-habillement
excluded_quota,avis,avis,conseil central de l’économie,"Avis sur l’arrêté royal relatif à la disponibilité d’information à l’attention des consommateurs concernant le débit d’absorption spécifique de l’énergie, relatif à la publicité pour les produits destinés aux consommateurs qui émettent des o",2011-11-16,2011,0.151,0.453,316.66,949.979,avis/doc11-1225.pdf,yes,https://www.ccecrb.fgov.be/dpics/fichiers/fr/doc11-1225.pdf,https://www.ccecrb.fgov.be/p/fr/183/avis-sur-l-arrete-royal-relatif-a-la-disponibilite-d-information-a-l-attention-des-consommateurs-concernant-le-debit-d-absorption-specifique-de-l-energie-relatif-a-la-publicite-pour-les-produits-destines-aux-consommateurs-qui-emettent-des-o
excluded_quota,rapport,rapport,conseil central de l’économie,Rapport technique du secrétariat sur les marges maximales disponibles pour l’évolution du coût salarial,2011-11-08,2011,1.024,3.071,316.66,949.979,rapport/doc11-1200.pdf,yes,https://www.ccecrb.fgov.be/dpics/fichiers/fr/doc11-1200.pdf,https://www.ccecrb.fgov.be/p/fr/182/rapport-technique-du-secretariat-sur-les-marges-maximales-disponibles-pour-l-evolution-du-cout-salarial
excluded_quota,avis,avis,conseil central de l’économie,Normes de produits pour les biocarburants,2011-10-19,2011,0.143,0.428,316.66,949.979,avis/doc11-1091.pdf,yes,https://www.ccecrb.fgov.be/dpics/fichiers/fr/doc11-1091.pdf,https://www.ccecrb.fgov.be/p/fr/181/normes-de-produits-pour-les-biocarburants
excluded_quota,rapport,rapport,conseil central de l’économie,Evaluation des conventions de premier emploi,2011-09-28,2011,0.356,1.068,316.66,949.979,rapport/doc11-946.pdf,yes,https://www.ccecrb.fgov.be/dpics/fichiers/fr/doc11-946.pdf,https://www.ccecrb.fgov.be/p/fr/180/evaluation-des-conventions-de-premier-emploi
excluded_quota,avis,avis,conseil central de l’économie,L'entrepreneuriat,2011-09-28,2011,0.13,0.39,316.66,949.979,avis/doc11-920.pdf,yes,https://www.ccecrb.fgov.be/dpics/fichiers/fr/doc11-920.pdf,https://www.ccecrb.fgov.be/p/fr/179/l-entrepreneuriat
excluded_quota,note-documentaire,note documentaire,conseil central de l’économie,Les défis de la compétitivité en Belgique,2011-09-20,2011,0.337,1.011,316.66,949.979,note-documentaire/doc11-809.pdf,yes,https://www.ccecrb.fgov.be/dpics/fichiers/fr/doc11-809.pdf,https://www.ccecrb.fgov.be/p/fr/189/les-defis-de-la-competitivite-en-belgique
excluded_quota,rapport,rapport,secteurs,La situation conjoncturelle dans le secteur de la distribution en 2010 et au cours des six premiers mois de 2011,2011-07-25,2011,0.405,1.214,316.66,949.979,rapport/doc11-777.pdf,yes,https://www.ccecrb.fgov.be/dpics/fichiers/fr/doc11-777.pdf,https://www.ccecrb.fgov.be/p/fr/178/la-situation-conjoncturelle-dans-le-secteur-de-la-distribution-en-2010-et-au-cours-des-six-premiers-mois-de-2011
excluded_quota,rapport,rapport,secteurs,L’évolution économique dans l’industrie du textile et du vêtement - Printemps 2011,2011-07-07,2011,0.717,2.15,316.66,949.979,rapport/doc11-755.pdf,yes,https://www.ccecrb.fgov.be/dpics/fichiers/fr/doc11-755.pdf,https://www.ccecrb.fgov.be/p/fr/176/l-evolution-economique-dans-l-industrie-du-textile-et-du-vetement-printemps-2011
excluded_quota,rapport,rapport,secteurs,La conjoncture dans le secteur de la construction en 2010 et sur les perspectives pour 2011,2011-06-27,2011,0.204,0.612,316.66,949.979,rapport/doc11-717.pdf,yes,https://www.ccecrb.fgov.be/dpics/fichiers/fr/doc11-717.pdf,https://www.ccecrb.fgov.be/p/fr/175/la-conjoncture-dans-le-secteur-de-la-construction-en-2010-et-sur-les-perspectives-pour-2011
excluded_quota,rapport,rapport,secteurs,La conjoncture dans l’industrie papetière et graphique pour l’année 2010 et les premiers mois de l’année 2011,2011-06-24,2011,0.608,1.825,316.66,949.979,rapport/doc11-704.pdf,yes,https://www.ccecrb.fgov.be/dpics/fichiers/fr/doc11-704.pdf,https://www.ccecrb.fgov.be/p/fr/177/la-conjoncture-dans-l-industrie-papetiere-et-graphique-pour-l-annee-2010-et-les-premiers-mois-de-l-annee-2011
excluded_quota,note-documentaire,note documentaire,conseil central de l’économie,Analyse du système des avantages non récurrents liés aux résultats - Actualisation,2011-06-14,2011,0.115,0.344,316.66,949.979,note-documentaire/doc11-679.pdf,yes,https://www.ccecrb.fgov.be/dpics/fichiers/fr/doc11-679.pdf,https://www.ccecrb.fgov.be/p/fr/174/analyse-du-systeme-des-avantages-non-recurrents-lies-aux-resultats-actualisation
excluded_quota,avis,avis,conseil central de l’économie,Assurance-groupe – Couverture en cas de décès,2011-05-25,2011,0.288,0.864,316.66,949.979,avis/doc11-586.pdf,yes,https://www.ccecrb.fgov.be/dpics/fichiers/fr/doc11-586.pdf,https://www.ccecrb.fgov.be/p/fr/172/assurance-groupe-couverture-en-cas-de-deces
excluded_quota,avis,avis,conseil central de l’économie,Mesures favorisant l’insertion sur le marché du travail des jeunes récemment sortis de l’école,2011-05-25,2011,0.146,0.438,316.66,949.979,avis/doc11-585.pdf,yes,https://www.ccecrb.fgov.be/dpics/fichiers/fr/doc11-585.pdf,https://www.ccecrb.fgov.be/p/fr/173/mesures-favorisant-l-insertion-sur-le-marche-du-travail-des-jeunes-recemment-sortis-de-l-ecole
excluded_quota,avis,avis,conseil central de l’économie,La transposition dans la loi belge de la directive 2009/49/CE du Parlement européen et du conseil du 18 juin 2009,2011-05-25,2011,0.141,0.423,316.66,949.979,avis/doc11-567.pdf,yes,https://www.ccecrb.fgov.be/dpics/fichiers/fr/doc11-567.pdf,https://www.ccecrb.fgov.be/p/fr/170/la-transposition-dans-la-loi-belge-de-la-directive-2009-49-ce-du-parlement-europeen-et-du-conseil-du-18-juin-2009
excluded_quota,avis,avis,conseil central de l’économie,Avis concernant deux projets d'arrêtés royaux visant à la transposition en droit belge de la directive 2009/128/CE du Parlement européen et du Conseil du 21 octobre 2009 instaurant un cadre d’action communautaire pour parvenir à une utilisat,2011-05-25,2011,0.133,0.399,316.66,949.979,avis/doc11-566.pdf,yes,https://www.ccecrb.fgov.be/dpics/fichiers/fr/doc11-566.pdf,https://www.ccecrb.fgov.be/p/fr/171/avis-concernant-deux-projets-d-arretes-royaux-visant-a-la-transposition-en-droit-belge-de-la-directive-2009-128-ce-du-parlement-europeen-et-du-conseil-du-21-octobre-2009-instaurant-un-cadre-d-action-communautaire-pour-parvenir-a-une-utilisat
excluded_quota,avis,avis,concurrence,Avis relatif au rapport annuel 2010 de la Direction générale de la Concurrence du SPF Économie,2011-05-12,2011,0.065,0.195,316.66,949.979,avis/doc11-513.pdf,yes,https://www.ccecrb.fgov.be/dpics/fichiers/fr/doc11-513.pdf,https://www.ccecrb.fgov.be/p/fr/169/avis-relatif-au-rapport-annuel-2010-de-la-direction-generale-de-la-concurrence-du-spf-economie
excluded_quota,avis,avis,conseil central de l’économie,"Avis concernant un projet d’arrêté royal modifiant l’arrêté royal du 28 février 1994 relatif à la conservation, à la mise sur le marché et à l’utilisation des pesticides à usage agricole et modifiant l’arrêté royal du 10 janvier 2010",2011-03-23,2011,0.09,0.271,316.66,949.979,avis/doc11-354.pdf,yes,https://www.ccecrb.fgov.be/dpics/fichiers/fr/doc11-354.pdf,https://www.ccecrb.fgov.be/p/fr/167/avis-concernant-un-projet-d-arrete-royal-modifiant-l-arrete-royal-du-28-fevrier-1994-relatif-a-la-conservation-a-la-mise-sur-le-marche-et-a-l-utilisation-des-pesticides-a-usage-agricole-et-modifiant-l-arrete-royal-du-10-janvier-2010
excluded_quota,avis,avis,conseil central de l’économie,Harmonisation et traitement des statistiques sur les pensions complémentaires,2011-03-23,2011,0.095,0.285,316.66,949.979,avis/doc11-346.pdf,yes,https://www.ccecrb.fgov.be/dpics/fichiers/fr/doc11-346.pdf,https://www.ccecrb.fgov.be/p/fr/166/harmonisation-et-traitement-des-statistiques-sur-les-pensions-complementaires
excluded_quota,avis,avis,secteurs,Un logement décent pour tous,2011-03-21,2011,0.119,0.356,316.66,949.979,avis/doc11-307.pdf,yes,https://www.ccecrb.fgov.be/dpics/fichiers/fr/doc11-307.pdf,https://www.ccecrb.fgov.be/p/fr/165/un-logement-decent-pour-tous
excluded_quota,note-documentaire,note documentaire,conseil central de l’économie,Les pièges financiers du chômage en Belgique en 2010,2011-03-08,2011,0.316,0.949,316.66,949.979,note-documentaire/doc11-189.pdf,yes,https://www.ccecrb.fgov.be/dpics/fichiers/fr/doc11-189.pdf,https://www.ccecrb.fgov.be/p/fr/164/les-pieges-financiers-du-chomage-en-belgique-en-2010
excluded_quota,note-documentaire,note documentaire,conseil central de l’économie,Statistiques concernant les pensions complémentaires en Belgique : état des lieux,2011-02-15,2011,0.099,0.296,316.66,949.979,note-documentaire/doc11-177.pdf,yes,https://www.ccecrb.fgov.be/dpics/fichiers/fr/doc11-177.pdf,https://www.ccecrb.fgov.be/p/fr/168/statistiques-concernant-les-pensions-complementaires-en-belgique-etat-des-lieux
excluded_quota,note-documentaire,note documentaire,conseil central de l’économie,Étude sur la compétitivité du secteur belge des services aux entreprises,2011-02-08,2011,0.878,2.634,316.66,949.979,note-documentaire/doc11-153.pdf,yes,https://www.ccecrb.fgov.be/dpics/fichiers/fr/doc11-153.pdf,https://www.ccecrb.fgov.be/p/fr/161/etude-sur-la-competitivite-du-secteur-belge-des-services-aux-entreprises
excluded_quota,rapport,rapport,secteurs,La conjoncture dans l’industrie papetière et graphique pour le premier semestre 2010 et les perspectives pour le deuxième semestre,2011-02-01,2011,0.558,1.675,316.66,949.979,rapport/doc11-107.pdf,yes,https://www.ccecrb.fgov.be/dpics/fichiers/fr/doc11-107.pdf,https://www.ccecrb.fgov.be/p/fr/162/la-conjoncture-dans-l-industrie-papetiere-et-graphique-pour-le-premier-semestre-2010-et-les-perspectives-pour-le-deuxieme-semestre
excluded_quota,avis,avis,conseil central de l’économie,Le prix des cartes train à partir du 1er février 2011,2011-01-26,2011,0.152,0.456,316.66,949.979,avis/doc11-89.pdf,yes,https://www.ccecrb.fgov.be/dpics/fichiers/fr/doc11-89.pdf,https://www.ccecrb.fgov.be/p/fr/156/le-prix-des-cartes-train-a-partir-du-1er-fevrier-2011
excluded_quota,avis,avis,conseil central de l’économie,L’évaluation des efforts sectoriels supplémentaires en matière de formation,2011-01-26,2011,0.171,0.513,316.66,949.979,avis/doc11-88.pdf,yes,https://www.ccecrb.fgov.be/dpics/fichiers/fr/doc11-88.pdf,https://www.ccecrb.fgov.be/p/fr/157/l-evaluation-des-efforts-sectoriels-supplementaires-en-matiere-de-formation
excluded_quota,note-documentaire,note documentaire,conseil central de l’économie,Nouvelles compétences pour des nouveaux métiers,2011-01-24,2011,0.182,0.547,316.66,949.979,note-documentaire/doc11-81.pdf,yes,https://www.ccecrb.fgov.be/dpics/fichiers/fr/doc11-81.pdf,https://www.ccecrb.fgov.be/p/fr/160/nouvelles-competences-pour-des-nouveaux-metiers
excluded_quota,rapport,rapport,secteurs,La conjoncture dans le secteur de la construction en 2010 et sur les perspectives pour 2011,2011-01-17,2011,0.222,0.667,316.66,949.979,rapport/doc11-131.pdf,yes,https://www.ccecrb.fgov.be/dpics/fichiers/fr/doc11-131.pdf,https://www.ccecrb.fgov.be/p/fr/158/la-conjoncture-dans-le-secteur-de-la-construction-en-2010-et-sur-les-perspectives-pour-2011
excluded_quota,rapport,rapport,secteurs,Rapport sur l’évolution économique dans l’industrie du textile et de l’habillement - Automne 2010,2010-12-22,2010,0.541,1.622,316.66,949.979,rapport/doc10-1797.pdf,yes,https://www.ccecrb.fgov.be/dpics/fichiers/fr/doc10-1797.pdf,https://www.ccecrb.fgov.be/p/fr/155/rapport-sur-l-evolution-economique-dans-l-industrie-du-textile-et-de-l-habillement-automne-2010
excluded_quota,avis,avis,conseil central de l’économie,Avis sur quatre projets de texte relatifs à la collecte des données concernant les déplacements des travailleurs entre leur domicile et leur lieu de travail,2010-12-21,2010,0.141,0.423,316.66,949.979,avis/doc10-1730.pdf,yes,https://www.ccecrb.fgov.be/dpics/fichiers/fr/doc10-1730.pdf,https://www.ccecrb.fgov.be/p/fr/154/avis-sur-quatre-projets-de-texte-relatifs-a-la-collecte-des-donnees-concernant-les-deplacements-des-travailleurs-entre-leur-domicile-et-leur-lieu-de-travail
excluded_quota,rapport,rapport,secteurs,Rapport de conjoncture économique dans l’industrie chimique et de la transformation des matières plastiques et du caoutchouc,2010-12-14,2010,0.372,1.115,316.66,949.979,rapport/doc10-1812.pdf,yes,https://www.ccecrb.fgov.be/dpics/fichiers/fr/doc10-1812.pdf,https://www.ccecrb.fgov.be/p/fr/159/rapport-de-conjoncture-economique-dans-l-industrie-chimique-et-de-la-transformation-des-matieres-plastiques-et-du-caoutchouc
excluded_quota,rapport,rapport,conseil central de l’économie,Rapport technique du secrétariat relatif aux marges maximales disponibles pour l’évolution du coût salarial,2010-11-09,2010,0.926,2.778,316.66,949.979,rapport/doc10-1600.pdf,yes,https://www.ccecrb.fgov.be/dpics/fichiers/fr/doc10-1600.pdf,https://www.ccecrb.fgov.be/p/fr/151/rapport-technique-du-secretariat-relatif-aux-marges-maximales-disponibles-pour-l-evolution-du-cout-salarial
excluded_quota,note-documentaire,note documentaire,secteurs,Statistiques concernant les secteurs du textile et de l'habillement,2010-11-08,2010,0.596,1.789,316.66,949.979,note-documentaire/doc10-1611.pdf,yes,https://www.ccecrb.fgov.be/dpics/fichiers/fr/doc10-1611.pdf,https://www.ccecrb.fgov.be/p/fr/152/statistiques-concernant-les-secteurs-du-textile-et-de-l-habillement
excluded_quota,note-documentaire,note documentaire,secteurs,Etude sur la compétitivité dans l'industrie alimentaire belge,2010-10-22,2010,0.995,2.984,316.66,949.979,note-documentaire/doc10-1271.pdf,yes,https://www.ccecrb.fgov.be/dpics/fichiers/fr/doc10-1271.pdf,https://www.ccecrb.fgov.be/p/fr/153/etude-sur-la-competitivite-dans-l-industrie-alimentaire-belge
excluded_quota,note-documentaire,note documentaire,secteurs,Étude sur la compétitivité dans le secteur de la distribution,2010-09-20,2010,0.564,1.692,316.66,949.979,note-documentaire/doc10-1290.pdf,yes,https://www.ccecrb.fgov.be/dpics/fichiers/fr/doc10-1290.pdf,https://www.ccecrb.fgov.be/p/fr/150/etude-sur-la-competitivite-dans-le-secteur-de-la-distribution
excluded_quota,avis,avis,conseil central de l’économie,Avis concernant un projet d’accord sectoriel visant à augmenter l’offre de produits détergents plus respectueux de l’environnement,2010-09-15,2010,0.104,0.311,316.66,949.979,avis/doc10-1201.pdf,yes,https://www.ccecrb.fgov.be/dpics/fichiers/fr/doc10-1201.pdf,https://www.ccecrb.fgov.be/p/fr/147/avis-concernant-un-projet-d-accord-sectoriel-visant-a-augmenter-l-offre-de-produits-detergents-plus-respectueux-de-l-environnement
excluded_quota,avis,avis,conseil central de l’économie,Avis concernant un projet d’accord sectoriel visant à augmenter l’offre de produits à base de bois provenant de forêts exploitées durablement,2010-09-15,2010,0.171,0.512,316.66,949.979,avis/doc10-1200.pdf,yes,https://www.ccecrb.fgov.be/dpics/fichiers/fr/doc10-1200.pdf,https://www.ccecrb.fgov.be/p/fr/148/avis-concernant-un-projet-d-accord-sectoriel-visant-a-augmenter-l-offre-de-produits-a-base-de-bois-provenant-de-forets-exploitees-durablement
excluded_quota,note-documentaire,note documentaire,conseil central de l’économie,Effets des changements (para)fiscaux sur l'évolution du salaire net à prix constants entre 1996 et 2009: globalisation des résultats,2010-09-14,2010,0.12,0.36,316.66,949.979,note-documentaire/doc10-1261.pdf,yes,https://www.ccecrb.fgov.be/dpics/fichiers/fr/doc10-1261.pdf,https://www.ccecrb.fgov.be/p/fr/146/effets-des-changements-para-fiscaux-sur-l-evolution-du-salaire-net-a-prix-constants-entre-1996-et-2009-globalisation-des-resultats
excluded_quota,note-documentaire,note documentaire,conseil central de l’économie,L’entrepreneuriat en Belgique : problèmes et défis,2010-08-16,2010,0.705,2.114,316.66,949.979,note-documentaire/doc10-1158.pdf,yes,https://www.ccecrb.fgov.be/dpics/fichiers/fr/doc10-1158.pdf,https://www.ccecrb.fgov.be/p/fr/145/l-entrepreneuriat-en-belgique-problemes-et-defis
excluded_quota,rapport,rapport,secteurs,Rapport sur la situation conjoncturelle dans le secteur de la distribution en 2009 et au cours du premier semestre de 2010,2010-07-31,2010,0.398,1.194,316.66,949.979,rapport/doc10-1147.pdf,yes,https://www.ccecrb.fgov.be/dpics/fichiers/fr/doc10-1147.pdf,https://www.ccecrb.fgov.be/p/fr/163/rapport-sur-la-situation-conjoncturelle-dans-le-secteur-de-la-distribution-en-2009-et-au-cours-du-premier-semestre-de-2010
excluded_quota,rapport,rapport,secteurs,Rapport sur l’évolution économique dans l’industrie du textile et de l’habillement - Printemps 2010,2010-07-01,2010,0.959,2.877,316.66,949.979,rapport/doc10-1075.pdf,yes,https://www.ccecrb.fgov.be/dpics/fichiers/fr/doc10-1075.pdf,https://www.ccecrb.fgov.be/p/fr/131/rapport-sur-l-evolution-economique-dans-l-industrie-du-textile-et-de-l-habillement-printemps-2010
excluded_quota,rapport,rapport,secteurs,Rapport sur l'évolution conjoncturelle dans l'industri papetière et graphique durant l'année 2009 et perspectives pour les deux premiers trimestres de 2010,2010-07-01,2010,0.481,1.444,316.66,949.979,rapport/doc10-1054.pdf,yes,https://www.ccecrb.fgov.be/dpics/fichiers/fr/doc10-1054.pdf,https://www.ccecrb.fgov.be/p/fr/130/rapport-sur-l-evolution-conjoncturelle-dans-l-industri-papetiere-et-graphique-durant-l-annee-2009-et-perspectives-pour-les-deux-premiers-trimestres-de-2010
excluded_quota,rapport,rapport,secteurs,Rapport sur la conjoncture dans le secteur de la construction en 2009 et le perspectives pour 2010,2010-06-28,2010,0.109,0.327,316.66,949.979,rapport/doc10-1089.pdf,yes,https://www.ccecrb.fgov.be/dpics/fichiers/fr/doc10-1089.pdf,https://www.ccecrb.fgov.be/p/fr/132/rapport-sur-la-conjoncture-dans-le-secteur-de-la-construction-en-2009-et-le-perspectives-pour-2010
excluded_quota,avis,avis,conseil central de l’économie,Avis sur le projet de normes relatives au contrôle de qualité de l’activité professionnelle des réviseurs d’entreprises,2010-06-23,2010,0.045,0.135,316.66,949.979,avis/doc10-1041.pdf,yes,https://www.ccecrb.fgov.be/dpics/fichiers/fr/doc10-1041.pdf,https://www.ccecrb.fgov.be/p/fr/128/avis-sur-le-projet-de-normes-relatives-au-controle-de-qualite-de-l-activite-professionnelle-des-reviseurs-d-entreprises
excluded_quota,avis,avis,conseil central de l’économie,Avis concernant un projet d’arrêté royal modifiant l’arrêté royal du 5 septembre 2001 concernant la disponibilité d'informations sur la consommation de carburant et les émissions de CO2 à l’intention des consommateurs lors de la commercialis,2010-06-23,2010,0.037,0.112,316.66,949.979,avis/doc10-1040.pdf,yes,https://www.ccecrb.fgov.be/dpics/fichiers/fr/doc10-1040.pdf,https://www.ccecrb.fgov.be/p/fr/127/avis-concernant-un-projet-d-arrete-royal-modifiant-l-arrete-royal-du-5-septembre-2001-concernant-la-disponibilite-d-informations-sur-la-consommation-de-carburant-et-les-emissions-de-co2-a-l-intention-des-consommateurs-lors-de-la-commercialis
excluded_quota,avis,avis,conseil central de l’économie,"Avis concernant l'avant-projet d'arrêté royal relatif aux comptes annuels et aux comptes consolidés des établissements de crédit, des entreprises d'investissement, des sociétés de gestion d'organismes de placement collectif et des entreprise",2010-03-24,2010,0.049,0.147,316.66,949.979,avis/doc10-556.pdf,yes,https://www.ccecrb.fgov.be/dpics/fichiers/fr/doc10-556.pdf,https://www.ccecrb.fgov.be/p/fr/125/avis-concernant-l-avant-projet-d-arrete-royal-relatif-aux-comptes-annuels-et-aux-comptes-consolides-des-etablissements-de-credit-des-entreprises-d-investissement-des-societes-de-gestion-d-organismes-de-placement-collectif-et-des-entreprise
excluded_quota,avis,avis,conseil central de l’économie,Avis sur le Consultation Paper de la Commission européenne relatif aux normes internationales d’information financière,2010-03-24,2010,0.043,0.128,316.66,949.979,avis/doc10-555.pdf,yes,https://www.ccecrb.fgov.be/dpics/fichiers/fr/doc10-555.pdf,https://www.ccecrb.fgov.be/p/fr/126/avis-sur-le-consultation-paper-de-la-commission-europeenne-relatif-aux-normes-internationales-d-information-financiere
excluded_quota,rapport,rapport,secteurs,Rapport sur l’évolution conjoncturelle dans l’industrie papetière et graphiques durant les trois premiers trimestres 2009 et perspectives pour le quatrième trimestre 2009 et les premiers mois de l’année 2010,2010-03-17,2010,0.413,1.24,316.66,949.979,rapport/doc10-548.pdf,yes,https://www.ccecrb.fgov.be/dpics/fichiers/fr/doc10-548.pdf,https://www.ccecrb.fgov.be/p/fr/133/rapport-sur-l-evolution-conjoncturelle-dans-l-industrie-papetiere-et-graphiques-durant-les-trois-premiers-trimestres-2009-et-perspectives-pour-le-quatrieme-trimestre-2009-et-les-premiers-mois-de-l-annee-2010
excluded_quota,avis,avis,,Réussir la transition vers une économie à basse émission de carbone - second avis concernant la thématique des emplois verts,2010-03-16,2010,0.353,1.06,316.66,949.979,avis/2026-04-02-05-09-44_CCE20100470Reussirlatransitionversuneeconomieabasseemissiondecarbonesecondavisconcernantlathematiquedesemploisverts.pdf,yes,https://www.ccecrb.fgov.be/dpics/fichiers/2026-04-02-05-09-44_CCE20100470Réussirlatransitionversuneéconomieàbasseémissiondecarbonesecondavisconcernantlathématiquedesemploisverts.pdf,https://www.ccecrb.fgov.be/p/fr/1371/reussir-la-transition-vers-une-economie-a-basse-emission-de-carbone-second-avis-concernant-la-thematique-des-emplois-verts
excluded_quota,note-documentaire,note documentaire,conseil central de l’économie,Analyse du système des avantages non récurrents liés aux résultats,2010-03-01,2010,0.099,0.298,316.66,949.979,note-documentaire/doc10-395.pdf,yes,https://www.ccecrb.fgov.be/dpics/fichiers/fr/doc10-395.pdf,https://www.ccecrb.fgov.be/p/fr/134/analyse-du-systeme-des-avantages-non-recurrents-lies-aux-resultats
excluded_quota,note-documentaire,note documentaire,conseil central de l’économie,HIVA studie : Loondrift in België sinds de invoering van de loonnorm,2010-02-25,2010,0.562,1.687,316.66,949.979,note-documentaire/doc10-371.pdf,yes,https://www.ccecrb.fgov.be/dpics/fichiers/fr/doc10-371.pdf,https://www.ccecrb.fgov.be/p/fr/139/hiva-studie-loondrift-in-belgie-sinds-de-invoering-van-de-loonnorm
excluded_quota,avis,avis,conseil central de l’économie,Avis sur le projet d’arrêté royal modifiant l’arrêté royal du 30 janvier 2001 portant exécution du Code des sociétés,2010-02-24,2010,0.039,0.116,316.66,949.979,avis/doc10-360.pdf,yes,https://www.ccecrb.fgov.be/dpics/fichiers/fr/doc10-360.pdf,https://www.ccecrb.fgov.be/p/fr/135/avis-sur-le-projet-d-arrete-royal-modifiant-l-arrete-royal-du-30-janvier-2001-portant-execution-du-code-des-societes
excluded_quota,note-documentaire,note documentaire,conseil central de l’économie,Effets des changements (para)fiscaux sur l'évolution du salaire net à prix constants entre 1996 et 2009,2010-02-15,2010,0.361,1.083,316.66,949.979,note-documentaire/doc10-185.pdf,yes,https://www.ccecrb.fgov.be/dpics/fichiers/fr/doc10-185.pdf,https://www.ccecrb.fgov.be/p/fr/140/effets-des-changements-para-fiscaux-sur-l-evolution-du-salaire-net-a-prix-constants-entre-1996-et-2009
excluded_quota,avis,avis,concurrence,Avis sur l'introduction de sanctions pénales dans le droit belge de la concurrence,2010-02-04,2010,0.05,0.149,316.66,949.979,avis/doc10-233.pdf,yes,https://www.ccecrb.fgov.be/dpics/fichiers/fr/doc10-233.pdf,https://www.ccecrb.fgov.be/p/fr/136/avis-sur-l-introduction-de-sanctions-penales-dans-le-droit-belge-de-la-concurrence
excluded_quota,article,article,conseil central de l’économie,Indexation : quelques clés pour mieux comprendre,2010-01-31,2010,0.161,0.484,316.66,949.979,article/2021-11-29-03-05-25_Indexation_article.pdf,yes,https://www.ccecrb.fgov.be/dpics/fichiers/2021-11-29-03-05-25_Indexation_article.pdf,https://www.ccecrb.fgov.be/p/fr/935/indexation-quelques-cles-pour-mieux-comprendre
excluded_quota,avis,avis,conseil central de l’économie,Avis concernant l'intervention des employeurs dans le prix des cartes train à partir du 1er février 2010,2010-01-26,2010,0.056,0.167,316.66,949.979,avis/doc10-160.pdf,yes,https://www.ccecrb.fgov.be/dpics/fichiers/fr/doc10-160.pdf,https://www.ccecrb.fgov.be/p/fr/137/avis-concernant-l-intervention-des-employeurs-dans-le-prix-des-cartes-train-a-partir-du-1er-fevrier-2010
excluded_quota,rapport,rapport,secteurs,Rapport sur l’emploi dans l’industrie alimentaire en 2008 - Évolution récente en 2009,2010-01-22,2010,0.438,1.315,316.66,949.979,rapport/doc10-266.pdf,yes,https://www.ccecrb.fgov.be/dpics/fichiers/fr/doc10-266.pdf,https://www.ccecrb.fgov.be/p/fr/138/rapport-sur-l-emploi-dans-l-industrie-alimentaire-en-2008-evolution-recente-en-2009
excluded_quota,avis,avis,conseil central de l’économie,Avis concernant le projet d’arrêté royal abrogeant des dispositions relatives à l’étiquetage d’aérosols qui ne contiennent pas de substances qui appauvrissent la couche d’ozone Bruxelles,2010-01-20,2010,0.033,0.098,316.66,949.979,avis/doc10-101.pdf,yes,https://www.ccecrb.fgov.be/dpics/fichiers/fr/doc10-101.pdf,https://www.ccecrb.fgov.be/p/fr/123/avis-concernant-le-projet-d-arrete-royal-abrogeant-des-dispositions-relatives-a-l-etiquetage-d-aerosols-qui-ne-contiennent-pas-de-substances-qui-appauvrissent-la-couche-d-ozone-bruxelles
excluded_quota,avis,avis,conseil central de l’économie,2010-0100 Avis concernant un projet d’arrêté royal modifiant l’arrêté royal du 7 octobre 2005 relatif à la réduction de la teneur en composés organiques volatils de certains vernis et peintures et produits de retouche de véhicules,2010-01-20,2010,0.035,0.106,316.66,949.979,avis/doc10-100.pdf,yes,https://www.ccecrb.fgov.be/dpics/fichiers/fr/doc10-100.pdf,https://www.ccecrb.fgov.be/p/fr/122/2010-0100-avis-concernant-un-projet-d-arrete-royal-modifiant-l-arrete-royal-du-7-octobre-2005-relatif-a-la-reduction-de-la-teneur-en-composes-organiques-volatils-de-certains-vernis-et-peintures-et-produits-de-retouche-de-vehicules
excluded_quota,note-documentaire,note documentaire,conseil central de l’économie,Etude sur la structure des coûts de production de l'économie,2010-01-18,2010,0.342,1.025,316.66,949.979,note-documentaire/doc10-114.pdf,yes,https://www.ccecrb.fgov.be/dpics/fichiers/fr/doc10-114.pdf,https://www.ccecrb.fgov.be/p/fr/141/etude-sur-la-structure-des-couts-de-production-de-l-economie
excluded_quota,rapport,rapport,secteurs,Rapport sur l'évolution économique dans l'industrie du textile et de l'habillement – Automne 2009,2010-01-12,2010,0.447,1.342,316.66,949.979,rapport/doc10-73.pdf,yes,https://www.ccecrb.fgov.be/dpics/fichiers/fr/doc10-73.pdf,https://www.ccecrb.fgov.be/p/fr/124/rapport-sur-l-evolution-economique-dans-l-industrie-du-textile-et-de-l-habillement-automne-2009
excluded_quota,avis,avis,secteurs,Second avis concernant la réforme de la mercuriale des matériaux de construction : avis complémentaire à l’avis du 9 décembre 2008,2009-12-14,2009,0.188,0.564,316.66,949.979,avis/doc09-1712.pdf,yes,https://www.ccecrb.fgov.be/dpics/fichiers/fr/doc09-1712.pdf,https://www.ccecrb.fgov.be/p/fr/185/second-avis-concernant-la-reforme-de-la-mercuriale-des-materiaux-de-construction-avis-complementaire-a-l-avis-du-9-decembre-2008
excluded_quota,note-documentaire,note documentaire,conseil central de l’économie,Note méthodologique : Marché du travail -Concepts et définitions,2009-11-17,2009,0.044,0.132,316.66,949.979,note-documentaire/doc09-1585.pdf,yes,https://www.ccecrb.fgov.be/dpics/fichiers/fr/doc09-1585.pdf,https://www.ccecrb.fgov.be/p/fr/118/note-methodologique-marche-du-travail-concepts-et-definitions
excluded_quota,note-documentaire,note documentaire,conseil central de l’économie,Les incitants financiers à la reprise du travail pour les chômeurs et bénéficiaires du revenu d'intégration en Belgique: hier et aujourd'hui,2009-11-13,2009,0.394,1.181,316.66,949.979,note-documentaire/doc09-1486.pdf,yes,https://www.ccecrb.fgov.be/dpics/fichiers/fr/doc09-1486.pdf,https://www.ccecrb.fgov.be/p/fr/120/les-incitants-financiers-a-la-reprise-du-travail-pour-les-chomeurs-et-beneficiaires-du-revenu-d-integration-en-belgique-hier-et-aujourd-hui
excluded_quota,rapport,rapport,conseil central de l’économie,Rapport technique du secrétariat sur les marges maximales disponibles pour l’évolution du coût salarial,2009-11-12,2009,0.635,1.904,316.66,949.979,rapport/doc09-1500.pdf,yes,https://www.ccecrb.fgov.be/dpics/fichiers/fr/doc09-1500.pdf,https://www.ccecrb.fgov.be/p/fr/144/rapport-technique-du-secretariat-sur-les-marges-maximales-disponibles-pour-l-evolution-du-cout-salarial
excluded_quota,note-documentaire,note documentaire,conseil central de l’économie,Note méthodologique formation continue,2009-10-29,2009,0.048,0.143,316.66,949.979,note-documentaire/doc09-1491.pdf,yes,https://www.ccecrb.fgov.be/dpics/fichiers/fr/doc09-1491.pdf,https://www.ccecrb.fgov.be/p/fr/119/note-methodologique-formation-continue
excluded_quota,note-documentaire,note documentaire,conseil central de l’économie,Note méthodologique relative aux prévisions en matière de durée du travail et de coût salarial 2009-2010,2009-10-27,2009,0.175,0.526,316.66,949.979,note-documentaire/doc09-1451.pdf,yes,https://www.ccecrb.fgov.be/dpics/fichiers/fr/doc09-1451.pdf,https://www.ccecrb.fgov.be/p/fr/117/note-methodologique-relative-aux-previsions-en-matiere-de-duree-du-travail-et-de-cout-salarial-2009-2010
excluded_quota,note-documentaire,note documentaire,conseil central de l’économie,La mobilité géographique de la main-d'œuvre,2009-10-07,2009,0.438,1.313,316.66,949.979,note-documentaire/doc09-1249.pdf,yes,https://www.ccecrb.fgov.be/dpics/fichiers/fr/doc09-1249.pdf,https://www.ccecrb.fgov.be/p/fr/121/la-mobilite-geographique-de-la-main-d-uvre
excluded_quota,avis,avis,conseil central de l’économie,Avis sur le projet de norme relative à l’application des normes ISA en Belgique,2009-10-07,2009,0.075,0.225,316.66,949.979,avis/doc09-1265.pdf,yes,https://www.ccecrb.fgov.be/dpics/fichiers/fr/doc09-1265.pdf,https://www.ccecrb.fgov.be/p/fr/108/avis-sur-le-projet-de-norme-relative-a-l-application-des-normes-isa-en-belgique
excluded_quota,avis,avis,conseil central de l’économie,Avis sur le projet de normes relatives au contrôle de qualité,2009-10-07,2009,0.071,0.213,316.66,949.979,avis/doc09-1264.pdf,yes,https://www.ccecrb.fgov.be/dpics/fichiers/fr/doc09-1264.pdf,https://www.ccecrb.fgov.be/p/fr/109/avis-sur-le-projet-de-normes-relatives-au-controle-de-qualite
excluded_quota,avis,avis,conseil central de l’économie,Avis relatif au document d’actualisation 2009/2010 du programme de réduction des pesticites et des biocides,2009-09-16,2009,0.03,0.091,316.66,949.979,avis/doc09-1190.pdf,yes,https://www.ccecrb.fgov.be/dpics/fichiers/fr/doc09-1190.pdf,https://www.ccecrb.fgov.be/p/fr/111/avis-relatif-au-document-d-actualisation-2009-2010-du-programme-de-reduction-des-pesticites-et-des-biocides
excluded_quota,note-documentaire,note documentaire,secteurs,Statistiques concernant le secteur du textile et de l’habillement 1973 – 2007,2009-07-17,2009,0.569,1.708,316.66,949.979,note-documentaire/doc09-955.pdf,yes,https://www.ccecrb.fgov.be/dpics/fichiers/fr/doc09-955.pdf,https://www.ccecrb.fgov.be/p/fr/104/statistiques-concernant-le-secteur-du-textile-et-de-l-habillement-1973-2007
excluded_quota,avis,avis,conseil central de l’économie,Avis relatif au cadre juridique de l’intervention des employeurs dans les frais de déplacement des travailleurs,2009-07-14,2009,0.056,0.168,316.66,949.979,avis/doc09-1090.pdf,yes,https://www.ccecrb.fgov.be/dpics/fichiers/fr/doc09-1090.pdf,https://www.ccecrb.fgov.be/p/fr/102/avis-relatif-au-cadre-juridique-de-l-intervention-des-employeurs-dans-les-frais-de-deplacement-des-travailleurs
excluded_quota,avis,avis,conseil central de l’économie,Avis concernant la thematique des emplois verts,2009-07-14,2009,0.142,0.427,316.66,949.979,avis/2026-04-02-05-01-14_CCE20091091avisconcernantlathematiquedesemploisverts.pdf,yes,https://www.ccecrb.fgov.be/dpics/fichiers/2026-04-02-05-01-14_CCE20091091avisconcernantlathématiquedesemploisverts.pdf,https://www.ccecrb.fgov.be/p/fr/1370/avis-concernant-la-thematique-des-emplois-verts
excluded_quota,note-documentaire,note documentaire,conseil central de l’économie,Analyse des mécanismes de formation des salaires en Belgique : typologie descriptive des négociations collectives du coût salarial,2009-07-08,2009,0.111,0.333,316.66,949.979,note-documentaire/doc09-1064.pdf,yes,https://www.ccecrb.fgov.be/dpics/fichiers/fr/doc09-1064.pdf,https://www.ccecrb.fgov.be/p/fr/105/analyse-des-mecanismes-de-formation-des-salaires-en-belgique-typologie-descriptive-des-negociations-collectives-du-cout-salarial
excluded_quota,avis,avis,concurrence,Avis relatif au rapport annuel 2008 de la Direction Générale de Concurrence du SPF Economie,2009-07-06,2009,0.019,0.058,316.66,949.979,avis/doc09-1052.pdf,yes,https://www.ccecrb.fgov.be/dpics/fichiers/fr/doc09-1052.pdf,https://www.ccecrb.fgov.be/p/fr/103/avis-relatif-au-rapport-annuel-2008-de-la-direction-generale-de-concurrence-du-spf-economie
excluded_quota,note-documentaire,note documentaire,conseil central de l’économie,Analyse des mécanismes de formation des salaires en Belgique : résultats de l’enquête,2009-06-30,2009,0.164,0.492,316.66,949.979,note-documentaire/doc09-1065.pdf,yes,https://www.ccecrb.fgov.be/dpics/fichiers/fr/doc09-1065.pdf,https://www.ccecrb.fgov.be/p/fr/106/analyse-des-mecanismes-de-formation-des-salaires-en-belgique-resultats-de-l-enquete
excluded_quota,rapport,rapport,secteurs,La conjoncture dans le secteur de la construction en 2008 et les perspectives pour 2009,2009-06-29,2009,0.185,0.554,316.66,949.979,rapport/doc09-1062.pdf,yes,https://www.ccecrb.fgov.be/dpics/fichiers/fr/doc09-1062.pdf,https://www.ccecrb.fgov.be/p/fr/112/la-conjoncture-dans-le-secteur-de-la-construction-en-2008-et-les-perspectives-pour-2009
excluded_quota,rapport,rapport,secteurs,Rapport sur l’évolution économique dans l’industrie du textile et de l’habillement – Printemps 2009,2009-06-25,2009,0.983,2.949,316.66,949.979,rapport/doc09-1011.pdf,yes,https://www.ccecrb.fgov.be/dpics/fichiers/fr/doc09-1011.pdf,https://www.ccecrb.fgov.be/p/fr/101/rapport-sur-l-evolution-economique-dans-l-industrie-du-textile-et-de-l-habillement-printemps-2009
excluded_quota,avis,avis,conseil central de l’économie,Avis relatif au projet d’Arrêté Royal déterminant les exigences auxquelles doivent répondre des pellets de bois prévus pour alimenter des appareils de chauffage non industriels,2009-06-17,2009,0.096,0.289,316.66,949.979,avis/doc09-936.pdf,yes,https://www.ccecrb.fgov.be/dpics/fichiers/fr/doc09-936.pdf,https://www.ccecrb.fgov.be/p/fr/99/avis-relatif-au-projet-d-arrete-royal-determinant-les-exigences-auxquelles-doivent-repondre-des-pellets-de-bois-prevus-pour-alimenter-des-appareils-de-chauffage-non-industriels
excluded_quota,avis,avis,conseil central de l’économie,Avis relatif au renforcement des échanges de connaissances entre le monde de la recherche et les entreprises,2009-06-17,2009,0.065,0.194,316.66,949.979,avis/doc09-935.pdf,yes,https://www.ccecrb.fgov.be/dpics/fichiers/fr/doc09-935.pdf,https://www.ccecrb.fgov.be/p/fr/98/avis-relatif-au-renforcement-des-echanges-de-connaissances-entre-le-monde-de-la-recherche-et-les-entreprises
excluded_quota,avis,avis,conseil central de l’économie,Avis sur la formation continue dans le cadre d’une stratégie globale,2009-05-20,2009,0.175,0.524,316.66,949.979,avis/doc09-845.pdf,yes,https://www.ccecrb.fgov.be/dpics/fichiers/fr/doc09-845.pdf,https://www.ccecrb.fgov.be/p/fr/97/avis-sur-la-formation-continue-dans-le-cadre-d-une-strategie-globale
excluded_quota,avis,avis,conseil central de l’économie,Avis concernant un projet d’Arrêté Royal à l’interdiction de la mise sur le marché des produits contenant du fumarate de dimethyle,2009-05-20,2009,0.018,0.055,316.66,949.979,avis/doc09-826.pdf,yes,https://www.ccecrb.fgov.be/dpics/fichiers/fr/doc09-826.pdf,https://www.ccecrb.fgov.be/p/fr/94/avis-concernant-un-projet-d-arrete-royal-a-l-interdiction-de-la-mise-sur-le-marche-des-produits-contenant-du-fumarate-de-dimethyle
excluded_quota,avis,avis,conseil central de l’économie,Avis sur le Consultation paper de la Commission européenne concernant le réexamen des quatrième et septième directives sur les comptes annuels,2009-05-20,2009,0.04,0.12,316.66,949.979,avis/doc09-819.pdf,yes,https://www.ccecrb.fgov.be/dpics/fichiers/fr/doc09-819.pdf,https://www.ccecrb.fgov.be/p/fr/93/avis-sur-le-consultation-paper-de-la-commission-europeenne-concernant-le-reexamen-des-quatrieme-et-septieme-directives-sur-les-comptes-annuels
excluded_quota,avis,avis,conseil central de l’économie,Avis relatif aux priorités stratégiques du SPF Economie,2009-05-20,2009,0.054,0.163,316.66,949.979,avis/doc09-815.pdf,yes,https://www.ccecrb.fgov.be/dpics/fichiers/fr/doc09-815.pdf,https://www.ccecrb.fgov.be/p/fr/92/avis-relatif-aux-priorites-strategiques-du-spf-economie
excluded_quota,rapport,rapport,secteurs,Evolution conjoncturelle dans l’industrie papetière et graphique en 2008 et premières prévisions pour 2009,2009-05-19,2009,0.51,1.53,316.66,949.979,rapport/doc09-863.pdf,yes,https://www.ccecrb.fgov.be/dpics/fichiers/fr/doc09-863.pdf,https://www.ccecrb.fgov.be/p/fr/100/evolution-conjoncturelle-dans-l-industrie-papetiere-et-graphique-en-2008-et-premieres-previsions-pour-2009
excluded_quota,avis,avis,secteurs,Avis relatif à la taxation communale sur la distribution des imprimés non adressés,2009-05-19,2009,0.085,0.254,316.66,949.979,avis/doc09-862.pdf,yes,https://www.ccecrb.fgov.be/dpics/fichiers/fr/doc09-862.pdf,https://www.ccecrb.fgov.be/p/fr/96/avis-relatif-a-la-taxation-communale-sur-la-distribution-des-imprimes-non-adresses
excluded_quota,avis,avis,conseil central de l’économie,Avis sur la présidence belge de l’Union européenne en 2010,2009-04-01,2009,0.07,0.21,316.66,949.979,avis/doc09-561.pdf,yes,https://www.ccecrb.fgov.be/dpics/fichiers/fr/doc09-561.pdf,https://www.ccecrb.fgov.be/p/fr/90/avis-sur-la-presidence-belge-de-l-union-europeenne-en-2010
excluded_quota,avis,avis,conseil central de l’économie,Avis concernant le projet d’Arrêté Royal portant modification à l’Arrêté Royal du 30 janvier 2001 portant l’exécution du code des sociétés et à l’Arrêté Royal du 12 septembre 1983 déterminant la teneur et la présentation d’un plan comptable m,2009-04-01,2009,0.025,0.076,316.66,949.979,avis/doc09-559.pdf,yes,https://www.ccecrb.fgov.be/dpics/fichiers/fr/doc09-559.pdf,https://www.ccecrb.fgov.be/p/fr/89/avis-concernant-le-projet-d-arrete-royal-portant-modification-a-l-arrete-royal-du-30-janvier-2001-portant-l-execution-du-code-des-societes-et-a-l-arrete-royal-du-12-septembre-1983-determinant-la-teneur-et-la-presentation-d-un-plan-comptable-m
excluded_quota,note-documentaire,note documentaire,conseil central de l’économie,L'inflation dans une perspective internationale,2009-03-25,2009,0.605,1.816,316.66,949.979,note-documentaire/doc09-567.pdf,yes,https://www.ccecrb.fgov.be/dpics/fichiers/fr/doc09-567.pdf,https://www.ccecrb.fgov.be/p/fr/95/l-inflation-dans-une-perspective-internationale
excluded_quota,note-documentaire,note documentaire,secteurs,Les efforts de formation dans l’industrie alimentaire,2009-03-04,2009,0.138,0.414,316.66,949.979,note-documentaire/doc09-379.pdf,yes,https://www.ccecrb.fgov.be/dpics/fichiers/fr/doc09-379.pdf,https://www.ccecrb.fgov.be/p/fr/85/les-efforts-de-formation-dans-l-industrie-alimentaire
excluded_quota,avis,avis,conseil central de l’économie,Avis concernant l’intervention des employeurs dans le prix des cartes train en application au 1er février 2009,2009-02-20,2009,0.03,0.09,316.66,949.979,avis/doc09-340.pdf,yes,https://www.ccecrb.fgov.be/dpics/fichiers/fr/doc09-340.pdf,https://www.ccecrb.fgov.be/p/fr/86/avis-concernant-l-intervention-des-employeurs-dans-le-prix-des-cartes-train-en-application-au-1er-fevrier-2009
excluded_quota,rapport,rapport,secteurs,Rapport sur la situation conjoncturelle dans le secteur de la distribution en 2008 et perspectives pour 2009,2009-02-17,2009,0.332,0.995,316.66,949.979,rapport/doc09-268.pdf,yes,https://www.ccecrb.fgov.be/dpics/fichiers/fr/doc09-268.pdf,https://www.ccecrb.fgov.be/p/fr/91/rapport-sur-la-situation-conjoncturelle-dans-le-secteur-de-la-distribution-en-2008-et-perspectives-pour-2009
excluded_quota,rapport,rapport,secteurs,"Rapport sur l’évolution de la conjoncture économique dans l’industrie de la chimie, de la transformation du caoutchouc et des matières plastiques en 2008",2009-02-12,2009,0.424,1.272,316.66,949.979,rapport/doc09-266.pdf,yes,https://www.ccecrb.fgov.be/dpics/fichiers/fr/doc09-266.pdf,https://www.ccecrb.fgov.be/p/fr/84/rapport-sur-l-evolution-de-la-conjoncture-economique-dans-l-industrie-de-la-chimie-de-la-transformation-du-caoutchouc-et-des-matieres-plastiques-en-2008
excluded_quota,avis,avis,conseil central de l’économie,Avis concernant l’adaptation au bien-être des régimes d’assistance sociale pour la période 2009-2010 – Exécution de la loi du 23 décembre 2005 relative au pacte de solidarité entre les générations,2009-02-11,2009,0.028,0.083,316.66,949.979,avis/doc09-252.pdf,yes,https://www.ccecrb.fgov.be/dpics/fichiers/fr/doc09-252.pdf,https://www.ccecrb.fgov.be/p/fr/83/avis-concernant-l-adaptation-au-bien-etre-des-regimes-d-assistance-sociale-pour-la-periode-2009-2010-execution-de-la-loi-du-23-decembre-2005-relative-au-pacte-de-solidarite-entre-les-generations
excluded_quota,avis,avis,conseil central de l’économie,Avis concernant la réduction des charges fiscales pour le travail en équipe et le travail de nuit / heures supplémentaires,2009-02-11,2009,0.1,0.301,316.66,949.979,avis/doc09-251.pdf,yes,https://www.ccecrb.fgov.be/dpics/fichiers/fr/doc09-251.pdf,https://www.ccecrb.fgov.be/p/fr/82/avis-concernant-la-reduction-des-charges-fiscales-pour-le-travail-en-equipe-et-le-travail-de-nuit-heures-supplementaires
excluded_quota,avis,avis,concurrence,Avis relatif au rapport annuel 2007 de la Direction Générale de Concurrence du SPF Economie,2009-02-05,2009,0.014,0.041,316.66,949.979,avis/doc09-49.pdf,yes,https://www.ccecrb.fgov.be/dpics/fichiers/fr/doc09-49.pdf,https://www.ccecrb.fgov.be/p/fr/81/avis-relatif-au-rapport-annuel-2007-de-la-direction-generale-de-concurrence-du-spf-economie
excluded_quota,note-documentaire,note documentaire,secteurs,L'innovation dans le secteur de l'alimentation,2009-01-29,2009,0.2,0.6,316.66,949.979,note-documentaire/doc09-160.pdf,yes,https://www.ccecrb.fgov.be/dpics/fichiers/fr/doc09-160.pdf,https://www.ccecrb.fgov.be/p/fr/80/l-innovation-dans-le-secteur-de-l-alimentation
excluded_quota,rapport,rapport,secteurs,Rapport sur l’évolution économique dans l’industrie textile et de l’habillement – Automne 2008,2009-01-09,2009,0.542,1.625,316.66,949.979,rapport/doc09-30.pdf,yes,https://www.ccecrb.fgov.be/dpics/fichiers/fr/doc09-30.pdf,https://www.ccecrb.fgov.be/p/fr/88/rapport-sur-l-evolution-economique-dans-l-industrie-textile-et-de-l-habillement-automne-2008
excluded_quota,rapport,rapport,secteurs,Rapport sur l’emploi dans l’industrie alimentaire en 2007,2008-12-18,2008,0.515,1.544,316.66,949.979,rapport/doc08-1772.pdf,yes,https://www.ccecrb.fgov.be/dpics/fichiers/fr/doc08-1772.pdf,https://www.ccecrb.fgov.be/p/fr/79/rapport-sur-l-emploi-dans-l-industrie-alimentaire-en-2007
excluded_quota,note-documentaire,note documentaire,secteurs,Étude sur la compétitivité structurelle de l'industrie textile belge,2008-12-15,2008,0.447,1.342,316.66,949.979,note-documentaire/2019-02-08-12-59-41_doc081710fr.pdf,yes,https://www.ccecrb.fgov.be/dpics/fichiers/2019-02-08-12-59-41_doc081710fr.pdf,https://www.ccecrb.fgov.be/p/fr/607/etude-sur-la-competitivite-structurelle-de-l-industrie-textile-belge
excluded_quota,note-documentaire,note documentaire,conseil central de l’économie,Formation professionnelle continue : les efforts des branches et des secteurs,2008-11-01,2008,0.755,2.266,316.66,949.979,note-documentaire/doc08-873.pdf,yes,https://www.ccecrb.fgov.be/dpics/fichiers/fr/doc08-873.pdf,https://www.ccecrb.fgov.be/p/fr/114/formation-professionnelle-continue-les-efforts-des-branches-et-des-secteurs
excluded_quota,rapport,rapport,secteurs,"Evolution de l’emploi dans le secteur du commerce de détail dans les trois régions de Belgique de 1999 à 2006, selon la dimension des établissements, détaillée par groupes et par sous-classes du code NACE",2008-07-31,2008,1.118,3.353,316.66,949.979,rapport/doc08-1042.pdf,yes,https://www.ccecrb.fgov.be/dpics/fichiers/fr/doc08-1042.pdf,https://www.ccecrb.fgov.be/p/fr/87/evolution-de-l-emploi-dans-le-secteur-du-commerce-de-detail-dans-les-trois-regions-de-belgique-de-1999-a-2006-selon-la-dimension-des-etablissements-detaillee-par-groupes-et-par-sous-classes-du-code-nace
excluded_quota,note-documentaire,note documentaire,conseil central de l’économie,Évaluation des efforts de formation professionnelle continue en faveur des groupes à risque et des travailleurs du secteur privé,2007-08-01,2007,0.185,0.556,316.66,949.979,note-documentaire/doc07-855.pdf,yes,https://www.ccecrb.fgov.be/dpics/fichiers/fr/doc07-855.pdf,https://www.ccecrb.fgov.be/p/fr/116/evaluation-des-efforts-de-formation-professionnelle-continue-en-faveur-des-groupes-a-risque-et-des-travailleurs-du-secteur-prive
excluded_quota,note-documentaire,note documentaire,conseil central de l’économie,"Formation professionnelle continue en Belgique : avantages, organisation et enjeux",2007-08-01,2007,0.263,0.789,316.66,949.979,note-documentaire/doc07-854.pdf,yes,https://www.ccecrb.fgov.be/dpics/fichiers/fr/doc07-854.pdf,https://www.ccecrb.fgov.be/p/fr/115/formation-professionnelle-continue-en-belgique-avantages-organisation-et-enjeux
excluded_quota,rapport,rapport,secteurs,Évolution conjoncturelle du secteur de la construction en 2003,2003-06-30,2003,0.081,0.244,316.66,949.979,rapport/doc03-521.pdf,yes,https://www.ccecrb.fgov.be/dpics/fichiers/fr/doc03-521.pdf,https://www.ccecrb.fgov.be/p/fr/143/evolution-conjoncturelle-du-secteur-de-la-construction-en-2003
excluded_quota,rapport,rapport,secteurs,Évolution conjoncturelle du secteur de la construction en 2002-2003,2003-02-17,2003,0.102,0.305,316.66,949.979,rapport/doc03-136.pdf,yes,https://www.ccecrb.fgov.be/dpics/fichiers/fr/doc03-136.pdf,https://www.ccecrb.fgov.be/p/fr/142/evolution-conjoncturelle-du-secteur-de-la-construction-en-2002-2003
excluded_quota,avis,avis,conseil central de l’économie,Avis relatif à la problématique des normes de produits,1999-08-02,1999,4.269,12.807,316.66,949.979,avis/doc99-578.pdf,yes,https://www.ccecrb.fgov.be/dpics/fichiers/fr/doc99-578.pdf,https://www.ccecrb.fgov.be/p/fr/149/avis-relatif-a-la-problematique-des-normes-de-produits
excluded_quota,rapport,rapport,conseil central de l’économie,Rapport technique sur les marges maximales disponibles pour l'évolution du coût salarial,1996-09-18,1996,12.571,37.714,316.66,949.979,rapport/doc96-604.pdf,yes,https://www.ccecrb.fgov.be/dpics/fichiers/fr/doc96-604.pdf,https://www.ccecrb.fgov.be/p/fr/211/rapport-technique-sur-les-marges-maximales-disponibles-pour-l-evolution-du-cout-salarial
