category,title,theme,date,post_url,file_url,path
avis,"Impact de la transition climatique sur l’activité, l'emploi et la formation",Emploi et compétitivité,02/04/2026,https://www.ccecrb.fgov.be/p/fr/1373/impact-de-la-transition-climatique-sur-l-activite-l-emploi-et-la-formation,https://www.ccecrb.fgov.be/dpics/fichiers/2026-04-03-09-43-23_doc261020fr.pdf,D:\ccecrb_downloads\avis\2026-04-03-09-43-23_doc261020fr.pdf
avis,Vers un système de billettique intégré pour les transports en commun en Belgique,Mobilité,02/04/2026,https://www.ccecrb.fgov.be/p/fr/1374/vers-un-systeme-de-billettique-integre-pour-les-transports-en-commun-en-belgique,https://www.ccecrb.fgov.be/dpics/fichiers/2026-04-03-09-49-58_doc261080fr.pdf,D:\ccecrb_downloads\avis\2026-04-03-09-49-58_doc261080fr.pdf
avis,Le mécanisme d’indexation plafonnée passé au crible par les partenaires sociaux,Négociation salariale,31/03/2026,https://www.ccecrb.fgov.be/p/fr/1368/le-mecanisme-d-indexation-plafonnee-passe-au-crible-par-les-partenaires-sociaux,https://www.ccecrb.fgov.be/dpics/fichiers/2026-03-31-06-58-19_doc261000fr.pdf,D:\ccecrb_downloads\avis\2026-03-31-06-58-19_doc261000fr.pdf
avis,Ajouts à la liste noire des clauses abusives dans les contrats conclus avec les consommateurs,Clauses abusives,27/03/2026,https://www.ccecrb.fgov.be/p/fr/1378/ajouts-a-la-liste-noire-des-clauses-abusives-dans-les-contrats-conclus-avec-les-consommateurs,https://www.ccecrb.fgov.be/dpics/fichiers/2026-04-28-10-34-05_doc261310fr.pdf,D:\ccecrb_downloads\avis\2026-04-28-10-34-05_doc261310fr.pdf
avis,Une enveloppe spécifique pour les groupes vulnérables,Emploi et compétitivité,24/03/2026,https://www.ccecrb.fgov.be/p/fr/1365/une-enveloppe-specifique-pour-les-groupes-vulnerables,https://www.ccecrb.fgov.be/dpics/fichiers/2026-03-25-10-27-21_doc260925fr.pdf,D:\ccecrb_downloads\avis\2026-03-25-10-27-21_doc260925fr.pdf
avis,Suppression de l'exception relative aux marchés publics en cas de clauses abusives,Clauses abusives,13/03/2026,https://www.ccecrb.fgov.be/p/fr/1369/suppression-de-l-exception-relative-aux-marches-publics-en-cas-de-clauses-abusives,https://www.ccecrb.fgov.be/dpics/fichiers/2026-04-02-10-30-08_doc260860fr.pdf,D:\ccecrb_downloads\avis\2026-04-02-10-30-08_doc260860fr.pdf
avis,Restriction de l'utilisation d'articles pyrotechniques,Pratiques du commerce,10/03/2026,https://www.ccecrb.fgov.be/p/fr/1360/restriction-de-l-utilisation-d-articles-pyrotechniques,https://www.ccecrb.fgov.be/dpics/fichiers/2026-03-10-02-05-40_doc260775fr.pdf,D:\ccecrb_downloads\avis\2026-03-10-02-05-40_doc260775fr.pdf
avis,Dispositions diverses en matière de protection des consommateurs : la CCS Consommation publie un avis politique important,Pratiques du commerce,10/03/2026,https://www.ccecrb.fgov.be/p/fr/1363/dispositions-diverses-en-matiere-de-protection-des-consommateurs-la-ccs-consommation-publie-un-avis-politique-important,https://www.ccecrb.fgov.be/dpics/fichiers/2026-03-19-05-25-47_CCE20260870Avis(002).pdf,D:\ccecrb_downloads\avis\2026-03-19-05-25-47_CCE20260870Avis(002).pdf
avis,Unité de mesure alternative pour l’indication des prix des compléments alimentaires,Pratiques du commerce,05/03/2026,https://www.ccecrb.fgov.be/p/fr/1359/unite-de-mesure-alternative-pour-l-indication-des-prix-des-complements-alimentaires,https://www.ccecrb.fgov.be/dpics/fichiers/2026-03-06-10-11-38_doc260760fr.pdf,D:\ccecrb_downloads\avis\2026-03-06-10-11-38_doc260760fr.pdf
avis,Marchés publics : Le guide de bonnes pratiques de l’ABC pour les acheteurs,Concurrence,05/03/2026,https://www.ccecrb.fgov.be/p/fr/1361/marches-publics-le-guide-de-bonnes-pratiques-de-l-abc-pour-les-acheteurs,https://www.ccecrb.fgov.be/dpics/fichiers/2026-03-13-09-58-15_CCE20260750Projetdeguiderelatifàl’applicationdesrèglesdeconcurrenceauxmarchéspublics.pdf,D:\ccecrb_downloads\avis\2026-03-13-09-58-15_CCE20260750Projetdeguiderelatifàl’applicationdesrèglesdeconcurrenceauxmarchéspublics.pdf
avis,Adaptation de la réglementation sur les articles pyrotechniques,Pratiques du commerce,26/02/2026,https://www.ccecrb.fgov.be/p/fr/1355/adaptation-de-la-reglementation-sur-les-articles-pyrotechniques,https://www.ccecrb.fgov.be/dpics/fichiers/2026-03-02-03-18-30_doc260680fr.pdf,D:\ccecrb_downloads\avis\2026-03-02-03-18-30_doc260680fr.pdf
avis,Étude prospective multi-vecteurs sur la sécurité d’approvisionnement en énergie,Énergie,23/02/2026,https://www.ccecrb.fgov.be/p/fr/1353/etude-prospective-multi-vecteurs-sur-la-securite-d-approvisionnement-en-energie,https://www.ccecrb.fgov.be/dpics/fichiers/2026-02-24-04-41-54_doc260625fr.pdf,D:\ccecrb_downloads\avis\2026-02-24-04-41-54_doc260625fr.pdf
avis,Budget du service de médiation pour les télécommunications 2026,Télécommunication,19/02/2026,https://www.ccecrb.fgov.be/p/fr/1356/budget-du-service-de-mediation-pour-les-telecommunications-2026,https://www.ccecrb.fgov.be/dpics/fichiers/2026-03-03-02-09-25_doc260690fr.pdf,D:\ccecrb_downloads\avis\2026-03-03-02-09-25_doc260690fr.pdf
avis,Projet de budget du Service de médiation pour le secteur postal,Services Postaux et e-commerce,17/02/2026,https://www.ccecrb.fgov.be/p/fr/1376/projet-de-budget-du-service-de-mediation-pour-le-secteur-postal,https://www.ccecrb.fgov.be/dpics/fichiers/2026-04-09-10-54-49_doc260630fr.pdf,D:\ccecrb_downloads\avis\2026-04-09-10-54-49_doc260630fr.pdf
avis,La société à mission,Organisation de l'économie,12/02/2026,https://www.ccecrb.fgov.be/p/fr/1344/la-societe-a-mission,https://www.ccecrb.fgov.be/dpics/fichiers/2026-02-16-08-47-21_doc260480fr.pdf,D:\ccecrb_downloads\avis\2026-02-16-08-47-21_doc260480fr.pdf
avis,Un contrôle efficient et efficace des flux d’importation de l’e-commerce,Services Postaux et e-commerce,05/02/2026,https://www.ccecrb.fgov.be/p/fr/1354/un-controle-efficient-et-efficace-des-flux-d-importation-de-l-e-commerce,https://www.ccecrb.fgov.be/dpics/fichiers/2026-04-28-01-54-06_CCE20260495Avisdesuivisurlamiseenplaced'uncontrôleefficientetefficacedesfluxd’importationrésultantdel’ecommerce.pdf,D:\ccecrb_downloads\avis\2026-04-28-01-54-06_CCE20260495Avisdesuivisurlamiseenplaced'uncontrôleefficientetefficacedesfluxd’importationrésultantdel’ecommerce.pdf
avis,Règles visant à promouvoir la réparation des biens,Pratiques du commerce,04/02/2026,https://www.ccecrb.fgov.be/p/fr/1352/regles-visant-a-promouvoir-la-reparation-des-biens,https://www.ccecrb.fgov.be/dpics/fichiers/2026-02-18-03-07-26_doc260570fr.pdf,D:\ccecrb_downloads\avis\2026-02-18-03-07-26_doc260570fr.pdf
avis,Les prix des abonnements de la SNCB à partir du 1er février 2026,Mobilité,27/01/2026,https://www.ccecrb.fgov.be/p/fr/1342/les-prix-des-abonnements-de-la-sncb-a-partir-du-1er-fevrier-2026,https://www.ccecrb.fgov.be/dpics/fichiers/2026-01-29-10-28-34_doc260270fr.pdf,D:\ccecrb_downloads\avis\2026-01-29-10-28-34_doc260270fr.pdf
avis,Appel pour un Plan d’action fédéral ambitieux pour l’économie circulaire,Emploi et compétitivité,21/01/2026,https://www.ccecrb.fgov.be/p/fr/1339/appel-pour-un-plan-d-action-federal-ambitieux-pour-l-economie-circulaire,https://www.ccecrb.fgov.be/dpics/fichiers/2026-01-22-03-16-04_doc260190fr.pdf,D:\ccecrb_downloads\avis\2026-01-22-03-16-04_doc260190fr.pdf
avis,La mise en œuvre de la politique climatique fédérale,Énergie,21/01/2026,https://www.ccecrb.fgov.be/p/fr/1340/la-mise-en-uvre-de-la-politique-climatique-federale,https://www.ccecrb.fgov.be/dpics/fichiers/2026-01-22-03-32-27_doc260210fr.pdf,D:\ccecrb_downloads\avis\2026-01-22-03-32-27_doc260210fr.pdf
avis,La CCS Clauses abusives tire la sonnette d'alarme concernant les contrats de résidences-services abusifs,Clauses abusives,21/01/2026,https://www.ccecrb.fgov.be/p/fr/1343/la-ccs-clauses-abusives-tire-la-sonnette-d-alarme-concernant-les-contrats-de-residences-services-abusifs,https://www.ccecrb.fgov.be/dpics/fichiers/2026-02-16-11-37-59_doc260240fr.pdf,D:\ccecrb_downloads\avis\2026-02-16-11-37-59_doc260240fr.pdf
avis,Proposition de loi concernant le plan tarifaire le plus avantageux,Télécommunication,05/01/2026,https://www.ccecrb.fgov.be/p/fr/1337/proposition-de-loi-concernant-le-plan-tarifaire-le-plus-avantageux,https://www.ccecrb.fgov.be/dpics/fichiers/2026-01-07-03-30-40_CCE20260020Propositiondeloiplantarifaireleplusavantageux.pdf,D:\ccecrb_downloads\avis\2026-01-07-03-30-40_CCE20260020Propositiondeloiplantarifaireleplusavantageux.pdf
avis,La stratégie « Women in Digital 2026-2030 »,Emploi et compétitivité,17/12/2025,https://www.ccecrb.fgov.be/p/fr/1334/la-strategie-women-in-digital-2026-2030-,https://www.ccecrb.fgov.be/dpics/fichiers/2025-12-19-09-57-17_doc252400fr.pdf,D:\ccecrb_downloads\avis\2025-12-19-09-57-17_doc252400fr.pdf
avis,"La productivité au centre d’une économie compétitive, inclusive et soutenable",Emploi et compétitivité,17/12/2025,https://www.ccecrb.fgov.be/p/fr/1335/la-productivite-au-centre-d-une-economie-competitive-inclusive-et-soutenable,https://www.ccecrb.fgov.be/dpics/fichiers/2025-12-19-02-53-46_CCE20252440AvisrapportCNP.pdf,D:\ccecrb_downloads\avis\2025-12-19-02-53-46_CCE20252440AvisrapportCNP.pdf
avis,Révision des critères applicables au service bancaire de base,Services financiers,17/12/2025,https://www.ccecrb.fgov.be/p/fr/1336/revision-des-criteres-applicables-au-service-bancaire-de-base,https://www.ccecrb.fgov.be/dpics/fichiers/2025-12-19-03-17-04_CCE20252450Avis.pdf,D:\ccecrb_downloads\avis\2025-12-19-03-17-04_CCE20252450Avis.pdf
avis,Les désignations commerciales de produits de la pêche et de l'aquaculture,Pratiques du commerce,11/12/2025,https://www.ccecrb.fgov.be/p/fr/1331/les-designations-commerciales-de-produits-de-la-peche-et-de-l-aquaculture,https://www.ccecrb.fgov.be/dpics/fichiers/2025-12-12-09-12-34_doc252365fr.pdf,D:\ccecrb_downloads\avis\2025-12-12-09-12-34_doc252365fr.pdf
avis,Accords de durabilité : la CCS Concurrence rend son avis sur le projet de lignes directrices de l’ABC,Concurrence,20/11/2025,https://www.ccecrb.fgov.be/p/fr/1324/accords-de-durabilite-la-ccs-concurrence-rend-son-avis-sur-le-projet-de-lignes-directrices-de-l-abc,https://www.ccecrb.fgov.be/dpics/fichiers/2025-11-24-02-30-17_CCE20252170AvisLignesdirectricesconcernantlesaccordsdedurabilitédel'ABC.pdf,D:\ccecrb_downloads\avis\2025-11-24-02-30-17_CCE20252170AvisLignesdirectricesconcernantlesaccordsdedurabilitédel'ABC.pdf
avis,"Rôle, financement et publications du Service de médiation pour les télécommunications",Télécommunication,14/11/2025,https://www.ccecrb.fgov.be/p/fr/1333/role-financement-et-publications-du-service-de-mediation-pour-les-telecommunications,https://www.ccecrb.fgov.be/dpics/fichiers/2025-12-18-04-02-48_CCE20252290AvisServicemédiationTEL.pdf,D:\ccecrb_downloads\avis\2025-12-18-04-02-48_CCE20252290AvisServicemédiationTEL.pdf
avis,Contribution du CCE et du CNT au nouveau plan d’action fédéral pour la promotion du vélo,Mobilité,04/11/2025,https://www.ccecrb.fgov.be/p/fr/1315/contribution-du-cce-et-du-cnt-au-nouveau-plan-d-action-federal-pour-la-promotion-du-velo,https://www.ccecrb.fgov.be/dpics/fichiers/2025-11-05-12-33-33_doc252060fr.pdf,D:\ccecrb_downloads\avis\2025-11-05-12-33-33_doc252060fr.pdf
avis,Extension des heures d'ouverture des magasins et suppression du jour de fermeture obligatoire,Pratiques du commerce,06/10/2025,https://www.ccecrb.fgov.be/p/fr/1308/extension-des-heures-d-ouverture-des-magasins-et-suppression-du-jour-de-fermeture-obligatoire,https://www.ccecrb.fgov.be/dpics/fichiers/2025-10-09-11-50-56_doc251850fr.pdf,D:\ccecrb_downloads\avis\2025-10-09-11-50-56_doc251850fr.pdf
avis,Le travail de nuit dans le secteur du commerce et les secteurs connexes,Services Postaux et e-commerce,30/09/2025,https://www.ccecrb.fgov.be/p/fr/1306/le-travail-de-nuit-dans-le-secteur-du-commerce-et-les-secteurs-connexes,https://www.ccecrb.fgov.be/dpics/fichiers/2025-10-06-12-47-53_CCE20251785Travaildenuitdanslesecteurducommerceetlessecteursconnexes.pdf,D:\ccecrb_downloads\avis\2025-10-06-12-47-53_CCE20251785Travaildenuitdanslesecteurducommerceetlessecteursconnexes.pdf
avis,La participation de l'État dans l’entreprise publique autonome cotée en bourse bpost,Services Postaux et e-commerce,24/09/2025,https://www.ccecrb.fgov.be/p/fr/1304/la-participation-de-l-etat-dans-l-entreprise-publique-autonome-cotee-en-bourse-bpost,https://www.ccecrb.fgov.be/dpics/fichiers/2025-10-03-02-26-24_CCE20251760Laparticipationdel'Étatdansl’entreprisepubliqueautonomecotéeenboursebpost.pdf,D:\ccecrb_downloads\avis\2025-10-03-02-26-24_CCE20251760Laparticipationdel'Étatdansl’entreprisepubliqueautonomecotéeenboursebpost.pdf
avis,La participation de l'État dans l’entreprise publique autonome cotée en bourse Proximus,Télécommunication,24/09/2025,https://www.ccecrb.fgov.be/p/fr/1305/la-participation-de-l-etat-dans-l-entreprise-publique-autonome-cotee-en-bourse-proximus,https://www.ccecrb.fgov.be/dpics/fichiers/2025-10-03-02-25-10_CCE20251750Participationdel'Étatdansl’entreprisepubliqueautonomecotéeenbourseProximus.pdf,D:\ccecrb_downloads\avis\2025-10-03-02-25-10_CCE20251750Participationdel'Étatdansl’entreprisepubliqueautonomecotéeenbourseProximus.pdf
avis,Transposition de la directive relative aux contrats de crédit aux consommateurs,Services financiers,23/09/2025,https://www.ccecrb.fgov.be/p/fr/1303/transposition-de-la-directive-relative-aux-contrats-de-credit-aux-consommateurs,https://www.ccecrb.fgov.be/dpics/fichiers/2025-09-30-03-32-35_CCE20251740Avis_Complet.pdf,D:\ccecrb_downloads\avis\2025-09-30-03-32-35_CCE20251740Avis_Complet.pdf
avis,"Rénovation de logements : un besoin urgent de sensibilisation, d'informations claires et de règles uniformes",Construction,26/08/2025,https://www.ccecrb.fgov.be/p/fr/1296/renovation-de-logements-un-besoin-urgent-de-sensibilisation-d-informations-claires-et-de-regles-uniformes,https://www.ccecrb.fgov.be/dpics/fichiers/2025-09-02-10-48-02_doc251505fr.pdf,D:\ccecrb_downloads\avis\2025-09-02-10-48-02_doc251505fr.pdf
avis,L’industrie de l’alimentation et des boissons comme secteur clé pour le plan interfédéral « MAKE 2025-2030 »,Alimentation,18/08/2025,https://www.ccecrb.fgov.be/p/fr/1293/l-industrie-de-l-alimentation-et-des-boissons-comme-secteur-cle-pour-le-plan-interfederal-make-2025-2030-,https://www.ccecrb.fgov.be/dpics/fichiers/2025-08-27-02-55-38_doc251465fr.pdf,D:\ccecrb_downloads\avis\2025-08-27-02-55-38_doc251465fr.pdf
avis,Donner aux consommateurs les moyens d’agir en faveur de la transition écologique,Pratiques du commerce,04/07/2025,https://www.ccecrb.fgov.be/p/fr/1287/donner-aux-consommateurs-les-moyens-d-agir-en-faveur-de-la-transition-ecologique,https://www.ccecrb.fgov.be/dpics/fichiers/2025-07-07-02-49-30_doc251300fr.pdf,D:\ccecrb_downloads\avis\2025-07-07-02-49-30_doc251300fr.pdf
avis,"ConsumerConnect, une initiative louable mais perfectible",Pratiques du commerce,04/07/2025,https://www.ccecrb.fgov.be/p/fr/1288/consumerconnect-une-initiative-louable-mais-perfectible,https://www.ccecrb.fgov.be/dpics/fichiers/2025-07-08-10-04-45_doc251310fr.pdf,D:\ccecrb_downloads\avis\2025-07-08-10-04-45_doc251310fr.pdf
avis,Mettons fin à l'importation de produits d’e-commerce non conformes et dangereux,Services Postaux et e-commerce,04/07/2025,https://www.ccecrb.fgov.be/p/fr/1289/mettons-fin-a-l-importation-de-produits-d-e-commerce-non-conformes-et-dangereux,https://www.ccecrb.fgov.be/dpics/fichiers/2025-07-09-02-27-00_doc251320fr.pdf,D:\ccecrb_downloads\avis\2025-07-09-02-27-00_doc251320fr.pdf
avis,L'innovation comme moteur important d’une prospérité soutenable,Emploi et compétitivité,18/06/2025,https://www.ccecrb.fgov.be/p/fr/1284/l-innovation-comme-moteur-important-d-une-prosperite-soutenable,https://www.ccecrb.fgov.be/dpics/fichiers/2025-09-30-03-01-46_CCE20251170Innovationcommemoteurimportantd’uneprospéritésoutenable.pdf,D:\ccecrb_downloads\avis\2025-09-30-03-01-46_CCE20251170Innovationcommemoteurimportantd’uneprospéritésoutenable.pdf
avis,La mise en œuvre de la Gigabit Infrastructure Act (GIA),Télécommunication,21/05/2025,https://www.ccecrb.fgov.be/p/fr/1281/la-mise-en-uvre-de-la-gigabit-infrastructure-act-gia-,https://www.ccecrb.fgov.be/dpics/fichiers/2025-12-05-03-05-50_CCE20251054AvisconcernantL’avantprojetdeloifédéralemettantenœuvreleGIA.pdf,D:\ccecrb_downloads\avis\2025-12-05-03-05-50_CCE20251054AvisconcernantL’avantprojetdeloifédéralemettantenœuvreleGIA.pdf
avis,Demande du CCE de supprimer les obstacles dans la mise en place d’un système intégré de transports en commun,Mobilité,23/04/2025,https://www.ccecrb.fgov.be/p/fr/1275/demande-du-cce-de-supprimer-les-obstacles-dans-la-mise-en-place-d-un-systeme-integre-de-transports-en-commun,https://www.ccecrb.fgov.be/dpics/fichiers/2025-04-24-08-04-41_doc250810fr.pdf,D:\ccecrb_downloads\avis\2025-04-24-08-04-41_doc250810fr.pdf
avis,Le traitement fiscal du remboursement des frais de recharge des voitures de société électriques,Mobilité,23/04/2025,https://www.ccecrb.fgov.be/p/fr/1276/le-traitement-fiscal-du-remboursement-des-frais-de-recharge-des-voitures-de-societe-electriques,https://www.ccecrb.fgov.be/dpics/fichiers/2025-04-24-08-14-12_doc250808fr.pdf,D:\ccecrb_downloads\avis\2025-04-24-08-14-12_doc250808fr.pdf
avis,"Pour une égalité de traitement des entreprises papetières, des imprimeries et des éditeurs",Papier,11/04/2025,https://www.ccecrb.fgov.be/p/fr/1278/pour-une-egalite-de-traitement-des-entreprises-papetieres-des-imprimeries-et-des-editeurs,"https://www.ccecrb.fgov.be/dpics/fichiers/2025-04-29-11-06-19_CCE20250850Pouruneégalitédetraitementdesentreprisespapetières,desimprimeriesetdeséditeurs(belges)danslemarchéintérieureuropéen.pdf","D:\ccecrb_downloads\avis\2025-04-29-11-06-19_CCE20250850Pouruneégalitédetraitementdesentreprisespapetières,desimprimeriesetdeséditeurs(belges)danslemarchéintérieureuropéen.pdf"
avis,Évaluation et application de la loi B2B relative aux clauses abusives,Clauses abusives,28/03/2025,https://www.ccecrb.fgov.be/p/fr/1274/evaluation-et-application-de-la-loi-b2b-relative-aux-clauses-abusives,https://www.ccecrb.fgov.be/dpics/fichiers/2025-04-15-04-09-28_doc250770fr.pdf,D:\ccecrb_downloads\avis\2025-04-15-04-09-28_doc250770fr.pdf
avis,La CCS Concurrence préconise des guidelines claires en ce qui concerne l’interdiction de l’abus de dépendance économique,Concurrence,27/03/2025,https://www.ccecrb.fgov.be/p/fr/1271/la-ccs-concurrence-preconise-des-guidelines-claires-en-ce-qui-concerne-l-interdiction-de-l-abus-de-dependance-economique,https://www.ccecrb.fgov.be/dpics/fichiers/2025-04-02-02-47-26_doc25720fr.pdf,D:\ccecrb_downloads\avis\2025-04-02-02-47-26_doc25720fr.pdf
avis,Transposition de la directive sur les services financiers à distance,Services financiers,17/03/2025,https://www.ccecrb.fgov.be/p/fr/1267/transposition-de-la-directive-sur-les-services-financiers-a-distance,https://www.ccecrb.fgov.be/dpics/fichiers/2025-03-19-11-54-00_CCE20250620Avissurlatranspositiondeladirective(UE)20232673encequiconcernelescontratsdeservicesfinanciersconclusàdistance.pdf,D:\ccecrb_downloads\avis\2025-03-19-11-54-00_CCE20250620Avissurlatranspositiondeladirective(UE)20232673encequiconcernelescontratsdeservicesfinanciersconclusàdistance.pdf
avis,La procédure d’autorisation de la construction et de la mise en service des installations à câbles destinées à transporter des personnes,Pratiques du commerce,26/02/2025,https://www.ccecrb.fgov.be/p/fr/1256/la-procedure-d-autorisation-de-la-construction-et-de-la-mise-en-service-des-installations-a-cables-destinees-a-transporter-des-personnes,https://www.ccecrb.fgov.be/dpics/fichiers/2025-02-28-10-00-53_doc250492fr.pdf,D:\ccecrb_downloads\avis\2025-02-28-10-00-53_doc250492fr.pdf
avis,Projet de budget du Service de médiation pour les télécommunications pour l’année 2025,Télécommunication,21/02/2025,https://www.ccecrb.fgov.be/p/fr/1273/projet-de-budget-du-service-de-mediation-pour-les-telecommunications-pour-l-annee-2025,https://www.ccecrb.fgov.be/dpics/fichiers/2025-04-02-03-20-51_cce20250605avissurlebudgetduservicedemediationpourlesecteurtelecommunicationpourlannee2025.pdf,D:\ccecrb_downloads\avis\2025-04-02-03-20-51_cce20250605avissurlebudgetduservicedemediationpourlesecteurtelecommunicationpourlannee2025.pdf
avis,Avis concernant le rapport 2022-2023 du Service de lutte contre la pauvreté,Emploi et compétitivité,19/02/2025,https://www.ccecrb.fgov.be/p/fr/1251/avis-concernant-le-rapport-2022-2023-du-service-de-lutte-contre-la-pauvrete,https://www.ccecrb.fgov.be/dpics/fichiers/2025-02-20-02-51-42_CCE20250400CNTAVIS2441RapportbisannuelduServicedeluttecontrelapauvretélaprécaritéetlexclusionsociale.pdf,D:\ccecrb_downloads\avis\2025-02-20-02-51-42_CCE20250400CNTAVIS2441RapportbisannuelduServicedeluttecontrelapauvretélaprécaritéetlexclusionsociale.pdf
avis,Le futur modèle d’exploitation du rail,Mobilité,19/02/2025,https://www.ccecrb.fgov.be/p/fr/1254/le-futur-modele-d-exploitation-du-rail,https://www.ccecrb.fgov.be/dpics/fichiers/2025-02-24-03-30-00_CCE20250413Avissurlefuturmodèled'exploitationdurail.pdf,D:\ccecrb_downloads\avis\2025-02-24-03-30-00_CCE20250413Avissurlefuturmodèled'exploitationdurail.pdf
avis,Les adaptations tarifaires prévues pour les abonnements domicile-travail de la SNCB,Mobilité,28/01/2025,https://www.ccecrb.fgov.be/p/fr/1245/les-adaptations-tarifaires-prevues-pour-les-abonnements-domicile-travail-de-la-sncb,https://www.ccecrb.fgov.be/dpics/fichiers/2025-01-29-10-15-51_CCE20250190CNTAvis2439LesadaptationstarifairesprévuespourlesabonnementsdomiciletravaildelaSNCB.pdf,D:\ccecrb_downloads\avis\2025-01-29-10-15-51_CCE20250190CNTAvis2439LesadaptationstarifairesprévuespourlesabonnementsdomiciletravaildelaSNCB.pdf
avis,Clauses en matière de cessions de créance dans les contrats de crédit à la consommation,Clauses abusives,19/12/2024,https://www.ccecrb.fgov.be/p/fr/1255/clauses-en-matiere-de-cessions-de-creance-dans-les-contrats-de-credit-a-la-consommation,https://www.ccecrb.fgov.be/dpics/fichiers/2025-02-28-09-44-51_doc250364fr.pdf,D:\ccecrb_downloads\avis\2025-02-28-09-44-51_doc250364fr.pdf
avis,"La productivité, un levier stratégique au cœur des politiques publiques",Emploi et compétitivité,18/12/2024,https://www.ccecrb.fgov.be/p/fr/1238/la-productivite-un-levier-strategique-au-c-ur-des-politiques-publiques,https://www.ccecrb.fgov.be/dpics/fichiers/2024-12-19-10-49-26_CCE20242700AvisLaproductivitéunlevierstratégiqueaucœurdespolitiquespubliques.pdf,D:\ccecrb_downloads\avis\2024-12-19-10-49-26_CCE20242700AvisLaproductivitéunlevierstratégiqueaucœurdespolitiquespubliques.pdf
avis,Projet de budget du Service de médiation pour le service postal pour l’année 2025,Services Postaux et e-commerce,18/12/2024,https://www.ccecrb.fgov.be/p/fr/1241/projet-de-budget-du-service-de-mediation-pour-le-service-postal-pour-l-annee-2025,https://www.ccecrb.fgov.be/dpics/fichiers/2025-07-09-02-15-11_CCE20242725AvissurlebudgetduServicedeMédiationpourleSecteurPostalpourlannée2025.pdf,D:\ccecrb_downloads\avis\2025-07-09-02-15-11_CCE20242725AvissurlebudgetduServicedeMédiationpourleSecteurPostalpourlannée2025.pdf
avis,Transposition de la directive relative aux contrats de crédit aux consommateurs,Services financiers,16/12/2024,https://www.ccecrb.fgov.be/p/fr/1239/transposition-de-la-directive-relative-aux-contrats-de-credit-aux-consommateurs,https://www.ccecrb.fgov.be/dpics/fichiers/2024-12-23-12-37-05_CCE20242660ChoixdesoptionslaisséesdanslaDirective(UE)202.pdf,D:\ccecrb_downloads\avis\2024-12-23-12-37-05_CCE20242660ChoixdesoptionslaisséesdanslaDirective(UE)202.pdf
avis,Vers un système intégré de transports en commun en Belgique,Mobilité,16/07/2024,https://www.ccecrb.fgov.be/p/fr/1207/vers-un-systeme-integre-de-transports-en-commun-en-belgique,https://www.ccecrb.fgov.be/dpics/fichiers/2024-07-18-10-58-38_doc241820fr.pdf,D:\ccecrb_downloads\avis\2024-07-18-10-58-38_doc241820fr.pdf
avis,Étude FORBEG,Énergie,26/06/2024,https://www.ccecrb.fgov.be/p/fr/1203/etude-forbeg,https://www.ccecrb.fgov.be/dpics/fichiers/2024-07-08-01-01-14_CCE20241781AvisEtudeForbeg.pdf,D:\ccecrb_downloads\avis\2024-07-08-01-01-14_CCE20241781AvisEtudeForbeg.pdf
avis,9 conseils consultatifs appellent à une meilleure coopération entre les différents niveaux politiques,Organes politiques,25/06/2024,https://www.ccecrb.fgov.be/p/fr/1201/9-conseils-consultatifs-appellent-a-une-meilleure-cooperation-entre-les-differents-niveaux-politiques,https://www.ccecrb.fgov.be/dpics/fichiers/2024-07-03-10-13-43_CCE20241719CNTAvis2.420CFDD202411AvisUnappelauxdifférentsgouvernementsdenotrepays.pdf,D:\ccecrb_downloads\avis\2024-07-03-10-13-43_CCE20241719CNTAvis2.420CFDD202411AvisUnappelauxdifférentsgouvernementsdenotrepays.pdf
avis,Assouplissement des conditions relatives au service bancaire de base,Services financiers,17/05/2024,https://www.ccecrb.fgov.be/p/fr/1182/assouplissement-des-conditions-relatives-au-service-bancaire-de-base,https://www.ccecrb.fgov.be/dpics/fichiers/2024-05-17-03-36-53_CCE20241310Adaptationdesconditionsrelativesauservicebancairedebase.pdf,D:\ccecrb_downloads\avis\2024-05-17-03-36-53_CCE20241310Adaptationdesconditionsrelativesauservicebancairedebase.pdf
avis,Communication d’informations de la banque de données sur les déplacements domicile-travail,Mobilité,17/04/2024,https://www.ccecrb.fgov.be/p/fr/1169/communication-d-informations-de-la-banque-de-donnees-sur-les-deplacements-domicile-travail,https://www.ccecrb.fgov.be/dpics/fichiers/2024-04-17-09-39-45_doc241060fr.pdf,D:\ccecrb_downloads\avis\2024-04-17-09-39-45_doc241060fr.pdf
avis,Accord sur un remboursement plus élevé des abonnements de train pour les travailleurs,Mobilité,08/04/2024,https://www.ccecrb.fgov.be/p/fr/1168/accord-sur-un-remboursement-plus-eleve-des-abonnements-de-train-pour-les-travailleurs,https://www.ccecrb.fgov.be/dpics/fichiers/2024-04-10-02-21-44_CCE20241030Limiterlesconséquencesnégativesdel'adaptationtarifairedesabonnementsdomiciletravail.pdf,D:\ccecrb_downloads\avis\2024-04-10-02-21-44_CCE20241030Limiterlesconséquencesnégativesdel'adaptationtarifairedesabonnementsdomiciletravail.pdf
avis,Pratiques du marché déloyales au sein de la chaîne d’approvisionnement agricole et alimentaire,Pratiques du commerce,05/04/2024,https://www.ccecrb.fgov.be/p/fr/1167/pratiques-du-marche-deloyales-au-sein-de-la-chaine-d-approvisionnement-agricole-et-alimentaire,https://www.ccecrb.fgov.be/dpics/fichiers/2024-04-08-01-11-00_CCE20241000Avissurlespratiquesdéloyalesdanslesrelationsinterentreprisesauseindelachaîneagricoleetalimentaire.pdf,D:\ccecrb_downloads\avis\2024-04-08-01-11-00_CCE20241000Avissurlespratiquesdéloyalesdanslesrelationsinterentreprisesauseindelachaîneagricoleetalimentaire.pdf
avis,Sacs en plastique et étiquettes,Pratiques du commerce,03/04/2024,https://www.ccecrb.fgov.be/p/fr/1166/sacs-en-plastique-et-etiquettes,https://www.ccecrb.fgov.be/dpics/fichiers/2024-04-04-04-18-05_doc240930fr.pdf,D:\ccecrb_downloads\avis\2024-04-04-04-18-05_doc240930fr.pdf
avis,L'édition 2024 du diagnostic fédéral sur les déplacements domicile-travail,Mobilité,27/03/2024,https://www.ccecrb.fgov.be/p/fr/1165/l-edition-2024-du-diagnostic-federal-sur-les-deplacements-domicile-travail,https://www.ccecrb.fgov.be/dpics/fichiers/2024-03-28-09-33-39_doc240870fr.pdf,D:\ccecrb_downloads\avis\2024-03-28-09-33-39_doc240870fr.pdf
avis,Pratiques problématiques de vente d’abonnements par téléphone,Pratiques du commerce,21/03/2024,https://www.ccecrb.fgov.be/p/fr/1163/pratiques-problematiques-de-vente-d-abonnements-par-telephone,https://www.ccecrb.fgov.be/dpics/fichiers/2024-03-21-03-08-15_doc240840fr.pdf,D:\ccecrb_downloads\avis\2024-03-21-03-08-15_doc240840fr.pdf
avis,La révision du Plan National Énergie-Climat 2030,Énergie,27/02/2024,https://www.ccecrb.fgov.be/p/fr/1158/la-revision-du-plan-national-energie-climat-2030,https://www.ccecrb.fgov.be/dpics/fichiers/2024-02-29-03-17-15_doc240640fr.pdf,D:\ccecrb_downloads\avis\2024-02-29-03-17-15_doc240640fr.pdf
avis,Les prix des abonnements de la SNCB à partir du 1er février 2024,Mobilité,30/01/2024,https://www.ccecrb.fgov.be/p/fr/1148/les-prix-des-abonnements-de-la-sncb-a-partir-du-1er-fevrier-2024,https://www.ccecrb.fgov.be/dpics/fichiers/2024-08-09-03-32-22_CCE20240339lesprixdesabonnementsdelasncbapartirdu1erfevrier2024.pdf,D:\ccecrb_downloads\avis\2024-08-09-03-32-22_CCE20240339lesprixdesabonnementsdelasncbapartirdu1erfevrier2024.pdf
avis,Chèques sport et culture,Pratiques du commerce,25/01/2024,https://www.ccecrb.fgov.be/p/fr/1144/cheques-sport-et-culture,https://www.ccecrb.fgov.be/dpics/fichiers/2024-08-09-03-14-39_CCE20240310chequessportetculture.pdf,D:\ccecrb_downloads\avis\2024-08-09-03-14-39_CCE20240310chequessportetculture.pdf
avis,La dénomination des tarifs télécoms sociaux,Pratiques du commerce,25/01/2024,https://www.ccecrb.fgov.be/p/fr/1145/la-denomination-des-tarifs-telecoms-sociaux,https://www.ccecrb.fgov.be/dpics/fichiers/2024-08-09-03-17-27_CCE20240300denominationdesoffresbeneficiantdestarifssociaux.pdf,D:\ccecrb_downloads\avis\2024-08-09-03-17-27_CCE20240300denominationdesoffresbeneficiantdestarifssociaux.pdf
avis,"Le devoir de vigilance, la publication et l'assurance d'informations en matière de durabilité",Organisation de l'économie,24/01/2024,https://www.ccecrb.fgov.be/p/fr/1146/le-devoir-de-vigilance-la-publication-et-l-assurance-d-informations-en-matiere-de-durabilite,https://www.ccecrb.fgov.be/dpics/fichiers/2024-08-09-01-59-54_CCE20240250ledevoirdevigilancelapublicationdinformationsenmatierededurabiliteetlassurancedelinformationenmatierededurabilite.pdf,D:\ccecrb_downloads\avis\2024-08-09-01-59-54_CCE20240250ledevoirdevigilancelapublicationdinformationsenmatierededurabiliteetlassurancedelinformationenmatierededurabilite.pdf
avis,Indexation des seuils relatifs au chiffre d’affaires annuel et au total du bilan,Organisation de l'économie,24/01/2024,https://www.ccecrb.fgov.be/p/fr/1147/indexation-des-seuils-relatifs-au-chiffre-d-affaires-annuel-et-au-total-du-bilan,https://www.ccecrb.fgov.be/dpics/fichiers/2024-08-09-03-07-15_CCE20240270lindexationannuelledesseuilsappliquespourqualifierlessocietesdepetitessocietesetdemicrosocietes.pdf,D:\ccecrb_downloads\avis\2024-08-09-03-07-15_CCE20240270lindexationannuelledesseuilsappliquespourqualifierlessocietesdepetitessocietesetdemicrosocietes.pdf
avis,Les informations relatives à l’impôt sur les revenus par certaines sociétés et succursales,Organisation de l'économie,19/01/2024,https://www.ccecrb.fgov.be/p/fr/1140/les-informations-relatives-a-l-impot-sur-les-revenus-par-certaines-societes-et-succursales,https://www.ccecrb.fgov.be/dpics/fichiers/2024-08-09-12-08-04_CCE20240160letablissementetlacommunicationparcertainessocietesetsuccursalesdinformationsrelativesalimpotsurlesrevenusdessocietes.pdf,D:\ccecrb_downloads\avis\2024-08-09-12-08-04_CCE20240160letablissementetlacommunicationparcertainessocietesetsuccursalesdinformationsrelativesalimpotsurlesrevenusdessocietes.pdf
avis,Procédure de désendettement et réforme du règlement collectif de dettes,Pratiques du commerce,19/01/2024,https://www.ccecrb.fgov.be/p/fr/1143/procedure-de-desendettement-et-reforme-du-reglement-collectif-de-dettes,https://www.ccecrb.fgov.be/dpics/fichiers/2024-08-09-01-24-50_CCE20240180Avisdésendettement.pdf,D:\ccecrb_downloads\avis\2024-08-09-01-24-50_CCE20240180Avisdésendettement.pdf
avis,Complément des listes des clauses abusives pour les accords de partenariat concernant le commerce alimentaire de détail,Clauses abusives,09/01/2024,https://www.ccecrb.fgov.be/p/fr/1150/complement-des-listes-des-clauses-abusives-pour-les-accords-de-partenariat-concernant-le-commerce-alimentaire-de-detail,https://www.ccecrb.fgov.be/dpics/fichiers/2024-08-09-11-44-18_CCE20240201projetdarreteroyalcompletantleslistesdeclausesabusivespourlesaccordsdepartenariatcommercialconcernantlecommercededetailenmagasinnonspecialiseapredominancealimentaire.pdf,D:\ccecrb_downloads\avis\2024-08-09-11-44-18_CCE20240201projetdarreteroyalcompletantleslistesdeclausesabusivespourlesaccordsdepartenariatcommercialconcernantlecommercededetailenmagasinnonspecialiseapredominancealimentaire.pdf
avis,L’importance de la productivité dans la perspective des transitions écologique et numérique,Emploi et compétitivité,20/12/2023,https://www.ccecrb.fgov.be/p/fr/1137/l-importance-de-la-productivite-dans-la-perspective-des-transitions-ecologique-et-numerique,https://www.ccecrb.fgov.be/dpics/fichiers/2024-08-09-11-13-32_CCE20232910RapportannuelduCNP.pdf,D:\ccecrb_downloads\avis\2024-08-09-11-13-32_CCE20232910RapportannuelduCNP.pdf
avis,Avis concernant les recommandations faites au gouvernement belge par le Comité de la liberté syndicale de l’Organisation internationale du travail à propos de la loi de 1996,Négociation salariale,20/12/2023,https://www.ccecrb.fgov.be/p/fr/1138/avis-concernant-les-recommandations-faites-au-gouvernement-belge-par-le-comite-de-la-liberte-syndicale-de-l-organisation-internationale-du-travail-a-propos-de-la-loi-de-1996,https://www.ccecrb.fgov.be/dpics/fichiers/2024-08-09-11-26-45_CCE20232925avisconcernantlesrecommandationsfaitesaugouvernementbelgeparlecomitedelalibertesyndicaledelorganisationinternationaledutravailaproposdelaloide1996blijde.pdf,D:\ccecrb_downloads\avis\2024-08-09-11-26-45_CCE20232925avisconcernantlesrecommandationsfaitesaugouvernementbelgeparlecomitedelalibertesyndicaledelorganisationinternationaledutravailaproposdelaloide1996blijde.pdf
avis,La transformation de la Directive concernant le retard de paiement dans les transactions commerciales en un Règlement,Clauses abusives,15/12/2023,https://www.ccecrb.fgov.be/p/fr/1141/la-transformation-de-la-directive-concernant-le-retard-de-paiement-dans-les-transactions-commerciales-en-un-reglement,https://www.ccecrb.fgov.be/dpics/fichiers/2024-08-09-09-36-52_CCE20232960avissurlapropositiondelacommissioneuropeennevisantatransformerladirectiveconcernantlaluttecontreleretarddepaiementdanslestransactionscommercialesenunreglement.pdf,D:\ccecrb_downloads\avis\2024-08-09-09-36-52_CCE20232960avissurlapropositiondelacommissioneuropeennevisantatransformerladirectiveconcernantlaluttecontreleretarddepaiementdanslestransactionscommercialesenunreglement.pdf
avis,Articles pyrotechniques,Pratiques du commerce,13/12/2023,https://www.ccecrb.fgov.be/p/fr/1130/articles-pyrotechniques,https://www.ccecrb.fgov.be/dpics/fichiers/2024-08-08-03-55-49_CCE20232850articlespyrotechniques.pdf,D:\ccecrb_downloads\avis\2024-08-08-03-55-49_CCE20232850articlespyrotechniques.pdf
avis,Le volet prospectif de la présidence belge de l’Union européenne,Présidence belge de l’Union européenne,12/12/2023,https://www.ccecrb.fgov.be/p/fr/1132/le-volet-prospectif-de-la-presidence-belge-de-l-union-europeenne,https://www.ccecrb.fgov.be/dpics/fichiers/2024-08-09-08-55-52_CCE20232825CNTAvis2392VoletprospectifPrésidencebelgedel'UE.pdf,D:\ccecrb_downloads\avis\2024-08-09-08-55-52_CCE20232825CNTAvis2392VoletprospectifPrésidencebelgedel'UE.pdf
avis,Certaines conditions contractuelles dans les contrats de fourniture d'énergie avec les entreprises,Clauses abusives,24/11/2023,https://www.ccecrb.fgov.be/p/fr/1129/certaines-conditions-contractuelles-dans-les-contrats-de-fourniture-d-energie-avec-les-entreprises,https://www.ccecrb.fgov.be/dpics/fichiers/2024-08-08-03-18-51_CCE20232407AvisElectricitéB2BDEF.pdf,D:\ccecrb_downloads\avis\2024-08-08-03-18-51_CCE20232407AvisElectricitéB2BDEF.pdf
avis,Réforme du régime des clauses d’indexation de prix,Concurrence,20/11/2023,https://www.ccecrb.fgov.be/p/fr/1124/reforme-du-regime-des-clauses-d-indexation-de-prix,https://www.ccecrb.fgov.be/dpics/fichiers/2024-08-08-02-34-55_CCE20232620clausesderevisiondeprix.pdf,D:\ccecrb_downloads\avis\2024-08-08-02-34-55_CCE20232620clausesderevisiondeprix.pdf
avis,"L’emploi, l’enseignement et la formation dans le cadre de la Conférence pour une transition juste",Emploi et compétitivité,07/11/2023,https://www.ccecrb.fgov.be/p/fr/1123/l-emploi-l-enseignement-et-la-formation-dans-le-cadre-de-la-conference-pour-une-transition-juste,https://www.ccecrb.fgov.be/dpics/fichiers/2024-08-07-11-05-26_CCE20232500CNTAvis2.383Transitionjustebonneversion§6.pdf,D:\ccecrb_downloads\avis\2024-08-07-11-05-26_CCE20232500CNTAvis2.383Transitionjustebonneversion§6.pdf
avis,Articles pyrotechniques,Pratiques du commerce,18/10/2023,https://www.ccecrb.fgov.be/p/fr/1112/articles-pyrotechniques,https://www.ccecrb.fgov.be/dpics/fichiers/2024-08-07-10-42-37_CCE20232390articlespyrotechniques.pdf,D:\ccecrb_downloads\avis\2024-08-07-10-42-37_CCE20232390articlespyrotechniques.pdf
avis,Publication d’informations relatives à l’impôt sur les revenus des sociétés par certaines sociétés et succursales,Organisation de l'économie,04/10/2023,https://www.ccecrb.fgov.be/p/fr/1109/publication-d-informations-relatives-a-l-impot-sur-les-revenus-des-societes-par-certaines-societes-et-succursales,https://www.ccecrb.fgov.be/dpics/fichiers/2024-08-07-10-38-29_CCE20232310lapublicationdinformationsrelativesalimpotsurlesrevenusdessocietesparcertainessocietesetsuccursales.pdf,D:\ccecrb_downloads\avis\2024-08-07-10-38-29_CCE20232310lapublicationdinformationsrelativesalimpotsurlesrevenusdessocietesparcertainessocietesetsuccursales.pdf
avis,La publicité concernant les biocides,Pratiques du commerce,26/09/2023,https://www.ccecrb.fgov.be/p/fr/1106/la-publicite-concernant-les-biocides,https://www.ccecrb.fgov.be/dpics/fichiers/2024-08-02-05-10-21_CCE20232230Avis.pdf,D:\ccecrb_downloads\avis\2024-08-02-05-10-21_CCE20232230Avis.pdf
avis,Clause de non-débauchage dans le cadre du travail intérimaire,Organisation de l'économie,26/09/2023,https://www.ccecrb.fgov.be/p/fr/1107/clause-de-non-debauchage-dans-le-cadre-du-travail-interimaire,https://www.ccecrb.fgov.be/dpics/fichiers/2024-08-07-10-17-58_CCE20232257clausedenondebauchagedanslecadredutravailinterimaire.pdf,D:\ccecrb_downloads\avis\2024-08-07-10-17-58_CCE20232257clausedenondebauchagedanslecadredutravailinterimaire.pdf
avis,Sécurité et bien-être du cycliste navetteur,Mobilité,20/09/2023,https://www.ccecrb.fgov.be/p/fr/1101/securite-et-bien-etre-du-cycliste-navetteur,https://www.ccecrb.fgov.be/dpics/fichiers/2024-08-02-12-17-22_CCE20232175CNT2377AvisVélosécuritéetbienêtre.pdf,D:\ccecrb_downloads\avis\2024-08-02-12-17-22_CCE20232175CNT2377AvisVélosécuritéetbienêtre.pdf
avis,Favoriser l’utilisation des transports en commun,Mobilité,20/09/2023,https://www.ccecrb.fgov.be/p/fr/1102/favoriser-l-utilisation-des-transports-en-commun,https://www.ccecrb.fgov.be/dpics/fichiers/2024-08-02-12-34-25_CCE20232160CNT2376AvisTransportsencommun.pdf,D:\ccecrb_downloads\avis\2024-08-02-12-34-25_CCE20232160CNT2376AvisTransportsencommun.pdf
avis,Réforme de la gouvernance économique européenne,Emploi et compétitivité,20/09/2023,https://www.ccecrb.fgov.be/p/fr/1105/reforme-de-la-gouvernance-economique-europeenne,https://www.ccecrb.fgov.be/dpics/fichiers/2024-08-02-12-54-24_CCE20232185AvisGouvernanceéconomiqueeuropéenne.pdf,D:\ccecrb_downloads\avis\2024-08-02-12-54-24_CCE20232185AvisGouvernanceéconomiqueeuropéenne.pdf
avis,Redressement des dettes du consommateur et réforme du règlement collectif de dettes,Pratiques du commerce,06/09/2023,https://www.ccecrb.fgov.be/p/fr/1099/redressement-des-dettes-du-consommateur-et-reforme-du-reglement-collectif-de-dettes,https://www.ccecrb.fgov.be/dpics/fichiers/2024-08-02-11-52-09_CCE20232040Avis.pdf,D:\ccecrb_downloads\avis\2024-08-02-11-52-09_CCE20232040Avis.pdf
avis,Protection du consommateur dans le secteur de la construction,Pratiques du commerce,23/08/2023,https://www.ccecrb.fgov.be/p/fr/1088/protection-du-consommateur-dans-le-secteur-de-la-construction,https://www.ccecrb.fgov.be/dpics/fichiers/2024-08-02-11-08-33_CCE20231960AdviesConsumentenenbouwsectorFRDEF.pdf,D:\ccecrb_downloads\avis\2024-08-02-11-08-33_CCE20231960AdviesConsumentenenbouwsectorFRDEF.pdf
avis,La Centrale des crédits aux particuliers,Services financiers,18/08/2023,https://www.ccecrb.fgov.be/p/fr/1087/la-centrale-des-credits-aux-particuliers,https://www.ccecrb.fgov.be/dpics/fichiers/2024-07-26-04-04-30_CCE20231910Lacentraledescreditsauxparticuliers.pdf,D:\ccecrb_downloads\avis\2024-07-26-04-04-30_CCE20231910Lacentraledescreditsauxparticuliers.pdf
avis,Traitement comptable des opérations assimilées aux fusions et scissions,Organisation de l'économie,13/07/2023,https://www.ccecrb.fgov.be/p/fr/1081/traitement-comptable-des-operations-assimilees-aux-fusions-et-scissions,https://www.ccecrb.fgov.be/dpics/fichiers/2024-07-26-03-24-27_CCE20231790Traitementcomptabledesoperationsassimileesauxfusionsetscissions.pdf,D:\ccecrb_downloads\avis\2024-07-26-03-24-27_CCE20231790Traitementcomptabledesoperationsassimileesauxfusionsetscissions.pdf
avis,Publication d'informations en matière de durabilité par les entreprises,Organisation de l'économie,13/07/2023,https://www.ccecrb.fgov.be/p/fr/1082/publication-d-informations-en-matiere-de-durabilite-par-les-entreprises,https://www.ccecrb.fgov.be/dpics/fichiers/2024-07-26-03-36-52_CCE20231800Publicationdinformationsenmatierededurabiliteparlesentreprisesetimplicationdesrepresentantsdestravailleurs.pdf,D:\ccecrb_downloads\avis\2024-07-26-03-36-52_CCE20231800Publicationdinformationsenmatierededurabiliteparlesentreprisesetimplicationdesrepresentantsdestravailleurs.pdf
avis,Réforme du régime des clauses d’indexation de prix,Pratiques du commerce,29/06/2023,https://www.ccecrb.fgov.be/p/fr/1080/reforme-du-regime-des-clauses-d-indexation-de-prix,https://www.ccecrb.fgov.be/dpics/fichiers/2024-07-26-02-14-41_CCE20231621Avissurlesclausesderevisiondesprix.pdf,D:\ccecrb_downloads\avis\2024-07-26-02-14-41_CCE20231621Avissurlesclausesderevisiondesprix.pdf
avis,Procédure pour le recouvrement de dettes d’argent à l’égard des consommateurs,Clauses abusives,29/06/2023,https://www.ccecrb.fgov.be/p/fr/1084/procedure-pour-le-recouvrement-de-dettes-d-argent-a-l-egard-des-consommateurs,https://www.ccecrb.fgov.be/dpics/fichiers/2024-07-26-02-54-58_CCE20231730AvisRecouvrementDEF.pdf,D:\ccecrb_downloads\avis\2024-07-26-02-54-58_CCE20231730AvisRecouvrementDEF.pdf
avis,Procédure pour le recouvrement de dettes d’argent à l’égard des consommateurs,Clauses abusives,29/06/2023,https://www.ccecrb.fgov.be/p/fr/1084/procedure-pour-le-recouvrement-de-dettes-d-argent-a-l-egard-des-consommateurs,https://www.ccecrb.fgov.be/dpics/fichiers/2024-07-26-02-54-13_CCE20231540Projetdeloiportantdesmesuresdanslaluttecontrelesurendettement.pdf,D:\ccecrb_downloads\avis\2024-07-26-02-54-13_CCE20231540Projetdeloiportantdesmesuresdanslaluttecontrelesurendettement.pdf
avis,Instruments de mesure pour des carburants liquides et d’autres combustibles liquides,Pratiques du commerce,26/06/2023,https://www.ccecrb.fgov.be/p/fr/1083/instruments-de-mesure-pour-des-carburants-liquides-et-d-autres-combustibles-liquides,https://www.ccecrb.fgov.be/dpics/fichiers/2024-07-26-02-01-42_CCE20231720Instrumentsdemesurepourcarburantsliquidesetautrescombustiblesliquides.pdf,D:\ccecrb_downloads\avis\2024-07-26-02-01-42_CCE20231720Instrumentsdemesurepourcarburantsliquidesetautrescombustiblesliquides.pdf
avis,Étude FORBEG,Énergie,21/06/2023,https://www.ccecrb.fgov.be/p/fr/1183/etude-forbeg,https://www.ccecrb.fgov.be/dpics/fichiers/2024-07-26-01-54-16_CCE20231604Etudeforbeg.pdf,D:\ccecrb_downloads\avis\2024-07-26-01-54-16_CCE20231604Etudeforbeg.pdf
avis,Dispositions en matière de clauses abusives et de reconduction tacit pour les associations de copropriétaires,Clauses abusives,16/06/2023,https://www.ccecrb.fgov.be/p/fr/1079/dispositions-en-matiere-de-clauses-abusives-et-de-reconduction-tacit-pour-les-associations-de-coproprietaires,https://www.ccecrb.fgov.be/dpics/fichiers/2024-07-26-01-28-28_CCE20231541Projetdedispositionlegislativedeclarantapplicablesauxassociationsdecoproprietaireslesdispositionsenmatieredeclausesabusivesetdereconductiontacite.pdf,D:\ccecrb_downloads\avis\2024-07-26-01-28-28_CCE20231541Projetdedispositionlegislativedeclarantapplicablesauxassociationsdecoproprietaireslesdispositionsenmatieredeclausesabusivesetdereconductiontacite.pdf
avis,Options de livraison pour la vente à distance,Pratiques du commerce,07/06/2023,https://www.ccecrb.fgov.be/p/fr/1072/options-de-livraison-pour-la-vente-a-distance,https://www.ccecrb.fgov.be/dpics/fichiers/2024-07-26-01-17-17_CCE20231420Avis.pdf,D:\ccecrb_downloads\avis\2024-07-26-01-17-17_CCE20231420Avis.pdf
avis,Le secteur alimentaire réagit au plan de réforme fiscale,Alimentation,06/06/2023,https://www.ccecrb.fgov.be/p/fr/1075/le-secteur-alimentaire-reagit-au-plan-de-reforme-fiscale,https://www.ccecrb.fgov.be/dpics/fichiers/2024-07-26-09-59-53_CCE20231412Secteuralimentaireplandereformefiscale.pdf,D:\ccecrb_downloads\avis\2024-07-26-09-59-53_CCE20231412Secteuralimentaireplandereformefiscale.pdf
avis,L’usage de certaines clauses dans les contrats d’intermédiaire d’immobilier conclus entre entreprises et consommateurs,Clauses abusives,06/06/2023,https://www.ccecrb.fgov.be/p/fr/1078/l-usage-de-certaines-clauses-dans-les-contrats-d-intermediaire-d-immobilier-conclus-entre-entreprises-et-consommateurs,https://www.ccecrb.fgov.be/dpics/fichiers/2024-07-26-10-20-55_CCE20231533Projetdarreteroyalrelatifalusagedecertainesclausesdanslescontratsdintermediairedimmobilierconclusentreentreprisesetconsommateur.pdf,D:\ccecrb_downloads\avis\2024-07-26-10-20-55_CCE20231533Projetdarreteroyalrelatifalusagedecertainesclausesdanslescontratsdintermediairedimmobilierconclusentreentreprisesetconsommateur.pdf
avis,Programme de travail en matière sociale et d’emploi pour la présidence belge du Conseil de l’Union européenne,Présidence belge de l’Union européenne,30/05/2023,https://www.ccecrb.fgov.be/p/fr/1070/programme-de-travail-en-matiere-sociale-et-d-emploi-pour-la-presidence-belge-du-conseil-de-l-union-europeenne,https://www.ccecrb.fgov.be/dpics/fichiers/2024-07-25-04-00-09_CCE20231375CNT2370Avis.pdf,D:\ccecrb_downloads\avis\2024-07-25-04-00-09_CCE20231375CNT2370Avis.pdf
avis,Amélioration des conditions de travail des livreurs de colis,Distribution,30/05/2023,https://www.ccecrb.fgov.be/p/fr/1071/amelioration-des-conditions-de-travail-des-livreurs-de-colis,https://www.ccecrb.fgov.be/dpics/fichiers/2024-07-26-09-29-18_CCE20230914CNT2360Avis.pdf,D:\ccecrb_downloads\avis\2024-07-26-09-29-18_CCE20230914CNT2360Avis.pdf
avis,Obligation légale de transmettre des contrats en cas de saisine,Clauses abusives,16/05/2023,https://www.ccecrb.fgov.be/p/fr/1074/obligation-legale-de-transmettre-des-contrats-en-cas-de-saisine,https://www.ccecrb.fgov.be/dpics/fichiers/2024-07-25-02-28-58_CCE20231466Obligationlegaledetransmettredescontratsencasdesaisinedelaccsclausesabusives.pdf,D:\ccecrb_downloads\avis\2024-07-25-02-28-58_CCE20231466Obligationlegaledetransmettredescontratsencasdesaisinedelaccsclausesabusives.pdf
avis,Extension de la garantie légale aux consommateurs dans le cadre d’un contrat de services,Pratiques du commerce,02/05/2023,https://www.ccecrb.fgov.be/p/fr/1063/extension-de-la-garantie-legale-aux-consommateurs-dans-le-cadre-d-un-contrat-de-services,https://www.ccecrb.fgov.be/dpics/fichiers/2024-07-25-02-22-35_CCE20231159Extensiondelagarantielegaleauxconsommateursdanslecadreduncontratdeservices.pdf,D:\ccecrb_downloads\avis\2024-07-25-02-22-35_CCE20231159Extensiondelagarantielegaleauxconsommateursdanslecadreduncontratdeservices.pdf
avis,Contribution des conseils consultatifs au Programme national de réforme 2023,Emploi et compétitivité,26/04/2023,https://www.ccecrb.fgov.be/p/fr/1062/contribution-des-conseils-consultatifs-au-programme-national-de-reforme-2023,https://www.ccecrb.fgov.be/dpics/fichiers/2024-07-25-02-18-09_CCE20231090CNTAvisPNR2.362.pdf,D:\ccecrb_downloads\avis\2024-07-25-02-18-09_CCE20231090CNTAvisPNR2.362.pdf
avis,La révision de trois arrêtés d’exécution du livre IV CDE,Concurrence,18/04/2023,https://www.ccecrb.fgov.be/p/fr/1061/la-revision-de-trois-arretes-d-execution-du-livre-iv-cde,https://www.ccecrb.fgov.be/dpics/fichiers/2025-04-22-04-04-33_CCE20231015Avissurunavantprojetd'ARportantrévisiondetroisARdexécutiondulivreIVCDE.pdf,D:\ccecrb_downloads\avis\2025-04-22-04-04-33_CCE20231015Avissurunavantprojetd'ARportantrévisiondetroisARdexécutiondulivreIVCDE.pdf
avis,La création et la gestion du Federal Learning Account dans le contexte de l’Individual Learning Account,Emploi et compétitivité,06/04/2023,https://www.ccecrb.fgov.be/p/fr/1059/la-creation-et-la-gestion-du-federal-learning-account-dans-le-contexte-de-l-individual-learning-account,https://www.ccecrb.fgov.be/dpics/fichiers/2024-07-25-12-16-55_CCE20230913Projetdeloirelatifalacreationetlagestiondufederallearningaccountfladanslecontextedelindividuallearningaccountila.pdf,D:\ccecrb_downloads\avis\2024-07-25-12-16-55_CCE20230913Projetdeloirelatifalacreationetlagestiondufederallearningaccountfladanslecontextedelindividuallearningaccountila.pdf
avis,l'Interdiction de l'exportation de certains produits chimiques dangereux,Environnement,27/03/2023,https://www.ccecrb.fgov.be/p/fr/1054/l-interdiction-de-l-exportation-de-certains-produits-chimiques-dangereux,https://www.ccecrb.fgov.be/dpics/fichiers/2023-03-30-04-19-38_CCE20230820Avis.pdf,D:\ccecrb_downloads\avis\2023-03-30-04-19-38_CCE20230820Avis.pdf
avis,La rénovation du parc locatif résidentiel et du parc de copropriétés,Énergie,22/03/2023,https://www.ccecrb.fgov.be/p/fr/1051/la-renovation-du-parc-locatif-residentiel-et-du-parc-de-coproprietes,https://www.ccecrb.fgov.be/dpics/fichiers/2024-07-25-12-00-10_CCE20230800Avis.pdf,D:\ccecrb_downloads\avis\2024-07-25-12-00-10_CCE20230800Avis.pdf
avis,"La soutenabilité financière et sociale des pensions, le deuxième pilier et la dimension familiale des pensions",Pensions,08/03/2023,https://www.ccecrb.fgov.be/p/fr/1046/la-soutenabilite-financiere-et-sociale-des-pensions-le-deuxieme-pilier-et-la-dimension-familiale-des-pensions,https://www.ccecrb.fgov.be/dpics/fichiers/2024-07-25-11-45-26_CCE20230653Soutenabilitefinanciereetsocialedespensionsledeuxiemepilieretladimensionfamilialedespensions.pdf,D:\ccecrb_downloads\avis\2024-07-25-11-45-26_CCE20230653Soutenabilitefinanciereetsocialedespensionsledeuxiemepilieretladimensionfamilialedespensions.pdf
avis,Clauses relatives à la durée et à la résiliation dans les contrats relatifs à l’utilisation des terminaux bancaires,Clauses abusives,02/03/2023,https://www.ccecrb.fgov.be/p/fr/1058/clauses-relatives-a-la-duree-et-a-la-resiliation-dans-les-contrats-relatifs-a-l-utilisation-des-terminaux-bancaires,https://www.ccecrb.fgov.be/dpics/fichiers/2024-07-25-11-37-59_CCE20230602Clausesenmatierededureeetderesiliationdanslescontratsdutilisationdeterminauxdepaiement.pdf,D:\ccecrb_downloads\avis\2024-07-25-11-37-59_CCE20230602Clausesenmatierededureeetderesiliationdanslescontratsdutilisationdeterminauxdepaiement.pdf
avis,Les concessions pour la distribution de journaux et périodiques reconnus,Papier,01/03/2023,https://www.ccecrb.fgov.be/p/fr/1050/les-concessions-pour-la-distribution-de-journaux-et-periodiques-reconnus,https://www.ccecrb.fgov.be/dpics/fichiers/2024-07-25-11-27-18_CCE20230552Concessionspourladistributiondejournauxetperiodiquesreconnus20242028.pdf,D:\ccecrb_downloads\avis\2024-07-25-11-27-18_CCE20230552Concessionspourladistributiondejournauxetperiodiquesreconnus20242028.pdf
avis,La révision du Plan National Énergie-Climat 2030,Énergie,16/02/2023,https://www.ccecrb.fgov.be/p/fr/1043/la-revision-du-plan-national-energie-climat-2030,https://www.ccecrb.fgov.be/dpics/fichiers/2024-07-25-11-12-15_CCE20230301Revisionduplannationalenergieclimat2030.pdf,D:\ccecrb_downloads\avis\2024-07-25-11-12-15_CCE20230301Revisionduplannationalenergieclimat2030.pdf
avis,Prime de pouvoir d’achat,Pratiques du commerce,14/02/2023,https://www.ccecrb.fgov.be/p/fr/1042/prime-de-pouvoir-d-achat,https://www.ccecrb.fgov.be/dpics/fichiers/2024-07-25-10-57-10_CCE20230380Projetdarreteroyalconcernantlaprimepouvoirdachat.pdf,D:\ccecrb_downloads\avis\2024-07-25-10-57-10_CCE20230380Projetdarreteroyalconcernantlaprimepouvoirdachat.pdf
avis,Vers de nouvelles règles pour les ventes groupées et pour le délai de zérotage pour les contrats de crédit,Services financiers,10/02/2023,https://www.ccecrb.fgov.be/p/fr/1041/vers-de-nouvelles-regles-pour-les-ventes-groupees-et-pour-le-delai-de-zerotage-pour-les-contrats-de-credit,https://www.ccecrb.fgov.be/dpics/fichiers/2024-07-25-10-52-16_CCE20230340Ventesgroupeesetdelaidezerotagepourlescontratsdecredit.pdf,D:\ccecrb_downloads\avis\2024-07-25-10-52-16_CCE20230340Ventesgroupeesetdelaidezerotagepourlescontratsdecredit.pdf
avis,Les nouveaux tarifs et les abonnements flexibles de la SNCB,Mobilité,24/01/2023,https://www.ccecrb.fgov.be/p/fr/1037/les-nouveaux-tarifs-et-les-abonnements-flexibles-de-la-sncb,https://www.ccecrb.fgov.be/dpics/fichiers/2023-01-24-05-02-41_doc230123fr.pdf,D:\ccecrb_downloads\avis\2023-01-24-05-02-41_doc230123fr.pdf
avis,Promouvoir l’usage du vélo pour les déplacements domicile-travail,Mobilité,24/01/2023,https://www.ccecrb.fgov.be/p/fr/1039/promouvoir-l-usage-du-velo-pour-les-deplacements-domicile-travail,https://www.ccecrb.fgov.be/dpics/fichiers/2023-01-25-12-03-37_doc230175fr.pdf,D:\ccecrb_downloads\avis\2023-01-25-12-03-37_doc230175fr.pdf
avis,La productivité à l’épreuve des crises sanitaire et énergétique,Emploi et compétitivité,21/12/2022,https://www.ccecrb.fgov.be/p/fr/1033/la-productivite-a-l-epreuve-des-crises-sanitaire-et-energetique,https://www.ccecrb.fgov.be/dpics/fichiers/2022-12-22-01-46-33_doc223280fr.pdf,D:\ccecrb_downloads\avis\2022-12-22-01-46-33_doc223280fr.pdf
avis,"Le rapport du Service de lutte contre la pauvreté, la précarité et l’exclusion sociale",Emploi et compétitivité,20/12/2022,https://www.ccecrb.fgov.be/p/fr/1034/le-rapport-du-service-de-lutte-contre-la-pauvrete-la-precarite-et-l-exclusion-sociale,https://www.ccecrb.fgov.be/dpics/fichiers/2022-12-22-01-52-08_doc223301fr.pdf,D:\ccecrb_downloads\avis\2022-12-22-01-52-08_doc223301fr.pdf
avis,"Transformations, fusions et scissions transfrontalières - Protection des travailleurs",Organisation de l'économie,20/12/2022,https://www.ccecrb.fgov.be/p/fr/1036/transformations-fusions-et-scissions-transfrontalieres-protection-des-travailleurs,https://www.ccecrb.fgov.be/dpics/fichiers/2022-12-22-02-26-24_doc223300fr.pdf,D:\ccecrb_downloads\avis\2022-12-22-02-26-24_doc223300fr.pdf
avis,Crise en Ukraine : certaines clauses dans la chaîne agricole et alimentaire,Clauses abusives,15/12/2022,https://www.ccecrb.fgov.be/p/fr/1031/crise-en-ukraine-certaines-clauses-dans-la-chaine-agricole-et-alimentaire,https://www.ccecrb.fgov.be/dpics/fichiers/2022-12-15-10-01-38_CCE20223060Avis.pdf,D:\ccecrb_downloads\avis\2022-12-15-10-01-38_CCE20223060Avis.pdf
avis,Budget mobilité : préciser le calcul et accorder l’indexation,Mobilité,29/11/2022,https://www.ccecrb.fgov.be/p/fr/1030/budget-mobilite-preciser-le-calcul-et-accorder-l-indexation,https://www.ccecrb.fgov.be/dpics/fichiers/2022-11-30-11-40-17_doc223051fr.pdf,D:\ccecrb_downloads\avis\2022-11-30-11-40-17_doc223051fr.pdf
avis,Budget mobilité : préciser le calcul et accorder l’indexation,Mobilité,29/11/2022,https://www.ccecrb.fgov.be/p/fr/1030/budget-mobilite-preciser-le-calcul-et-accorder-l-indexation,https://www.ccecrb.fgov.be/dpics/fichiers/2022-11-30-11-38-51_doc223050fr.pdf,D:\ccecrb_downloads\avis\2022-11-30-11-38-51_doc223050fr.pdf
avis,Restrictions sur la commercialisation de monnaies virtuelles auprès des consommateurs,Services financiers,21/11/2022,https://www.ccecrb.fgov.be/p/fr/1028/restrictions-sur-la-commercialisation-de-monnaies-virtuelles-aupres-des-consommateurs,https://www.ccecrb.fgov.be/dpics/fichiers/2022-11-21-01-42-45_CCE20222930Avis.pdf,D:\ccecrb_downloads\avis\2022-11-21-01-42-45_CCE20222930Avis.pdf
avis,Actions représentatives visant à protéger les intérêts collectifs des consommateurs et des PME,Pratiques du commerce,21/11/2022,https://www.ccecrb.fgov.be/p/fr/1029/actions-representatives-visant-a-proteger-les-interets-collectifs-des-consommateurs-et-des-pme,https://www.ccecrb.fgov.be/dpics/fichiers/2022-11-21-01-44-12_CCE20222910Avis.pdf,D:\ccecrb_downloads\avis\2022-11-21-01-44-12_CCE20222910Avis.pdf
avis,"Vers des marchés publics plus durables, qui soutiennent l’activité et l’emploi local",Emploi et compétitivité,03/11/2022,https://www.ccecrb.fgov.be/p/fr/1020/vers-des-marches-publics-plus-durables-qui-soutiennent-l-activite-et-l-emploi-local,https://www.ccecrb.fgov.be/dpics/fichiers/2022-11-03-09-29-47_CCE20222610AvisMarchéspublicsdurablesDEF.pdf,D:\ccecrb_downloads\avis\2022-11-03-09-29-47_CCE20222610AvisMarchéspublicsdurablesDEF.pdf
avis,Frais de publicité des comptes annuels et autres documents à déposer,Organisation de l'économie,26/10/2022,https://www.ccecrb.fgov.be/p/fr/1018/frais-de-publicite-des-comptes-annuels-et-autres-documents-a-deposer,https://www.ccecrb.fgov.be/dpics/fichiers/2022-10-26-11-17-54_CCE20222700Avis.pdf,D:\ccecrb_downloads\avis\2022-10-26-11-17-54_CCE20222700Avis.pdf
avis,Des conditions de concurrence équitables dans le secteur de la livraison de colis,Emploi et compétitivité,25/10/2022,https://www.ccecrb.fgov.be/p/fr/1024/des-conditions-de-concurrence-equitables-dans-le-secteur-de-la-livraison-de-colis,https://www.ccecrb.fgov.be/dpics/fichiers/2022-11-08-05-15-36_CCE20222600CNT2.321DEFSIte.pdf,D:\ccecrb_downloads\avis\2022-11-08-05-15-36_CCE20222600CNT2.321DEFSIte.pdf
avis,Communications téléphoniques non souhaitées dans le cadre du marketing direct,Pratiques du commerce,20/10/2022,https://www.ccecrb.fgov.be/p/fr/1016/communications-telephoniques-non-souhaitees-dans-le-cadre-du-marketing-direct,https://www.ccecrb.fgov.be/dpics/fichiers/2022-10-20-03-31-46_CCE20222570Avis.pdf,D:\ccecrb_downloads\avis\2022-10-20-03-31-46_CCE20222570Avis.pdf
avis,"Procédure de réactivation des titres-repas, éco-chèques et chèques consommation électroniques",Pratiques du commerce,06/10/2022,https://www.ccecrb.fgov.be/p/fr/1015/procedure-de-reactivation-des-titres-repas-eco-cheques-et-cheques-consommation-electroniques,https://www.ccecrb.fgov.be/dpics/fichiers/2022-10-11-10-27-24_CCE20222420Avis.pdf,D:\ccecrb_downloads\avis\2022-10-11-10-27-24_CCE20222420Avis.pdf
avis,Comptes consolidés des entreprises d'assurance et de réassurance,Organisation de l'économie,23/09/2022,https://www.ccecrb.fgov.be/p/fr/1012/comptes-consolides-des-entreprises-d-assurance-et-de-reassurance,https://www.ccecrb.fgov.be/dpics/fichiers/2022-09-23-03-38-20_CCE20222160AvisComptesconsolidésdesentreprises.pdf,D:\ccecrb_downloads\avis\2022-09-23-03-38-20_CCE20222160AvisComptesconsolidésdesentreprises.pdf
avis,Pour une poursuite du développement de l’eBox,Digitalisation,22/09/2022,https://www.ccecrb.fgov.be/p/fr/1011/pour-une-poursuite-du-developpement-de-l-ebox,https://www.ccecrb.fgov.be/dpics/fichiers/2022-09-22-03-16-01_CCE20222255Échangeélectroniquedemessages.pdf,D:\ccecrb_downloads\avis\2022-09-22-03-16-01_CCE20222255Échangeélectroniquedemessages.pdf
avis,Articles pyrotechniques,Pratiques du commerce,13/09/2022,https://www.ccecrb.fgov.be/p/fr/1002/articles-pyrotechniques,https://www.ccecrb.fgov.be/dpics/fichiers/2022-09-14-11-36-25_CCE20222130Avisarticlespyrotechniques.pdf,D:\ccecrb_downloads\avis\2022-09-14-11-36-25_CCE20222130Avisarticlespyrotechniques.pdf
avis,Consommateurs et secteur de la construction,Pratiques du commerce,12/09/2022,https://www.ccecrb.fgov.be/p/fr/1001/consommateurs-et-secteur-de-la-construction,https://www.ccecrb.fgov.be/dpics/fichiers/2022-09-12-03-54-11_CCE20222050Consommateursetsecteurdelaconstruction.pdf,D:\ccecrb_downloads\avis\2022-09-12-03-54-11_CCE20222050Consommateursetsecteurdelaconstruction.pdf
avis,Conditions restrictives à la vente de contrats d’assurance portant sur les appareils multimédias,Services financiers,15/07/2022,https://www.ccecrb.fgov.be/p/fr/995/conditions-restrictives-a-la-vente-de-contrats-d-assurance-portant-sur-les-appareils-multimedias,https://www.ccecrb.fgov.be/dpics/fichiers/2022-07-15-10-34-06_CCE20221820DEFsite.pdf,D:\ccecrb_downloads\avis\2022-07-15-10-34-06_CCE20221820DEFsite.pdf
avis,Vers des nouveaux contrats de gestion et de plans pluriannuels d’investissement pour la SNCB et Infrabel,Mobilité,13/07/2022,https://www.ccecrb.fgov.be/p/fr/993/vers-des-nouveaux-contrats-de-gestion-et-de-plans-pluriannuels-d-investissement-pour-la-sncb-et-infrabel,https://www.ccecrb.fgov.be/dpics/fichiers/2022-07-13-08-36-11_CCE20221750CNTAvis2.307CFDD2022a09AviscontratsdegestionetdeplanspluriannuelsdinvestissementSNCBetinfrabelsiteweb.pdf,D:\ccecrb_downloads\avis\2022-07-13-08-36-11_CCE20221750CNTAvis2.307CFDD2022a09AviscontratsdegestionetdeplanspluriannuelsdinvestissementSNCBetinfrabelsiteweb.pdf
avis,Dettes du consommateur,Clauses abusives,08/07/2022,https://www.ccecrb.fgov.be/p/fr/990/dettes-du-consommateur,https://www.ccecrb.fgov.be/dpics/fichiers/2022-07-12-11-56-28_CCE20221790DettesduconsommateurCCSconsommation.pdf,D:\ccecrb_downloads\avis\2022-07-12-11-56-28_CCE20221790DettesduconsommateurCCSconsommation.pdf
avis,Dettes du consommateur,Clauses abusives,08/07/2022,https://www.ccecrb.fgov.be/p/fr/990/dettes-du-consommateur,https://www.ccecrb.fgov.be/dpics/fichiers/2022-07-12-11-57-28_CCE20221700DettesduconsommateurClausesabusives.pdf,D:\ccecrb_downloads\avis\2022-07-12-11-57-28_CCE20221700DettesduconsommateurClausesabusives.pdf
avis,Actualisation du Plan Fédéral Énergie-Climat,Énergie,04/07/2022,https://www.ccecrb.fgov.be/p/fr/988/actualisation-du-plan-federal-energie-climat,https://www.ccecrb.fgov.be/dpics/fichiers/2022-07-04-09-15-14_CCE20221590.pdf,D:\ccecrb_downloads\avis\2022-07-04-09-15-14_CCE20221590.pdf
avis,Vente en porte-à-porte de contrats énergétiques,Pratiques du commerce,20/06/2022,https://www.ccecrb.fgov.be/p/fr/987/vente-en-porte-a-porte-de-contrats-energetiques,https://www.ccecrb.fgov.be/dpics/fichiers/2022-06-23-10-35-28_CCE20221550Avisdefsite.pdf,D:\ccecrb_downloads\avis\2022-06-23-10-35-28_CCE20221550Avisdefsite.pdf
avis,Exigences en matière d’accessibilité applicables aux produits et services,Pratiques du commerce,18/05/2022,https://www.ccecrb.fgov.be/p/fr/979/exigences-en-matiere-d-accessibilite-applicables-aux-produits-et-services,https://www.ccecrb.fgov.be/dpics/fichiers/2022-05-20-09-36-42_CCE20221250Accessibilitéproduitsetservices.pdf,D:\ccecrb_downloads\avis\2022-05-20-09-36-42_CCE20221250Accessibilitéproduitsetservices.pdf
avis,Sécurité des ascenseurs,Pratiques du commerce,16/05/2022,https://www.ccecrb.fgov.be/p/fr/976/securite-des-ascenseurs,https://www.ccecrb.fgov.be/dpics/fichiers/2022-05-16-02-03-48_CCE20221209AvisAscenseurs..pdf,D:\ccecrb_downloads\avis\2022-05-16-02-03-48_CCE20221209AvisAscenseurs..pdf
avis,Maîtrise de l’organisation au Bureau fédéral du plan,Organisation de l'économie,28/04/2022,https://www.ccecrb.fgov.be/p/fr/975/maitrise-de-l-organisation-au-bureau-federal-du-plan,https://www.ccecrb.fgov.be/dpics/fichiers/2022-05-11-04-21-25_CCE20221080Avisadapté.pdf,D:\ccecrb_downloads\avis\2022-05-11-04-21-25_CCE20221080Avisadapté.pdf
avis,Éléments d’une vision interfédérale en matière de Mobility as a Service,Mobilité,19/04/2022,https://www.ccecrb.fgov.be/p/fr/970/elements-d-une-vision-interfederale-en-matiere-de-mobility-as-a-service,https://www.ccecrb.fgov.be/dpics/fichiers/2022-04-20-09-53-08_doc220930fr.pdf,D:\ccecrb_downloads\avis\2022-04-20-09-53-08_doc220930fr.pdf
avis,Réforme de la gouvernance économique européenne,Emploi et compétitivité,15/04/2022,https://www.ccecrb.fgov.be/p/fr/974/reforme-de-la-gouvernance-economique-europeenne,https://www.ccecrb.fgov.be/dpics/fichiers/2022-04-19-05-02-29_doc220950fr.pdf,D:\ccecrb_downloads\avis\2022-04-19-05-02-29_doc220950fr.pdf
avis,Le Car-Pass devient « future-proof »,Pratiques du commerce,01/04/2022,https://www.ccecrb.fgov.be/p/fr/967/le-car-pass-devient-future-proof-,https://www.ccecrb.fgov.be/dpics/fichiers/2022-04-01-01-47-52_doc220870fr.pdf,D:\ccecrb_downloads\avis\2022-04-01-01-47-52_doc220870fr.pdf
avis,Contribution des conseils consultatifs au Programme national de réforme 2022,Emploi et compétitivité,29/03/2022,https://www.ccecrb.fgov.be/p/fr/966/contribution-des-conseils-consultatifs-au-programme-national-de-reforme-2022,https://www.ccecrb.fgov.be/dpics/fichiers/2022-03-30-04-28-54_doc22830fr.pdf,D:\ccecrb_downloads\avis\2022-03-30-04-28-54_doc22830fr.pdf
avis,Acceptation des paiements en espèces,Pratiques du commerce,28/03/2022,https://www.ccecrb.fgov.be/p/fr/965/acceptation-des-paiements-en-especes,https://www.ccecrb.fgov.be/dpics/fichiers/2022-03-28-03-57-30_CCE20220800DEFsite.pdf,D:\ccecrb_downloads\avis\2022-03-28-03-57-30_CCE20220800DEFsite.pdf
avis,"Le logement abordable, durable et de qualité",Construction,25/03/2022,https://www.ccecrb.fgov.be/p/fr/972/le-logement-abordable-durable-et-de-qualite,https://www.ccecrb.fgov.be/dpics/fichiers/2022-04-13-02-37-24_CCE20220868DEFAvisLogementSite.pdf,D:\ccecrb_downloads\avis\2022-04-13-02-37-24_CCE20220868DEFAvisLogementSite.pdf
avis,Négociation collective des indépendants sans salariés,Concurrence,23/03/2022,https://www.ccecrb.fgov.be/p/fr/964/negociation-collective-des-independants-sans-salaries,https://www.ccecrb.fgov.be/dpics/fichiers/2022-03-24-01-55-16_CCE20220790AvisDEF.pdf,D:\ccecrb_downloads\avis\2022-03-24-01-55-16_CCE20220790AvisDEF.pdf
avis,Petits tournebroches individuels,Pratiques du commerce,09/03/2022,https://www.ccecrb.fgov.be/p/fr/961/petits-tournebroches-individuels,https://www.ccecrb.fgov.be/dpics/fichiers/2022-03-09-02-33-18_CCE20220598Petitstournebrochesindividuels.pdf,D:\ccecrb_downloads\avis\2022-03-09-02-33-18_CCE20220598Petitstournebrochesindividuels.pdf
avis,Le projet de vision du rail 2040,Mobilité,09/03/2022,https://www.ccecrb.fgov.be/p/fr/962/le-projet-de-vision-du-rail-2040,https://www.ccecrb.fgov.be/dpics/fichiers/2022-03-14-04-20-38_doc220600fr.pdf,D:\ccecrb_downloads\avis\2022-03-14-04-20-38_doc220600fr.pdf
avis,Jalons pour une nouvelle politique tarifaire de la SNCB,Mobilité,26/01/2022,https://www.ccecrb.fgov.be/p/fr/948/jalons-pour-une-nouvelle-politique-tarifaire-de-la-sncb,https://www.ccecrb.fgov.be/dpics/fichiers/2022-01-27-09-17-29_doc220190fr.pdf,D:\ccecrb_downloads\avis\2022-01-27-09-17-29_doc220190fr.pdf
avis,Les abonnements flexibles comme leviers d’un accroissement des déplacements domicile-travail en train,Mobilité,26/01/2022,https://www.ccecrb.fgov.be/p/fr/949/les-abonnements-flexibles-comme-leviers-d-un-accroissement-des-deplacements-domicile-travail-en-train,https://www.ccecrb.fgov.be/dpics/fichiers/2022-01-27-09-19-39_doc22200fr.pdf,D:\ccecrb_downloads\avis\2022-01-27-09-19-39_doc22200fr.pdf
avis,Encourager l’usage du train via une nouvelle politique tarifaire et des abonnements flexibles,Mobilité,26/01/2022,https://www.ccecrb.fgov.be/p/fr/952/encourager-l-usage-du-train-via-une-nouvelle-politique-tarifaire-et-des-abonnements-flexibles,https://www.ccecrb.fgov.be/dpics/fichiers/2022-01-27-09-23-47_doc22200fr.pdf,D:\ccecrb_downloads\avis\2022-01-27-09-23-47_doc22200fr.pdf
avis,Encourager l’usage du train via une nouvelle politique tarifaire et des abonnements flexibles,Mobilité,26/01/2022,https://www.ccecrb.fgov.be/p/fr/952/encourager-l-usage-du-train-via-une-nouvelle-politique-tarifaire-et-des-abonnements-flexibles,https://www.ccecrb.fgov.be/dpics/fichiers/2022-01-27-09-23-12_doc220190fr.pdf,D:\ccecrb_downloads\avis\2022-01-27-09-23-12_doc220190fr.pdf
avis,Consultation européenne sur le réexamen de la gouvernance économique européenne,Emploi et compétitivité,22/12/2021,https://www.ccecrb.fgov.be/p/fr/937/consultation-europeenne-sur-le-reexamen-de-la-gouvernance-economique-europeenne,https://www.ccecrb.fgov.be/dpics/fichiers/2022-01-03-08-43-57_CCE20213530AvisRéexamendelagouvernanceéconomiqueeuropéenne.pdf,D:\ccecrb_downloads\avis\2022-01-03-08-43-57_CCE20213530AvisRéexamendelagouvernanceéconomiqueeuropéenne.pdf
avis,Principes de base pour la vision du rail 2040,Mobilité,21/12/2021,https://www.ccecrb.fgov.be/p/fr/942/principes-de-base-pour-la-vision-du-rail-2040,https://www.ccecrb.fgov.be/dpics/fichiers/2021-12-22-10-14-24_CCE20213440CNT2.259AvisPrincipesdebasepourlavisiondurail2040.pdf,D:\ccecrb_downloads\avis\2021-12-22-10-14-24_CCE20213440CNT2.259AvisPrincipesdebasepourlavisiondurail2040.pdf
avis,La responsabilité en matière d’intelligence artificielle,Digitalisation,16/12/2021,https://www.ccecrb.fgov.be/p/fr/940/la-responsabilite-en-matiere-d-intelligence-artificielle,https://www.ccecrb.fgov.be/dpics/fichiers/2021-12-17-11-17-08_CCE20213400DEF.pdf,D:\ccecrb_downloads\avis\2021-12-17-11-17-08_CCE20213400DEF.pdf
avis,Vers un régime distinct pour la vente d'animaux vivants,Pratiques du commerce,16/12/2021,https://www.ccecrb.fgov.be/p/fr/943/vers-un-regime-distinct-pour-la-vente-d-animaux-vivants,https://www.ccecrb.fgov.be/dpics/fichiers/2021-12-23-04-48-44_CCE20213415Avisanimauxvivants.pdf,D:\ccecrb_downloads\avis\2021-12-23-04-48-44_CCE20213415Avisanimauxvivants.pdf
avis,Informations obligatoires à fournir au conseil d’entreprise dans le cadre de la transformation de l’entité,Organisation de l'économie,30/11/2021,https://www.ccecrb.fgov.be/p/fr/930/informations-obligatoires-a-fournir-au-conseil-d-entreprise-dans-le-cadre-de-la-transformation-de-l-entite,https://www.ccecrb.fgov.be/dpics/fichiers/2021-11-30-03-38-28_CCE20213150Avis.pdf,D:\ccecrb_downloads\avis\2021-11-30-03-38-28_CCE20213150Avis.pdf
avis,Transposition de la directive ‘Lanceurs d’alerte ‘,Organisation de l'économie,30/11/2021,https://www.ccecrb.fgov.be/p/fr/936/transposition-de-la-directive-lanceurs-d-alerte-,https://www.ccecrb.fgov.be/dpics/fichiers/2021-12-01-04-11-31_doc213208fr.pdf,D:\ccecrb_downloads\avis\2021-12-01-04-11-31_doc213208fr.pdf
avis,Obligation d'une mise à disposition d’un moyen de paiement électronique,Pratiques du commerce,17/11/2021,https://www.ccecrb.fgov.be/p/fr/928/obligation-d-une-mise-a-disposition-d-un-moyen-de-paiement-electronique,https://www.ccecrb.fgov.be/dpics/fichiers/2021-11-17-01-42-53_CCE20213090DEFsite.pdf,D:\ccecrb_downloads\avis\2021-11-17-01-42-53_CCE20213090DEFsite.pdf
avis,Début du délai de paiement des factures des consommateurs,Pratiques du commerce,09/11/2021,https://www.ccecrb.fgov.be/p/fr/922/debut-du-delai-de-paiement-des-factures-des-consommateurs,https://www.ccecrb.fgov.be/dpics/fichiers/2021-11-10-02-29-13_CCE20213050DEFSite.pdf,D:\ccecrb_downloads\avis\2021-11-10-02-29-13_CCE20213050DEFSite.pdf
avis,Bornes de recharge intelligentes et commandables pour voitures électriques,Pratiques du commerce,27/10/2021,https://www.ccecrb.fgov.be/p/fr/917/bornes-de-recharge-intelligentes-et-commandables-pour-voitures-electriques,https://www.ccecrb.fgov.be/dpics/fichiers/2021-10-27-03-22-11_CCE20212970Avis.pdf,D:\ccecrb_downloads\avis\2021-10-27-03-22-11_CCE20212970Avis.pdf
avis,Appareils à vapeur,Pratiques du commerce,12/10/2021,https://www.ccecrb.fgov.be/p/fr/915/appareils-a-vapeur,https://www.ccecrb.fgov.be/dpics/fichiers/2021-10-12-12-11-48_CCE20212900def.pdf,D:\ccecrb_downloads\avis\2021-10-12-12-11-48_CCE20212900def.pdf
avis,Budget mobilité et verdissement fiscal et social de la mobilité,Mobilité,28/09/2021,https://www.ccecrb.fgov.be/p/fr/907/budget-mobilite-et-verdissement-fiscal-et-social-de-la-mobilite,https://www.ccecrb.fgov.be/dpics/fichiers/2021-09-29-11-36-20_doc212650fr.pdf,D:\ccecrb_downloads\avis\2021-09-29-11-36-20_doc212650fr.pdf
avis,Accroître la transparence via un agenda de la réglementation,Organisation de l'économie,28/09/2021,https://www.ccecrb.fgov.be/p/fr/908/accroitre-la-transparence-via-un-agenda-de-la-reglementation,https://www.ccecrb.fgov.be/dpics/fichiers/2021-09-29-01-27-51_CCE20212710DEF.pdf,D:\ccecrb_downloads\avis\2021-09-29-01-27-51_CCE20212710DEF.pdf
avis,Accroitre la productivité pour rencontrer les défis de demain,Emploi et compétitivité,28/09/2021,https://www.ccecrb.fgov.be/p/fr/910/accroitre-la-productivite-pour-rencontrer-les-defis-de-demain,https://www.ccecrb.fgov.be/dpics/fichiers/2021-10-12-10-56-20_CCE20212780AvisportantsurlerapportannuelduConseilnationaldelaproductivité.pdf,D:\ccecrb_downloads\avis\2021-10-12-10-56-20_CCE20212780AvisportantsurlerapportannuelduConseilnationaldelaproductivité.pdf
avis,Pour le passage total aux éco-chèques électroniques,Pratiques du commerce,14/09/2021,https://www.ccecrb.fgov.be/p/fr/904/pour-le-passage-total-aux-eco-cheques-electroniques,https://www.ccecrb.fgov.be/dpics/fichiers/2021-09-14-02-58-17_CCE20212600def.pdf,D:\ccecrb_downloads\avis\2021-09-14-02-58-17_CCE20212600def.pdf
avis,Vers une modernisation des droits des consommateurs,Pratiques du commerce,08/09/2021,https://www.ccecrb.fgov.be/p/fr/896/vers-une-modernisation-des-droits-des-consommateurs,https://www.ccecrb.fgov.be/dpics/fichiers/2021-09-08-11-25-09_doc212500fr.pdf,D:\ccecrb_downloads\avis\2021-09-08-11-25-09_doc212500fr.pdf
avis,Obligations d'achat dans les contrats entre brasseurs-negociants en boissons et l'horeca,Clauses abusives,03/08/2021,https://www.ccecrb.fgov.be/p/fr/888/obligations-d-achat-dans-les-contrats-entre-brasseurs-negociants-en-boissons-et-l-horeca,https://www.ccecrb.fgov.be/dpics/fichiers/2021-08-04-04-09-50_CCE20212400DEF.pdf,D:\ccecrb_downloads\avis\2021-08-04-04-09-50_CCE20212400DEF.pdf
avis,Contrôles arithmétiques et logiques des comptes annuels et l'utilisation de l’eBox,Organisation de l'économie,15/07/2021,https://www.ccecrb.fgov.be/p/fr/880/controles-arithmetiques-et-logiques-des-comptes-annuels-et-l-utilisation-de-l-ebox,https://www.ccecrb.fgov.be/dpics/fichiers/2021-07-15-01-25-00_CCE20212190Avis.pdf,D:\ccecrb_downloads\avis\2021-07-15-01-25-00_CCE20212190Avis.pdf
avis,Application de l’AR de 1973 dans les entreprises de droit étranger,Organisation de l'économie,15/07/2021,https://www.ccecrb.fgov.be/p/fr/881/application-de-l-ar-de-1973-dans-les-entreprises-de-droit-etranger,https://www.ccecrb.fgov.be/dpics/fichiers/2021-07-15-01-21-26_CCE20212191Avis.pdf,D:\ccecrb_downloads\avis\2021-07-15-01-21-26_CCE20212191Avis.pdf
avis,Vers une facture énergétique simplifiée et clarifiée,Pratiques du commerce,06/07/2021,https://www.ccecrb.fgov.be/p/fr/878/vers-une-facture-energetique-simplifiee-et-clarifiee,https://www.ccecrb.fgov.be/dpics/fichiers/2021-07-07-01-36-25_CCE20212130Avis.pdf,D:\ccecrb_downloads\avis\2021-07-07-01-36-25_CCE20212130Avis.pdf
avis,Vers de nouveaux contrats de gestion pour la SNCB et Infrabel,Mobilité,29/06/2021,https://www.ccecrb.fgov.be/p/fr/875/vers-de-nouveaux-contrats-de-gestion-pour-la-sncb-et-infrabel,https://www.ccecrb.fgov.be/dpics/fichiers/2021-07-01-03-24-06_doc212000fr.pdf,D:\ccecrb_downloads\avis\2021-07-01-03-24-06_doc212000fr.pdf
avis,Les abonnements flexibles de la SNCB,Mobilité,29/06/2021,https://www.ccecrb.fgov.be/p/fr/876/les-abonnements-flexibles-de-la-sncb,https://www.ccecrb.fgov.be/dpics/fichiers/2021-07-05-08-27-00_doc212001fr.pdf,D:\ccecrb_downloads\avis\2021-07-05-08-27-00_doc212001fr.pdf
avis,Vision du secteur concernant l’avant-projet de plan fédéral de développement durable 2021-2025,Papier,17/06/2021,https://www.ccecrb.fgov.be/p/fr/868/vision-du-secteur-concernant-l-avant-projet-de-plan-federal-de-developpement-durable-2021-2025,https://www.ccecrb.fgov.be/dpics/fichiers/2021-06-21-04-45-14_doc211846fr.pdf,D:\ccecrb_downloads\avis\2021-06-21-04-45-14_doc211846fr.pdf
avis,Indicateurs de la qualité de l’emploi et de la concertation collective,Emploi et compétitivité,07/06/2021,https://www.ccecrb.fgov.be/p/fr/865/indicateurs-de-la-qualite-de-l-emploi-et-de-la-concertation-collective,https://www.ccecrb.fgov.be/dpics/fichiers/2021-06-07-03-16-25_CommuniquédepresseavisSDG8du07062021.pdf,D:\ccecrb_downloads\avis\2021-06-07-03-16-25_CommuniquédepresseavisSDG8du07062021.pdf
avis,Indicateurs de la qualité de l’emploi et de la concertation collective,Emploi et compétitivité,07/06/2021,https://www.ccecrb.fgov.be/p/fr/865/indicateurs-de-la-qualite-de-l-emploi-et-de-la-concertation-collective,https://www.ccecrb.fgov.be/dpics/fichiers/2021-06-09-11-01-12_doc211657fr.pdf,D:\ccecrb_downloads\avis\2021-06-09-11-01-12_doc211657fr.pdf
avis,Réglementer les géants du numérique,Concurrence,03/06/2021,https://www.ccecrb.fgov.be/p/fr/866/reglementer-les-geants-du-numerique,https://www.ccecrb.fgov.be/dpics/fichiers/2021-06-07-01-54-28_CCE20211600DEF.pdf,D:\ccecrb_downloads\avis\2021-06-07-01-54-28_CCE20211600DEF.pdf
avis,Conditions générales dans le secteur postal,Clauses abusives,28/05/2021,https://www.ccecrb.fgov.be/p/fr/887/conditions-generales-dans-le-secteur-postal,https://www.ccecrb.fgov.be/dpics/fichiers/2021-07-28-09-45-57_CCE20212220Avis.pdf,D:\ccecrb_downloads\avis\2021-07-28-09-45-57_CCE20212220Avis.pdf
avis,Transposition des directives européennes concernant la vente aux consommateurs,Pratiques du commerce,21/05/2021,https://www.ccecrb.fgov.be/p/fr/855/transposition-des-directives-europeennes-concernant-la-vente-aux-consommateurs,https://www.ccecrb.fgov.be/dpics/fichiers/2021-05-21-02-40-15_CCE20211420def.pdf,D:\ccecrb_downloads\avis\2021-05-21-02-40-15_CCE20211420def.pdf
avis,Évaluation du caractère fidèle et suffisant des données financières et comptables,Organisation de l'économie,18/05/2021,https://www.ccecrb.fgov.be/p/fr/853/evaluation-du-caractere-fidele-et-suffisant-des-donnees-financieres-et-comptables,https://www.ccecrb.fgov.be/dpics/fichiers/2021-05-12-08-53-14_doc211330fr.pdf,D:\ccecrb_downloads\avis\2021-05-12-08-53-14_doc211330fr.pdf
avis,La dénomination et les caractéristiques des carburants alternatifs,Environnement,17/05/2021,https://www.ccecrb.fgov.be/p/fr/854/la-denomination-et-les-caracteristiques-des-carburants-alternatifs,https://www.ccecrb.fgov.be/dpics/fichiers/2021-05-18-09-34-38_CCE20211300Ladénominationetlescaractéristiquesdescarburantsalternatifs.pdf,D:\ccecrb_downloads\avis\2021-05-18-09-34-38_CCE20211300Ladénominationetlescaractéristiquesdescarburantsalternatifs.pdf
avis,L’édition 2021 du diagnostic fédéral sur les déplacements domicile-travail,Mobilité,11/05/2021,https://www.ccecrb.fgov.be/p/fr/844/l-edition-2021-du-diagnostic-federal-sur-les-deplacements-domicile-travail,https://www.ccecrb.fgov.be/dpics/fichiers/2021-05-11-05-07-35_doc211340fr.pdf,D:\ccecrb_downloads\avis\2021-05-11-05-07-35_doc211340fr.pdf
avis,Les priorités pour améliorer la formation et l’emploi à l’horizon 2030,Construction,10/05/2021,https://www.ccecrb.fgov.be/p/fr/856/les-priorites-pour-ameliorer-la-formation-et-l-emploi-a-l-horizon-2030,https://www.ccecrb.fgov.be/dpics/fichiers/2021-05-20-03-17-58_comdepresse20211421.pdf,D:\ccecrb_downloads\avis\2021-05-20-03-17-58_comdepresse20211421.pdf
avis,Les priorités pour améliorer la formation et l’emploi à l’horizon 2030,Construction,10/05/2021,https://www.ccecrb.fgov.be/p/fr/856/les-priorites-pour-ameliorer-la-formation-et-l-emploi-a-l-horizon-2030,https://www.ccecrb.fgov.be/dpics/fichiers/2021-05-20-10-49-54_CCE20211301Avisdef.pdf,D:\ccecrb_downloads\avis\2021-05-20-10-49-54_CCE20211301Avisdef.pdf
avis,Adaptations au bien-être des prestations sociales dans le régime des indépendants pour la période 2021-2022,Emploi et compétitivité,29/04/2021,https://www.ccecrb.fgov.be/p/fr/851/adaptations-au-bien-etre-des-prestations-sociales-dans-le-regime-des-independants-pour-la-periode-2021-2022,https://www.ccecrb.fgov.be/dpics/fichiers/2021-05-03-11-58-00_doc211260fr.pdf,D:\ccecrb_downloads\avis\2021-05-03-11-58-00_doc211260fr.pdf
avis,Les interlocuteurs sociaux se prononcent sur la répartition de l'enveloppe bien-être,Emploi et compétitivité,19/04/2021,https://www.ccecrb.fgov.be/p/fr/846/les-interlocuteurs-sociaux-se-prononcent-sur-la-repartition-de-l-enveloppe-bien-etre,https://www.ccecrb.fgov.be/dpics/fichiers/2021-04-22-03-19-32_doc211020fr.pdf,D:\ccecrb_downloads\avis\2021-04-22-03-19-32_doc211020fr.pdf
avis,Les interlocuteurs sociaux se prononcent sur la répartition de l'enveloppe bien-être,Emploi et compétitivité,19/04/2021,https://www.ccecrb.fgov.be/p/fr/846/les-interlocuteurs-sociaux-se-prononcent-sur-la-repartition-de-l-enveloppe-bien-etre,https://www.ccecrb.fgov.be/dpics/fichiers/2021-04-20-03-13-29_Communiquédepresse19avril2021.pdf,D:\ccecrb_downloads\avis\2021-04-20-03-13-29_Communiquédepresse19avril2021.pdf
avis,Les conseils consultatifs se prononcent sur le volet «réformes structurelles» du Plan pour la reprise et la résilience,Emploi et compétitivité,12/04/2021,https://www.ccecrb.fgov.be/p/fr/843/les-conseils-consultatifs-se-prononcent-sur-le-volet-reformes-structurelles-du-plan-pour-la-reprise-et-la-resilience,https://www.ccecrb.fgov.be/dpics/fichiers/2021-04-13-11-43-41_doc210900fr.pdf,D:\ccecrb_downloads\avis\2021-04-13-11-43-41_doc210900fr.pdf
avis,Avant-projet de loi relatif aux mesures de police administrative lors d’une situation d’urgence épidémique,Organisation de l'économie,30/03/2021,https://www.ccecrb.fgov.be/p/fr/840/avant-projet-de-loi-relatif-aux-mesures-de-police-administrative-lors-d-une-situation-d-urgence-epidemique,https://www.ccecrb.fgov.be/dpics/fichiers/2021-03-30-03-10-51_Communiqué_de_presse_21.03.30.pdf,D:\ccecrb_downloads\avis\2021-03-30-03-10-51_Communiqué_de_presse_21.03.30.pdf
avis,Avant-projet de loi relatif aux mesures de police administrative lors d’une situation d’urgence épidémique,Organisation de l'économie,30/03/2021,https://www.ccecrb.fgov.be/p/fr/840/avant-projet-de-loi-relatif-aux-mesures-de-police-administrative-lors-d-une-situation-d-urgence-epidemique,https://www.ccecrb.fgov.be/dpics/fichiers/2021-03-31-09-06-15_CCE_20210825.pdf,D:\ccecrb_downloads\avis\2021-03-31-09-06-15_CCE_20210825.pdf
avis,Le coronavirus et le voyageur : nécessité d’une meilleure information,Pratiques du commerce,30/03/2021,https://www.ccecrb.fgov.be/p/fr/841/le-coronavirus-et-le-voyageur-necessite-d-une-meilleure-information,https://www.ccecrb.fgov.be/dpics/fichiers/2021-03-31-11-06-57_doc21805fr.pdf,D:\ccecrb_downloads\avis\2021-03-31-11-06-57_doc21805fr.pdf
avis,Les conseils consultatifs se prononcent sur le volet «projets d'investissements» du Plan pour la reprise et la résilience,Emploi et compétitivité,25/03/2021,https://www.ccecrb.fgov.be/p/fr/837/les-conseils-consultatifs-se-prononcent-sur-le-volet-projets-d-investissements-du-plan-pour-la-reprise-et-la-resilience,https://www.ccecrb.fgov.be/dpics/fichiers/2021-03-25-01-54-11_doc210761fr.pdf,D:\ccecrb_downloads\avis\2021-03-25-01-54-11_doc210761fr.pdf
avis,Les conseils consultatifs se prononcent sur le volet «projets d'investissements» du Plan pour la reprise et la résilience,Emploi et compétitivité,25/03/2021,https://www.ccecrb.fgov.be/p/fr/837/les-conseils-consultatifs-se-prononcent-sur-le-volet-projets-d-investissements-du-plan-pour-la-reprise-et-la-resilience,https://www.ccecrb.fgov.be/dpics/fichiers/2021-03-25-04-24-18_doc210760fr.pdf,D:\ccecrb_downloads\avis\2021-03-25-04-24-18_doc210760fr.pdf
avis,Pour une plus grande efficacité de l’Autorité belge de la concurrence,Concurrence,14/03/2021,https://www.ccecrb.fgov.be/p/fr/832/pour-une-plus-grande-efficacite-de-l-autorite-belge-de-la-concurrence,https://www.ccecrb.fgov.be/dpics/fichiers/2021-03-16-11-04-34_CCE20210670AvisABCdef.pdf,D:\ccecrb_downloads\avis\2021-03-16-11-04-34_CCE20210670AvisABCdef.pdf
avis,Les orientations stratégiques du projet de Plan pour la reprise et la résilience,Emploi et compétitivité,19/02/2021,https://www.ccecrb.fgov.be/p/fr/829/les-orientations-strategiques-du-projet-de-plan-pour-la-reprise-et-la-resilience,https://www.ccecrb.fgov.be/dpics/fichiers/2021-02-19-04-06-57_doc210440fr.pdf,D:\ccecrb_downloads\avis\2021-02-19-04-06-57_doc210440fr.pdf
avis,Les orientations stratégiques du projet de Plan pour la reprise et la résilience,Emploi et compétitivité,19/02/2021,https://www.ccecrb.fgov.be/p/fr/829/les-orientations-strategiques-du-projet-de-plan-pour-la-reprise-et-la-resilience,https://www.ccecrb.fgov.be/dpics/fichiers/2021-03-18-04-40-12_2021067WebsiteCommuniquédepresseavisconjointPRR.pdf,D:\ccecrb_downloads\avis\2021-03-18-04-40-12_2021067WebsiteCommuniquédepresseavisconjointPRR.pdf
avis,Les orientations stratégiques du projet de Plan pour la reprise et la résilience,Emploi et compétitivité,19/02/2021,https://www.ccecrb.fgov.be/p/fr/829/les-orientations-strategiques-du-projet-de-plan-pour-la-reprise-et-la-resilience,https://www.ccecrb.fgov.be/dpics/fichiers/2021-03-19-02-10-49_20201204023125_doc202289fr.pdf,D:\ccecrb_downloads\avis\2021-03-19-02-10-49_20201204023125_doc202289fr.pdf
avis,Les orientations stratégiques du projet de Plan pour la reprise et la résilience,Emploi et compétitivité,19/02/2021,https://www.ccecrb.fgov.be/p/fr/829/les-orientations-strategiques-du-projet-de-plan-pour-la-reprise-et-la-resilience,https://www.ccecrb.fgov.be/dpics/fichiers/2020-12-04-02-31-25_doc202289fr.pdf,D:\ccecrb_downloads\avis\2020-12-04-02-31-25_doc202289fr.pdf
avis,Le prix des cartes train à partir du 1er février 2021,Mobilité,20/01/2021,https://www.ccecrb.fgov.be/p/fr/814/le-prix-des-cartes-train-a-partir-du-1er-fevrier-2021,https://www.ccecrb.fgov.be/dpics/fichiers/2021-01-21-08-59-42_doc210125fr.pdf,D:\ccecrb_downloads\avis\2021-01-21-08-59-42_doc210125fr.pdf
avis,Le prix des cartes train à partir du 1er février 2021,Mobilité,20/01/2021,https://www.ccecrb.fgov.be/p/fr/814/le-prix-des-cartes-train-a-partir-du-1er-fevrier-2021,https://www.ccecrb.fgov.be/dpics/fichiers/2021-01-21-11-26-25_doc210124fr.pdf,D:\ccecrb_downloads\avis\2021-01-21-11-26-25_doc210124fr.pdf
avis,Vers une politique d’inclusion numérique en Belgique,Digitalisation,21/12/2020,https://www.ccecrb.fgov.be/p/fr/807/vers-une-politique-d-inclusion-numerique-en-belgique,https://www.ccecrb.fgov.be/dpics/fichiers/2020-12-21-01-18-04_CCE20202550defsite.pdf,D:\ccecrb_downloads\avis\2020-12-21-01-18-04_CCE20202550defsite.pdf
avis,"Le dixième rapport bisannuel du Service de lutte contre la pauvreté, la précarité et l’exclusion sociale",Emploi et compétitivité,16/12/2020,https://www.ccecrb.fgov.be/p/fr/811/le-dixieme-rapport-bisannuel-du-service-de-lutte-contre-la-pauvrete-la-precarite-et-l-exclusion-sociale,https://www.ccecrb.fgov.be/dpics/fichiers/2020-12-18-11-35-46_doc202560fr.pdf,D:\ccecrb_downloads\avis\2020-12-18-11-35-46_doc202560fr.pdf
avis,Le nouvel accord de gouvernement examiné du point de vue du secteur de la construction,Construction,03/12/2020,https://www.ccecrb.fgov.be/p/fr/793/le-nouvel-accord-de-gouvernement-examine-du-point-de-vue-du-secteur-de-la-construction,https://www.ccecrb.fgov.be/dpics/fichiers/2020-12-03-03-05-36_doc201698fr.pdf,D:\ccecrb_downloads\avis\2020-12-03-03-05-36_doc201698fr.pdf
avis,Le nouvel accord de gouvernement examiné du point de vue du secteur de la construction,Construction,03/12/2020,https://www.ccecrb.fgov.be/p/fr/793/le-nouvel-accord-de-gouvernement-examine-du-point-de-vue-du-secteur-de-la-construction,https://www.ccecrb.fgov.be/dpics/fichiers/2020-12-04-12-56-30_doc202380fr.pdf,D:\ccecrb_downloads\avis\2020-12-04-12-56-30_doc202380fr.pdf
avis,Crise du coronavirus : date de début des soldes d’hiver 2021,Pratiques du commerce,03/12/2020,https://www.ccecrb.fgov.be/p/fr/802/crise-du-coronavirus-date-de-debut-des-soldes-d-hiver-2021,https://www.ccecrb.fgov.be/dpics/fichiers/2020-12-07-01-34-07_CCE20202370avisSoldescorona.pdf,D:\ccecrb_downloads\avis\2020-12-07-01-34-07_CCE20202370avisSoldescorona.pdf
avis,Le droit de la concurrence à l’épreuve de la mondialisation et des plateformes numériques,Concurrence,01/12/2020,https://www.ccecrb.fgov.be/p/fr/797/le-droit-de-la-concurrence-a-l-epreuve-de-la-mondialisation-et-des-plateformes-numeriques,https://www.ccecrb.fgov.be/dpics/fichiers/2020-12-01-03-32-26_CCE20202320defsite.pdf,D:\ccecrb_downloads\avis\2020-12-01-03-32-26_CCE20202320defsite.pdf
avis,L’e-commerce et le secteur classique de la distribution pendant la crise du coronavirus,Distribution,01/12/2020,https://www.ccecrb.fgov.be/p/fr/798/l-e-commerce-et-le-secteur-classique-de-la-distribution-pendant-la-crise-du-coronavirus,https://www.ccecrb.fgov.be/dpics/fichiers/2020-12-01-04-58-11_CCE20202280defsite.pdf,D:\ccecrb_downloads\avis\2020-12-01-04-58-11_CCE20202280defsite.pdf
avis,Le renforcement de l’efficacité des autorités nationales de concurrence,Concurrence,01/12/2020,https://www.ccecrb.fgov.be/p/fr/799/le-renforcement-de-l-efficacite-des-autorites-nationales-de-concurrence,https://www.ccecrb.fgov.be/dpics/fichiers/2020-12-02-12-18-33_doc202321fr.pdf,D:\ccecrb_downloads\avis\2020-12-02-12-18-33_doc202321fr.pdf
avis,Avis sur le Rapport annuel 2020 du Conseil national de la productivité,Emploi et compétitivité,24/11/2020,https://www.ccecrb.fgov.be/p/fr/792/avis-sur-le-rapport-annuel-2020-du-conseil-national-de-la-productivite,https://www.ccecrb.fgov.be/dpics/fichiers/2020-11-26-09-03-37_doc202250fr.pdf,D:\ccecrb_downloads\avis\2020-11-26-09-03-37_doc202250fr.pdf
avis,Les écrans buccaux en plastique ne sont pas une alternative sûre aux masques buccaux,Pratiques du commerce,05/11/2020,https://www.ccecrb.fgov.be/p/fr/786/les-ecrans-buccaux-en-plastique-ne-sont-pas-une-alternative-sure-aux-masques-buccaux,https://www.ccecrb.fgov.be/dpics/fichiers/2020-11-10-04-54-33_CCE20202120Avisécransbuccauxenplastique.pdf,D:\ccecrb_downloads\avis\2020-11-10-04-54-33_CCE20202120Avisécransbuccauxenplastique.pdf
avis,Prenez soin des médias (locaux) et ils seront le levier de la relance du tissu social et économique (local),Papier,02/11/2020,https://www.ccecrb.fgov.be/p/fr/785/prenez-soin-des-medias-locaux-et-ils-seront-le-levier-de-la-relance-du-tissu-social-et-economique-local-,https://www.ccecrb.fgov.be/dpics/fichiers/2020-11-04-11-07-35_CCE20202000defsite.pdf,D:\ccecrb_downloads\avis\2020-11-04-11-07-35_CCE20202000defsite.pdf
avis,Objectifs de développement durable : avis du CCE et du CNT sur l’éducation et la formation,Emploi et compétitivité,29/09/2020,https://www.ccecrb.fgov.be/p/fr/777/objectifs-de-developpement-durable-avis-du-cce-et-du-cnt-sur-l-education-et-la-formation,https://www.ccecrb.fgov.be/dpics/fichiers/2020-10-13-09-55-18_doc201770fr.pdf,D:\ccecrb_downloads\avis\2020-10-13-09-55-18_doc201770fr.pdf
avis,Reconnaissance en tant qu’expert en diamants : pour une organisation plus efficace de l’épreuve d’aptitude,Diamant,25/09/2020,https://www.ccecrb.fgov.be/p/fr/775/reconnaissance-en-tant-qu-expert-en-diamants-pour-une-organisation-plus-efficace-de-l-epreuve-d-aptitude,https://www.ccecrb.fgov.be/dpics/fichiers/2020-09-25-03-35-28_CCE20201700.pdf,D:\ccecrb_downloads\avis\2020-09-25-03-35-28_CCE20201700.pdf
avis,Pour une modernisation et un renforcement de la protection des consommateurs,Pratiques du commerce,15/07/2020,https://www.ccecrb.fgov.be/p/fr/766/pour-une-modernisation-et-un-renforcement-de-la-protection-des-consommateurs,https://www.ccecrb.fgov.be/dpics/fichiers/2020-07-16-10-19-59_CCE20201320AvisdirectiveOmnibusDEF.pdf,D:\ccecrb_downloads\avis\2020-07-16-10-19-59_CCE20201320AvisdirectiveOmnibusDEF.pdf
avis,Contribution du CCE et du CNT dans le cadre de la préparation du Programme national de réforme 2020,Emploi et compétitivité,27/05/2020,https://www.ccecrb.fgov.be/p/fr/758/contribution-du-cce-et-du-cnt-dans-le-cadre-de-la-preparation-du-programme-national-de-reforme-2020,https://www.ccecrb.fgov.be/dpics/fichiers/2020-05-27-03-56-29_doc201065fr.pdf,D:\ccecrb_downloads\avis\2020-05-27-03-56-29_doc201065fr.pdf
avis,Traçage numérique : il faut protéger le consommateur,Digitalisation,06/05/2020,https://www.ccecrb.fgov.be/p/fr/753/tracage-numerique-il-faut-proteger-le-consommateur,https://www.ccecrb.fgov.be/dpics/fichiers/2020-05-06-05-17-28_CCE20200895Avis.pdf,D:\ccecrb_downloads\avis\2020-05-06-05-17-28_CCE20200895Avis.pdf
avis,Traçage numérique : il faut protéger le consommateur,Digitalisation,06/05/2020,https://www.ccecrb.fgov.be/p/fr/753/tracage-numerique-il-faut-proteger-le-consommateur,https://www.ccecrb.fgov.be/dpics/fichiers/2020-05-06-05-33-08_2020183VCPersberichtAdviesCoronaapp2020953F.pdf,D:\ccecrb_downloads\avis\2020-05-06-05-33-08_2020183VCPersberichtAdviesCoronaapp2020953F.pdf
avis,Examen de proportionnalité pour les réglementations de profession,Organisation de l'économie,15/04/2020,https://www.ccecrb.fgov.be/p/fr/747/examen-de-proportionnalite-pour-les-reglementations-de-profession,https://www.ccecrb.fgov.be/dpics/fichiers/2020-04-15-02-35-55_CCE20200800Examendeproportionnalité.pdf,D:\ccecrb_downloads\avis\2020-04-15-02-35-55_CCE20200800Examendeproportionnalité.pdf
avis,Crise du coronavirus : la CCS « Consommation » se prononce sur les soldes et les ventes en liquidation,Pratiques du commerce,09/04/2020,https://www.ccecrb.fgov.be/p/fr/745/crise-du-coronavirus-la-ccs-consommation-se-prononce-sur-les-soldes-et-les-ventes-en-liquidation,https://www.ccecrb.fgov.be/dpics/fichiers/2020-04-10-03-34-00_CCE20200795defsite.pdf,D:\ccecrb_downloads\avis\2020-04-10-03-34-00_CCE20200795defsite.pdf
avis,CCE et CNT se prononcent sur les objectifs de développement durable de l’ONU,Emploi et compétitivité,25/02/2020,https://www.ccecrb.fgov.be/p/fr/731/cce-et-cnt-se-prononcent-sur-les-objectifs-de-developpement-durable-de-l-onu,https://www.ccecrb.fgov.be/dpics/fichiers/2020-02-21-04-24-11_Communiqué_de_presse_ODD.pdf,D:\ccecrb_downloads\avis\2020-02-21-04-24-11_Communiqué_de_presse_ODD.pdf
avis,CCE et CNT se prononcent sur les objectifs de développement durable de l’ONU,Emploi et compétitivité,25/02/2020,https://www.ccecrb.fgov.be/p/fr/731/cce-et-cnt-se-prononcent-sur-les-objectifs-de-developpement-durable-de-l-onu,https://www.ccecrb.fgov.be/dpics/fichiers/2020-02-26-09-18-46_doc200461fr.pdf,D:\ccecrb_downloads\avis\2020-02-26-09-18-46_doc200461fr.pdf
avis,CCE et CNT se prononcent sur les objectifs de développement durable de l’ONU,Emploi et compétitivité,25/02/2020,https://www.ccecrb.fgov.be/p/fr/731/cce-et-cnt-se-prononcent-sur-les-objectifs-de-developpement-durable-de-l-onu,https://www.ccecrb.fgov.be/dpics/fichiers/2020-10-12-09-49-47_CCE20200400.pdf,D:\ccecrb_downloads\avis\2020-10-12-09-49-47_CCE20200400.pdf
avis,La nouvelle enquête fédérale sur les déplacements domicile-travail,Mobilité,19/02/2020,https://www.ccecrb.fgov.be/p/fr/727/la-nouvelle-enquete-federale-sur-les-deplacements-domicile-travail,https://www.ccecrb.fgov.be/dpics/fichiers/2020-02-24-11-22-57_Communiqué_de_presse_diagnostic_fédéral.pdf,D:\ccecrb_downloads\avis\2020-02-24-11-22-57_Communiqué_de_presse_diagnostic_fédéral.pdf
avis,La nouvelle enquête fédérale sur les déplacements domicile-travail,Mobilité,19/02/2020,https://www.ccecrb.fgov.be/p/fr/727/la-nouvelle-enquete-federale-sur-les-deplacements-domicile-travail,https://www.ccecrb.fgov.be/dpics/fichiers/2020-02-20-03-01-11_doc20390fr.pdf,D:\ccecrb_downloads\avis\2020-02-20-03-01-11_doc20390fr.pdf
avis,Vers des services publics numériques plus efficaces et inclusifs,Digitalisation,19/02/2020,https://www.ccecrb.fgov.be/p/fr/730/vers-des-services-publics-numeriques-plus-efficaces-et-inclusifs,https://www.ccecrb.fgov.be/dpics/fichiers/2020-02-20-04-34-47_Communiqué_de_presse_egouvernement.pdf,D:\ccecrb_downloads\avis\2020-02-20-04-34-47_Communiqué_de_presse_egouvernement.pdf
avis,Vers des services publics numériques plus efficaces et inclusifs,Digitalisation,19/02/2020,https://www.ccecrb.fgov.be/p/fr/730/vers-des-services-publics-numeriques-plus-efficaces-et-inclusifs,https://www.ccecrb.fgov.be/dpics/fichiers/2020-02-20-03-43-43_doc20280fr.pdf,D:\ccecrb_downloads\avis\2020-02-20-03-43-43_doc20280fr.pdf
avis,Vers une Mercuriale 2.0,Construction,23/01/2020,https://www.ccecrb.fgov.be/p/fr/719/vers-une-mercuriale-2-0,https://www.ccecrb.fgov.be/dpics/fichiers/2020-01-23-03-27-33_CCE20200020DEFsite.pdf,D:\ccecrb_downloads\avis\2020-01-23-03-27-33_CCE20200020DEFsite.pdf
avis,Permis unique : pour une plateforme électronique centrale pour les employeurs et les travailleurs étrangers,Organisation de l'économie,20/12/2019,https://www.ccecrb.fgov.be/p/fr/713/permis-unique-pour-une-plateforme-electronique-centrale-pour-les-employeurs-et-les-travailleurs-etrangers,https://www.ccecrb.fgov.be/dpics/fichiers/2019-12-20-12-23-18_doc192518fr.pdf,D:\ccecrb_downloads\avis\2019-12-20-12-23-18_doc192518fr.pdf
avis,Permis unique : pour une plateforme électronique centrale pour les employeurs et les travailleurs étrangers,Organisation de l'économie,20/12/2019,https://www.ccecrb.fgov.be/p/fr/713/permis-unique-pour-une-plateforme-electronique-centrale-pour-les-employeurs-et-les-travailleurs-etrangers,https://www.ccecrb.fgov.be/dpics/fichiers/2019-12-23-10-01-08_CCE20192649CommuniquédepresseAvisPermisunique.pdf,D:\ccecrb_downloads\avis\2019-12-23-10-01-08_CCE20192649CommuniquédepresseAvisPermisunique.pdf
avis,Le prix des cartes train à partir du 1er février 2020,Mobilité,19/12/2019,https://www.ccecrb.fgov.be/p/fr/710/le-prix-des-cartes-train-a-partir-du-1er-fevrier-2020,https://www.ccecrb.fgov.be/dpics/fichiers/2020-03-05-03-10-47_CCE20192560defCNTAvis2.150.pdf,D:\ccecrb_downloads\avis\2020-03-05-03-10-47_CCE20192560defCNTAvis2.150.pdf
avis,Le prix des cartes train à partir du 1er février 2020,Mobilité,19/12/2019,https://www.ccecrb.fgov.be/p/fr/710/le-prix-des-cartes-train-a-partir-du-1er-fevrier-2020,https://www.ccecrb.fgov.be/dpics/fichiers/2019-12-18-04-03-54_doc192596fr.pdf,D:\ccecrb_downloads\avis\2019-12-18-04-03-54_doc192596fr.pdf
avis,Avis sur le Rapport annuel du Conseil national de la productivité,Emploi et compétitivité,19/12/2019,https://www.ccecrb.fgov.be/p/fr/712/avis-sur-le-rapport-annuel-du-conseil-national-de-la-productivite,https://www.ccecrb.fgov.be/dpics/fichiers/2019-12-19-11-56-27_doc192500fr.pdf,D:\ccecrb_downloads\avis\2019-12-19-11-56-27_doc192500fr.pdf
avis,Promouvoir l’engagement des actionnaires à long terme,Organisation de l'économie,20/11/2019,https://www.ccecrb.fgov.be/p/fr/704/promouvoir-l-engagement-des-actionnaires-a-long-terme,https://www.ccecrb.fgov.be/dpics/fichiers/2019-11-20-04-12-27_CCE20192340Avis.pdf,D:\ccecrb_downloads\avis\2019-11-20-04-12-27_CCE20192340Avis.pdf
avis,La lutte contre le blanchiment de capitaux et la fraude : le registre UBO,Organisation de l'économie,19/11/2019,https://www.ccecrb.fgov.be/p/fr/702/la-lutte-contre-le-blanchiment-de-capitaux-et-la-fraude-le-registre-ubo,https://www.ccecrb.fgov.be/dpics/fichiers/2019-11-21-10-37-30_doc192295fr.pdf,D:\ccecrb_downloads\avis\2019-11-21-10-37-30_doc192295fr.pdf
avis,Nouvelle contribution du CCE au Plan national intégré Énergie-Climat,Énergie,24/10/2019,https://www.ccecrb.fgov.be/p/fr/696/nouvelle-contribution-du-cce-au-plan-national-integre-energie-climat,https://www.ccecrb.fgov.be/dpics/fichiers/2019-10-24-04-12-40_doc192001fr.pdf,D:\ccecrb_downloads\avis\2019-10-24-04-12-40_doc192001fr.pdf
avis,Clauses dans les conditions contractuelles des entreprises de location de voitures,Clauses abusives,07/10/2019,https://www.ccecrb.fgov.be/p/fr/691/clauses-dans-les-conditions-contractuelles-des-entreprises-de-location-de-voitures,https://www.ccecrb.fgov.be/dpics/fichiers/2019-11-05-10-56-11_doc191870fr.pdf,D:\ccecrb_downloads\avis\2019-11-05-10-56-11_doc191870fr.pdf
avis,Internet des Objets,Digitalisation,11/09/2019,https://www.ccecrb.fgov.be/p/fr/682/internet-des-objets,https://www.ccecrb.fgov.be/dpics/fichiers/2019-09-13-10-09-31_CCE20191661InternetofthingsDEF.pdf,D:\ccecrb_downloads\avis\2019-09-13-10-09-31_CCE20191661InternetofthingsDEF.pdf
avis,Transposition de directives européennes concernant la vente aux consommateurs,Pratiques du commerce,03/09/2019,https://www.ccecrb.fgov.be/p/fr/684/transposition-de-directives-europeennes-concernant-la-vente-aux-consommateurs,https://www.ccecrb.fgov.be/dpics/fichiers/2019-09-19-03-21-55_CCE20191660transpositiondirectives..pdf,D:\ccecrb_downloads\avis\2019-09-19-03-21-55_CCE20191660transpositiondirectives..pdf
avis,Dénomination et caractéristiques de l’essence enrichie en éthanol,Environnement,31/07/2019,https://www.ccecrb.fgov.be/p/fr/673/denomination-et-caracteristiques-de-l-essence-enrichie-en-ethanol,https://www.ccecrb.fgov.be/dpics/fichiers/2019-08-01-12-24-29_CCE20191540.pdf,D:\ccecrb_downloads\avis\2019-08-01-12-24-29_CCE20191540.pdf
avis,Brexit,Emploi et compétitivité,12/07/2019,https://www.ccecrb.fgov.be/p/fr/53/brexit,https://www.ccecrb.fgov.be/dpics/fichiers/2018-12-21-09-09-44_doc182000fr.pdf,D:\ccecrb_downloads\avis\2018-12-21-09-09-44_doc182000fr.pdf
avis,Énergie-Climat : les conseils consultatifs pour une meilleure collaboration entre niveaux de pouvoir,Énergie,11/06/2019,https://www.ccecrb.fgov.be/p/fr/658/energie-climat-les-conseils-consultatifs-pour-une-meilleure-collaboration-entre-niveaux-de-pouvoir,https://www.ccecrb.fgov.be/dpics/fichiers/2019-06-21-02-40-33_CCE20191100AvisPNECCommundifférentsorganes.pdf,D:\ccecrb_downloads\avis\2019-06-21-02-40-33_CCE20191100AvisPNECCommundifférentsorganes.pdf
avis,L’édition 2020 du diagnostic fédéral sur les déplacements domicile-travail,Mobilité,29/05/2019,https://www.ccecrb.fgov.be/p/fr/654/l-edition-2020-du-diagnostic-federal-sur-les-deplacements-domicile-travail,https://www.ccecrb.fgov.be/dpics/fichiers/2019-05-29-03-02-38_doc191150fr.pdf,D:\ccecrb_downloads\avis\2019-05-29-03-02-38_doc191150fr.pdf
avis,Contrat-type service d’avocat de l’Ordre des barreaux francophones et germanophone,Clauses abusives,06/05/2019,https://www.ccecrb.fgov.be/p/fr/644/contrat-type-service-d-avocat-de-l-ordre-des-barreaux-francophones-et-germanophone,https://www.ccecrb.fgov.be/dpics/fichiers/2019-05-06-02-41-09_CCE20190920annexesdefsite.pdf,D:\ccecrb_downloads\avis\2019-05-06-02-41-09_CCE20190920annexesdefsite.pdf
avis,Les interlocuteurs sociaux se prononcent sur la répartition de l'enveloppe bien-être,Emploi et compétitivité,23/04/2019,https://www.ccecrb.fgov.be/p/fr/639/les-interlocuteurs-sociaux-se-prononcent-sur-la-repartition-de-l-enveloppe-bien-etre,https://www.ccecrb.fgov.be/dpics/fichiers/2019-04-23-03-43-22_doc190700fr.pdf,D:\ccecrb_downloads\avis\2019-04-23-03-43-22_doc190700fr.pdf
avis,Les interlocuteurs sociaux se prononcent sur la répartition de l'enveloppe bien-être,Emploi et compétitivité,23/04/2019,https://www.ccecrb.fgov.be/p/fr/639/les-interlocuteurs-sociaux-se-prononcent-sur-la-repartition-de-l-enveloppe-bien-etre,https://www.ccecrb.fgov.be/dpics/fichiers/2019-04-24-08-34-07_doc190800fr.pdf,D:\ccecrb_downloads\avis\2019-04-24-08-34-07_doc190800fr.pdf
avis,Publication d’informations non financières: l’avis du CCE intégralement pris en compte,Organisation de l'économie,05/04/2019,https://www.ccecrb.fgov.be/p/fr/626/publication-d-informations-non-financieres-l-avis-du-cce-integralement-pris-en-compte,https://www.ccecrb.fgov.be/dpics/fichiers/2019-04-05-11-01-48_CCE20190750DEF.pdf,D:\ccecrb_downloads\avis\2019-04-05-11-01-48_CCE20190750DEF.pdf
avis,Le Programme national de réforme de la Belgique 2019,Emploi et compétitivité,20/03/2019,https://www.ccecrb.fgov.be/p/fr/620/le-programme-national-de-reforme-de-la-belgique-2019,https://www.ccecrb.fgov.be/dpics/fichiers/2019-03-28-12-03-14_doc190640fr.pdf,D:\ccecrb_downloads\avis\2019-03-28-12-03-14_doc190640fr.pdf
avis,Recommandations pour plus de transparence des services et des tarifs des entreprises de pompes funèbres,Pratiques du commerce,20/03/2019,https://www.ccecrb.fgov.be/p/fr/623/recommandations-pour-plus-de-transparence-des-services-et-des-tarifs-des-entreprises-de-pompes-funebres,https://www.ccecrb.fgov.be/dpics/fichiers/2019-03-21-10-26-37_CCE20190635defsite.pdf,D:\ccecrb_downloads\avis\2019-03-21-10-26-37_CCE20190635defsite.pdf
avis,Des codes de secteur pour stimuler l’innovation dans l’industrie alimentaire,Pratiques du commerce,20/03/2019,https://www.ccecrb.fgov.be/p/fr/624/des-codes-de-secteur-pour-stimuler-l-innovation-dans-l-industrie-alimentaire,https://www.ccecrb.fgov.be/dpics/fichiers/2019-03-20-04-05-02_CCE20190630defAlain.pdf,D:\ccecrb_downloads\avis\2019-03-20-04-05-02_CCE20190630defAlain.pdf
avis,La politique tarifaire de la SNCB,Mobilité,29/01/2019,https://www.ccecrb.fgov.be/p/fr/51/la-politique-tarifaire-de-la-sncb,https://www.ccecrb.fgov.be/dpics/fichiers/2019-01-29-03-31-50_doc190263fr.pdf,D:\ccecrb_downloads\avis\2019-01-29-03-31-50_doc190263fr.pdf
avis,La politique tarifaire de la SNCB,Mobilité,29/01/2019,https://www.ccecrb.fgov.be/p/fr/51/la-politique-tarifaire-de-la-sncb,https://www.ccecrb.fgov.be/dpics/fichiers/2019-01-29-04-36-33_doc190263fr.pdf,D:\ccecrb_downloads\avis\2019-01-29-04-36-33_doc190263fr.pdf
avis,Concessions pour la distribution de journaux et périodiques reconnus,Papier,20/12/2018,https://www.ccecrb.fgov.be/p/fr/601/concessions-pour-la-distribution-de-journaux-et-periodiques-reconnus,https://www.ccecrb.fgov.be/dpics/fichiers/2019-01-24-02-32-29_doc183350fr.pdf,D:\ccecrb_downloads\avis\2019-01-24-02-32-29_doc183350fr.pdf
avis,Vers une législation sur les comptes annuels plus cohérente,Organisation de l'économie,17/12/2018,https://www.ccecrb.fgov.be/p/fr/73/vers-une-legislation-sur-les-comptes-annuels-plus-coherente,https://www.ccecrb.fgov.be/dpics/fichiers/2019-01-03-02-29-28_doc172017fr.pdf,D:\ccecrb_downloads\avis\2019-01-03-02-29-28_doc172017fr.pdf
avis,Vers une législation sur les comptes annuels plus cohérente,Organisation de l'économie,17/12/2018,https://www.ccecrb.fgov.be/p/fr/73/vers-une-legislation-sur-les-comptes-annuels-plus-coherente,https://www.ccecrb.fgov.be/dpics/fichiers/2019-01-03-02-27-46_doc172666fr.pdf,D:\ccecrb_downloads\avis\2019-01-03-02-27-46_doc172666fr.pdf
avis,Vers une législation sur les comptes annuels plus cohérente,Organisation de l'économie,17/12/2018,https://www.ccecrb.fgov.be/p/fr/73/vers-une-legislation-sur-les-comptes-annuels-plus-coherente,https://www.ccecrb.fgov.be/dpics/fichiers/2019-01-03-02-25-27_doc181990fr.pdf,D:\ccecrb_downloads\avis\2019-01-03-02-25-27_doc181990fr.pdf
avis,Vers une législation sur les comptes annuels plus cohérente,Organisation de l'économie,17/12/2018,https://www.ccecrb.fgov.be/p/fr/73/vers-une-legislation-sur-les-comptes-annuels-plus-coherente,https://www.ccecrb.fgov.be/dpics/fichiers/2019-01-03-02-20-03_doc183220fr.pdf,D:\ccecrb_downloads\avis\2019-01-03-02-20-03_doc183220fr.pdf
avis,Crème,Pratiques du commerce,14/12/2018,https://www.ccecrb.fgov.be/p/fr/74/creme,https://www.ccecrb.fgov.be/dpics/fichiers/2019-01-03-02-31-34_doc183250fr.pdf,D:\ccecrb_downloads\avis\2019-01-03-02-31-34_doc183250fr.pdf
avis,Les contrats de crédits à la consommation destinés à des travaux d’économie d’énergie,Services financiers,30/11/2018,https://www.ccecrb.fgov.be/p/fr/65/les-contrats-de-credits-a-la-consommation-destines-a-des-travaux-d-economie-d-energie,https://www.ccecrb.fgov.be/dpics/fichiers/2019-01-03-02-35-06_doc183041fr.pdf,D:\ccecrb_downloads\avis\2019-01-03-02-35-06_doc183041fr.pdf
avis,Échanges d’informations sur les marchés et les prix,Concurrence,23/11/2018,https://www.ccecrb.fgov.be/p/fr/63/echanges-d-informations-sur-les-marches-et-les-prix,https://www.ccecrb.fgov.be/dpics/fichiers/2019-01-03-02-40-35_doc182930fr.pdf,D:\ccecrb_downloads\avis\2019-01-03-02-40-35_doc182930fr.pdf
avis,Bon de commande des véhicules automobiles,Clauses abusives,06/11/2018,https://www.ccecrb.fgov.be/p/fr/62/bon-de-commande-des-vehicules-automobiles,https://www.ccecrb.fgov.be/dpics/fichiers/2019-01-03-02-43-08_doc182800fr.pdf,D:\ccecrb_downloads\avis\2019-01-03-02-43-08_doc182800fr.pdf
avis,Référentiels pour la déclaration non financière,Organisation de l'économie,24/10/2018,https://www.ccecrb.fgov.be/p/fr/61/referentiels-pour-la-declaration-non-financiere,https://www.ccecrb.fgov.be/dpics/fichiers/2019-04-04-03-32-01_20190103031313_doc182505fr.pdf,D:\ccecrb_downloads\avis\2019-04-04-03-32-01_20190103031313_doc182505fr.pdf
avis,Centrale des crédits aux particuliers : relèvement seuil premier défaut de paiement,Services financiers,28/09/2018,https://www.ccecrb.fgov.be/p/fr/453/centrale-des-credits-aux-particuliers-relevement-seuil-premier-defaut-de-paiement,https://www.ccecrb.fgov.be/dpics/fichiers/fr/doc18-2300.pdf,D:\ccecrb_downloads\avis\doc18-2300.pdf
avis,Tarifs des services liés ou non à un compte de paiement,Services financiers,28/09/2018,https://www.ccecrb.fgov.be/p/fr/454/tarifs-des-services-lies-ou-non-a-un-compte-de-paiement,https://www.ccecrb.fgov.be/dpics/fichiers/fr/doc18-2312.pdf,D:\ccecrb_downloads\avis\doc18-2312.pdf
avis,Recommandations sur les services de réparation d’urgence,Pratiques du commerce,28/09/2018,https://www.ccecrb.fgov.be/p/fr/455/recommandations-sur-les-services-de-reparation-d-urgence,https://www.ccecrb.fgov.be/dpics/fichiers/fr/doc18-2290.pdf,D:\ccecrb_downloads\avis\doc18-2290.pdf
avis,Guidance à destination des entreprises concernant des allégations environnementales loyales,Pratiques du commerce,28/09/2018,https://www.ccecrb.fgov.be/p/fr/457/guidance-a-destination-des-entreprises-concernant-des-allegations-environnementales-loyales,https://www.ccecrb.fgov.be/dpics/fichiers/fr/doc18-2280.pdf,D:\ccecrb_downloads\avis\doc18-2280.pdf
avis,Budget mobilité et adaptation de l'allocation de mobilité,Mobilité,25/09/2018,https://www.ccecrb.fgov.be/p/fr/450/budget-mobilite-et-adaptation-de-l-allocation-de-mobilite,https://www.ccecrb.fgov.be/dpics/fichiers/fr/doc18-2400.pdf,D:\ccecrb_downloads\avis\doc18-2400.pdf
avis,Les conditions contractuelles des contrats de crédit hypothécaire,Clauses abusives,24/09/2018,https://www.ccecrb.fgov.be/p/fr/72/les-conditions-contractuelles-des-contrats-de-credit-hypothecaire,https://www.ccecrb.fgov.be/dpics/fichiers/2019-04-30-01-48-10_doc183181fr(2).pdf,D:\ccecrb_downloads\avis\2019-04-30-01-48-10_doc183181fr(2).pdf
avis,Encourager le transport ferroviaire de marchandises,Mobilité,19/09/2018,https://www.ccecrb.fgov.be/p/fr/449/encourager-le-transport-ferroviaire-de-marchandises,https://www.ccecrb.fgov.be/dpics/fichiers/2019-02-04-12-34-46_doc182330.pdf,D:\ccecrb_downloads\avis\2019-02-04-12-34-46_doc182330.pdf
avis,Un régulateur ferroviaire performant,Mobilité,23/07/2018,https://www.ccecrb.fgov.be/p/fr/33/un-regulateur-ferroviaire-performant,https://www.ccecrb.fgov.be/dpics/fichiers/2018-12-21-09-05-57_doc181960fr.pdf,D:\ccecrb_downloads\avis\2018-12-21-09-05-57_doc181960fr.pdf
avis,Vers une législation comptable plus cohérente,Organisation de l'économie,20/07/2018,https://www.ccecrb.fgov.be/p/fr/445/vers-une-legislation-comptable-plus-coherente,https://www.ccecrb.fgov.be/dpics/fichiers/fr/doc18-1990.pdf,D:\ccecrb_downloads\avis\doc18-1990.pdf
avis,Mesures concrètes pour la partie fédérale du Plan National Energie-Climat,Énergie,17/07/2018,https://www.ccecrb.fgov.be/p/fr/28/mesures-concretes-pour-la-partie-federale-du-plan-national-energie-climat,https://www.ccecrb.fgov.be/dpics/fichiers/2018-12-21-09-12-41_doc181750fr.pdf,D:\ccecrb_downloads\avis\2018-12-21-09-12-41_doc181750fr.pdf
avis,Instauration d'outils de liquidité complémentaires,Services financiers,21/06/2018,https://www.ccecrb.fgov.be/p/fr/441/instauration-d-outils-de-liquidite-complementaires,https://www.ccecrb.fgov.be/dpics/fichiers/fr/doc18-1839CV.pdf,D:\ccecrb_downloads\avis\doc18-1839CV.pdf
avis,Huiles comestibles,Pratiques du commerce,21/06/2018,https://www.ccecrb.fgov.be/p/fr/442/huiles-comestibles,https://www.ccecrb.fgov.be/dpics/fichiers/fr/doc18-1832.pdf,D:\ccecrb_downloads\avis\doc18-1832.pdf
avis,Numérisation des contrats B2C,Digitalisation,21/06/2018,https://www.ccecrb.fgov.be/p/fr/443/numerisation-des-contrats-b2c,https://www.ccecrb.fgov.be/dpics/fichiers/fr/doc18-1825.pdf,D:\ccecrb_downloads\avis\doc18-1825.pdf
avis,Mesures concrètes pour la partie fédérale du Plan National Energie-Climat,Énergie,20/06/2018,https://www.ccecrb.fgov.be/p/fr/439/mesures-concretes-pour-la-partie-federale-du-plan-national-energie-climat,https://www.ccecrb.fgov.be/dpics/fichiers/fr/doc18-1750.pdf,D:\ccecrb_downloads\avis\doc18-1750.pdf
avis,Réforme du livre IV,Concurrence,15/06/2018,https://www.ccecrb.fgov.be/p/fr/438/reforme-du-livre-iv,https://www.ccecrb.fgov.be/dpics/fichiers/fr/doc18-1680.pdf,D:\ccecrb_downloads\avis\doc18-1680.pdf
avis,Evaluation de la charte en faveur de la clientèle et du Code de conduite e-invoicing,Pratiques du commerce,24/05/2018,https://www.ccecrb.fgov.be/p/fr/437/evaluation-de-la-charte-en-faveur-de-la-clientele-et-du-code-de-conduite-e-invoicing,https://www.ccecrb.fgov.be/dpics/fichiers/fr/doc18-1510.pdf,D:\ccecrb_downloads\avis\doc18-1510.pdf
avis,Lignes de force pour le contrat de gestion 2018-2022 de la SNCB,Mobilité,23/05/2018,https://www.ccecrb.fgov.be/p/fr/436/lignes-de-force-pour-le-contrat-de-gestion-2018-2022-de-la-sncb,https://www.ccecrb.fgov.be/dpics/fichiers/fr/doc18-1420.pdf,D:\ccecrb_downloads\avis\doc18-1420.pdf
avis,"Café, succédanés de café, extraits de café et extraits de chicorée",Pratiques du commerce,26/04/2018,https://www.ccecrb.fgov.be/p/fr/435/cafe-succedanes-de-cafe-extraits-de-cafe-et-extraits-de-chicoree,https://www.ccecrb.fgov.be/dpics/fichiers/fr/doc18-1240.pdf,D:\ccecrb_downloads\avis\doc18-1240.pdf
avis,L’approfondissement de l’Union économique et monétaire,Emploi et compétitivité,28/03/2018,https://www.ccecrb.fgov.be/p/fr/430/l-approfondissement-de-l-union-economique-et-monetaire,https://www.ccecrb.fgov.be/dpics/fichiers/fr/doc18-950.pdf,D:\ccecrb_downloads\avis\doc18-950.pdf
avis,Programme national de réformes 2018,Emploi et compétitivité,28/03/2018,https://www.ccecrb.fgov.be/p/fr/431/programme-national-de-reformes-2018,https://www.ccecrb.fgov.be/dpics/fichiers/fr/doc18-845.pdf,D:\ccecrb_downloads\avis\doc18-845.pdf
avis,"Déclaration commune : ""De l'immobilité à la mobilité : agir maintenant pour inverser le cours des choses !""",Mobilité,28/03/2018,https://www.ccecrb.fgov.be/p/fr/432/declaration-commune-de-l-immobilite-a-la-mobilite-agir-maintenant-pour-inverser-le-cours-des-choses-,https://www.ccecrb.fgov.be/dpics/fichiers/fr/doc18-1000.pdf,D:\ccecrb_downloads\avis\doc18-1000.pdf
avis,Lignes de force pour un avenir durable du secteur de l’imprimerie,Papier,01/03/2018,https://www.ccecrb.fgov.be/p/fr/423/lignes-de-force-pour-un-avenir-durable-du-secteur-de-l-imprimerie,https://www.ccecrb.fgov.be/dpics/fichiers/fr/doc18-510.pdf,D:\ccecrb_downloads\avis\doc18-510.pdf
avis,Lignes de force pour un avenir durable du secteur de l’édition,Papier,01/03/2018,https://www.ccecrb.fgov.be/p/fr/424/lignes-de-force-pour-un-avenir-durable-du-secteur-de-l-edition,https://www.ccecrb.fgov.be/dpics/fichiers/fr/doc18-511.pdf,D:\ccecrb_downloads\avis\doc18-511.pdf
avis,Le projet de loi concernant l’instauration d’une allocation de mobilité,Mobilité,21/02/2018,https://www.ccecrb.fgov.be/p/fr/417/le-projet-de-loi-concernant-l-instauration-d-une-allocation-de-mobilite,https://www.ccecrb.fgov.be/dpics/fichiers/fr/doc18-540.pdf,D:\ccecrb_downloads\avis\doc18-540.pdf
avis,"L’évaluation des codes de conduite sur la vente directe, le fitness et les opticiens",Pratiques du commerce,14/02/2018,https://www.ccecrb.fgov.be/p/fr/414/l-evaluation-des-codes-de-conduite-sur-la-vente-directe-le-fitness-et-les-opticiens,https://www.ccecrb.fgov.be/dpics/fichiers/fr/doc18-414.pdf,D:\ccecrb_downloads\avis\doc18-414.pdf
avis,Denrées et substances alimentaires considérées comme nuisibles et étiquetage des denrées alimentaires préemballées,Pratiques du commerce,09/02/2018,https://www.ccecrb.fgov.be/p/fr/412/denrees-et-substances-alimentaires-considerees-comme-nuisibles-et-etiquetage-des-denrees-alimentaires-preemballees,https://www.ccecrb.fgov.be/dpics/fichiers/fr/doc18-410.pdf,D:\ccecrb_downloads\avis\doc18-410.pdf
avis,Les dénominations commerciales des produits de la pêche et de l'aquaculture,Pratiques du commerce,09/02/2018,https://www.ccecrb.fgov.be/p/fr/413/les-denominations-commerciales-des-produits-de-la-peche-et-de-l-aquaculture,https://www.ccecrb.fgov.be/dpics/fichiers/fr/doc18-411.pdf,D:\ccecrb_downloads\avis\doc18-411.pdf
avis,Le prix des cartes train à partir du 1er février 2018,Mobilité,29/01/2018,https://www.ccecrb.fgov.be/p/fr/407/le-prix-des-cartes-train-a-partir-du-1er-fevrier-2018,https://www.ccecrb.fgov.be/dpics/fichiers/fr/doc18-280.pdf,D:\ccecrb_downloads\avis\doc18-280.pdf
avis,Liaison au bien-être 2017-2018 - Evaluation,Emploi et compétitivité,29/01/2018,https://www.ccecrb.fgov.be/p/fr/408/liaison-au-bien-etre-2017-2018-evaluation,https://www.ccecrb.fgov.be/dpics/fichiers/fr/doc18-300.pdf,D:\ccecrb_downloads\avis\doc18-300.pdf
avis,La CCS « Construction » soutient le Pacte national pour les investissements stratégiques (PNIS),Construction,17/01/2018,https://www.ccecrb.fgov.be/p/fr/60/la-ccs-construction-soutient-le-pacte-national-pour-les-investissements-strategiques-pnis-,https://www.ccecrb.fgov.be/dpics/fichiers/2019-01-07-04-14-43_doc1886fr.pdf,D:\ccecrb_downloads\avis\2019-01-07-04-14-43_doc1886fr.pdf
avis,Secteur du diamant - Experts : appel aux candidats,Diamant,07/12/2017,https://www.ccecrb.fgov.be/p/fr/404/secteur-du-diamant-experts-appel-aux-candidats,https://www.ccecrb.fgov.be/dpics/fichiers/fr/doc17-2693.pdf,D:\ccecrb_downloads\avis\doc17-2693.pdf
avis,Réforme du droit des sociétés et des associations,Organisation de l'économie,05/12/2017,https://www.ccecrb.fgov.be/p/fr/403/reforme-du-droit-des-societes-et-des-associations,https://www.ccecrb.fgov.be/dpics/fichiers/fr/doc17-2666.pdf,D:\ccecrb_downloads\avis\doc17-2666.pdf
avis,L'étiquette de consommation de carburant lors de la commercialisation des voitures particulières neuves,Organisation de l'économie,05/12/2017,https://www.ccecrb.fgov.be/p/fr/418/l-etiquette-de-consommation-de-carburant-lors-de-la-commercialisation-des-voitures-particulieres-neuves,https://www.ccecrb.fgov.be/dpics/fichiers/fr/doc17-2665.pdf,D:\ccecrb_downloads\avis\doc17-2665.pdf
avis,Dénominations et caractéristiques du gasoil destiné au chauffage,Organisation de l'économie,22/11/2017,https://www.ccecrb.fgov.be/p/fr/401/denominations-et-caracteristiques-du-gasoil-destine-au-chauffage,https://www.ccecrb.fgov.be/dpics/fichiers/fr/doc17-2520.pdf,D:\ccecrb_downloads\avis\doc17-2520.pdf
avis,Dénomination et caractéristiques du gasoil diesel et des essences,Organisation de l'économie,22/11/2017,https://www.ccecrb.fgov.be/p/fr/402/denomination-et-caracteristiques-du-gasoil-diesel-et-des-essences,https://www.ccecrb.fgov.be/dpics/fichiers/fr/doc17-2521.pdf,D:\ccecrb_downloads\avis\doc17-2521.pdf
avis,Lignes de force pour le futur contrat de gestion d’Infrabel,Mobilité,25/10/2017,https://www.ccecrb.fgov.be/p/fr/42/lignes-de-force-pour-le-futur-contrat-de-gestion-d-infrabel,https://www.ccecrb.fgov.be/dpics/fichiers/2018-12-21-09-27-47_doc172360fr.pdf,D:\ccecrb_downloads\avis\2018-12-21-09-27-47_doc172360fr.pdf
avis,Pacte national pour les investissements stratégiques,Emploi et compétitivité,25/10/2017,https://www.ccecrb.fgov.be/p/fr/66/pacte-national-pour-les-investissements-strategiques,https://www.ccecrb.fgov.be/dpics/fichiers/2018-12-21-09-16-06_doc172241fr.pdf,D:\ccecrb_downloads\avis\2018-12-21-09-16-06_doc172241fr.pdf
avis,Pacte national pour les investissements stratégiques,Emploi et compétitivité,25/10/2017,https://www.ccecrb.fgov.be/p/fr/395/pacte-national-pour-les-investissements-strategiques,https://www.ccecrb.fgov.be/dpics/fichiers/fr/doc17-2241.pdf,D:\ccecrb_downloads\avis\doc17-2241.pdf
avis,La mise à disposition des normes de produits,Organisation de l'économie,25/10/2017,https://www.ccecrb.fgov.be/p/fr/397/la-mise-a-disposition-des-normes-de-produits,https://www.ccecrb.fgov.be/dpics/fichiers/fr/doc17-2417.pdf,D:\ccecrb_downloads\avis\doc17-2417.pdf
avis,"Avis portant sur le projet d’arrêté royal modifiant l’arrêté royal du 28 février 1994 relatif à la conservation, à la mise sur le marché et à l’utilisation des pesticides à usage agricole visant l’interdiction de certains herbicides à usage",Organisation de l'économie,25/10/2017,https://www.ccecrb.fgov.be/p/fr/398/avis-portant-sur-le-projet-d-arrete-royal-modifiant-l-arrete-royal-du-28-fevrier-1994-relatif-a-la-conservation-a-la-mise-sur-le-marche-et-a-l-utilisation-des-pesticides-a-usage-agricole-visant-l-interdiction-de-certains-herbicides-a-usage,https://www.ccecrb.fgov.be/dpics/fichiers/fr/doc17-2407.pdf,D:\ccecrb_downloads\avis\doc17-2407.pdf
avis,Stratégie de relance – Introduction d’un engagement global des employeurs en matière de places de stage – Évaluation annuelle,Emploi et compétitivité,04/10/2017,https://www.ccecrb.fgov.be/p/fr/451/strategie-de-relance-introduction-d-un-engagement-global-des-employeurs-en-matiere-de-places-de-stage-evaluation-annuelle,https://www.ccecrb.fgov.be/dpics/fichiers/fr/doc17-2160.pdf,D:\ccecrb_downloads\avis\doc17-2160.pdf
avis,Réforme du droit des sociétés et des associations,Organisation de l'économie,20/09/2017,https://www.ccecrb.fgov.be/p/fr/393/reforme-du-droit-des-societes-et-des-associations,https://www.ccecrb.fgov.be/dpics/fichiers/fr/doc17-2017.pdf,D:\ccecrb_downloads\avis\doc17-2017.pdf
avis,"Défis sociaux, économiques et environnementauxà relever dans la définition d’une vision énergétique en Belgique",Énergie,20/09/2017,https://www.ccecrb.fgov.be/p/fr/394/defis-sociaux-economiques-et-environnementauxa-relever-dans-la-definition-d-une-vision-energetique-en-belgique,https://www.ccecrb.fgov.be/dpics/fichiers/fr/doc17-2055.pdf,D:\ccecrb_downloads\avis\doc17-2055.pdf
avis,Le renforcement de l'efficacité des autorités nationales de concurrence,Concurrence,05/09/2017,https://www.ccecrb.fgov.be/p/fr/391/le-renforcement-de-l-efficacite-des-autorites-nationales-de-concurrence,https://www.ccecrb.fgov.be/dpics/fichiers/fr/doc17-1906.pdf,D:\ccecrb_downloads\avis\doc17-1906.pdf
avis,Pistes afin de réduire davantage les besoins en énergie dans le secteur des transports,Mobilité,18/07/2017,https://www.ccecrb.fgov.be/p/fr/633/pistes-afin-de-reduire-davantage-les-besoins-en-energie-dans-le-secteur-des-transports,https://www.ccecrb.fgov.be/dpics/fichiers/2019-04-17-01-41-17_doc171750fr.pdf,D:\ccecrb_downloads\avis\2019-04-17-01-41-17_doc171750fr.pdf
avis,Création des Commissions consultatives spéciales « Consommation » et « Clauses abusives » au sein du Conseil central de l’économie,Organisation de l'économie,18/07/2017,https://www.ccecrb.fgov.be/p/fr/388/creation-des-commissions-consultatives-speciales-consommation-et-clauses-abusives-au-sein-du-conseil-central-de-l-economie,https://www.ccecrb.fgov.be/dpics/fichiers/fr/doc17-1716.pdf,D:\ccecrb_downloads\avis\doc17-1716.pdf
avis,Pacte national pour les investissements stratégiques,Construction,01/07/2017,https://www.ccecrb.fgov.be/p/fr/409/pacte-national-pour-les-investissements-strategiques,https://www.ccecrb.fgov.be/dpics/fichiers/fr/doc17-1675.pdf,D:\ccecrb_downloads\avis\doc17-1675.pdf
avis,La réforme du financement de la sécurité sociale,Emploi et compétitivité,21/06/2017,https://www.ccecrb.fgov.be/p/fr/384/la-reforme-du-financement-de-la-securite-sociale,https://www.ccecrb.fgov.be/dpics/fichiers/fr/doc17-1540.pdf,D:\ccecrb_downloads\avis\doc17-1540.pdf
avis,Loan-To-Value,Construction,28/04/2017,https://www.ccecrb.fgov.be/p/fr/382/loan-to-value,https://www.ccecrb.fgov.be/dpics/fichiers/fr/doc17-1098.pdf,D:\ccecrb_downloads\avis\doc17-1098.pdf
avis,Avis sur le projet d’arrêté royal relatif au Programme 2018-2022 du Plan fédéral de Réduction des Produits phytopharmaceutiques,Organisation de l'économie,26/04/2017,https://www.ccecrb.fgov.be/p/fr/381/avis-sur-le-projet-d-arrete-royal-relatif-au-programme-2018-2022-du-plan-federal-de-reduction-des-produits-phytopharmaceutiques,https://www.ccecrb.fgov.be/dpics/fichiers/fr/doc17-1101.pdf,D:\ccecrb_downloads\avis\doc17-1101.pdf
avis,Le budget mobilité,Mobilité,07/04/2017,https://www.ccecrb.fgov.be/p/fr/378/le-budget-mobilite,https://www.ccecrb.fgov.be/dpics/fichiers/fr/doc17-885.pdf,D:\ccecrb_downloads\avis\doc17-885.pdf
avis,Programme national de réformes 2017 : Contribution du Conseil central de l’économie et du Conseil national du travail,Emploi et compétitivité,07/04/2017,https://www.ccecrb.fgov.be/p/fr/379/programme-national-de-reformes-2017-contribution-du-conseil-central-de-l-economie-et-du-conseil-national-du-travail,https://www.ccecrb.fgov.be/dpics/fichiers/fr/doc17-970.pdf,D:\ccecrb_downloads\avis\doc17-970.pdf
avis,Création d'un Conseil national de la productivité,Emploi et compétitivité,29/03/2017,https://www.ccecrb.fgov.be/p/fr/377/creation-d-un-conseil-national-de-la-productivite,https://www.ccecrb.fgov.be/dpics/fichiers/fr/doc17-670.pdf,D:\ccecrb_downloads\avis\doc17-670.pdf
avis,La mise à disposition sur le marché et l'utilisation des produits biocides,Organisation de l'économie,29/03/2017,https://www.ccecrb.fgov.be/p/fr/380/la-mise-a-disposition-sur-le-marche-et-l-utilisation-des-produits-biocides,https://www.ccecrb.fgov.be/dpics/fichiers/fr/doc17-955.pdf,D:\ccecrb_downloads\avis\doc17-955.pdf
avis,"Liaison au bien-être 2017-2018 - Loi relative au pacte de solidarité entre les générations - Pacte de compétitivité, d'emploi et de relance",Emploi et compétitivité,21/03/2017,https://www.ccecrb.fgov.be/p/fr/375/liaison-au-bien-etre-2017-2018-loi-relative-au-pacte-de-solidarite-entre-les-generations-pacte-de-competitivite-d-emploi-et-de-relance,https://www.ccecrb.fgov.be/dpics/fichiers/fr/doc17-708.pdf,D:\ccecrb_downloads\avis\doc17-708.pdf
avis,Diagnostic fédéral des déplacements domicile-travail : amélioration du projet de questionnaire 2017 et recommandations générales,Mobilité,21/03/2017,https://www.ccecrb.fgov.be/p/fr/376/diagnostic-federal-des-deplacements-domicile-travail-amelioration-du-projet-de-questionnaire-2017-et-recommandations-generales,https://www.ccecrb.fgov.be/dpics/fichiers/fr/doc17-714.pdf,D:\ccecrb_downloads\avis\doc17-714.pdf
avis,"Travailler avec les pouvoirs publics pour une chaîne de valeur circulaire forte dans le secteur papetier, graphique et de l'édition",Papier,14/03/2017,https://www.ccecrb.fgov.be/p/fr/374/travailler-avec-les-pouvoirs-publics-pour-une-chaine-de-valeur-circulaire-forte-dans-le-secteur-papetier-graphique-et-de-l-edition,https://www.ccecrb.fgov.be/dpics/fichiers/2019-04-15-11-18-53_doc170329fr.pdf,D:\ccecrb_downloads\avis\2019-04-15-11-18-53_doc170329fr.pdf
avis,La communication de la Commission européenne pour une orientation positive de la politique budgétaire de la zone euro,Emploi et compétitivité,22/02/2017,https://www.ccecrb.fgov.be/p/fr/369/la-communication-de-la-commission-europeenne-pour-une-orientation-positive-de-la-politique-budgetaire-de-la-zone-euro,https://www.ccecrb.fgov.be/dpics/fichiers/fr/doc17-440.pdf,D:\ccecrb_downloads\avis\doc17-440.pdf
avis,Des économistes de premier plan mettent en évidence le diagnostic des partenaires sociaux du secteur de la construction : il est urgent d’accroître et d’optimaliser les investissements publics pour remettre la Belgique sur les rails,Construction,21/02/2017,https://www.ccecrb.fgov.be/p/fr/370/des-economistes-de-premier-plan-mettent-en-evidence-le-diagnostic-des-partenaires-sociaux-du-secteur-de-la-construction-il-est-urgent-d-accroitre-et-d-optimaliser-les-investissements-publics-pour-remettre-la-belgique-sur-les-rails,https://www.ccecrb.fgov.be/dpics/fichiers/fr/doc17-479.pdf,D:\ccecrb_downloads\avis\doc17-479.pdf
avis,Propositions de la plateforme de discussion permanente concernant le secteur financier,Organisation de l'économie,18/01/2017,https://www.ccecrb.fgov.be/p/fr/363/propositions-de-la-plateforme-de-discussion-permanente-concernant-le-secteur-financier,https://www.ccecrb.fgov.be/dpics/fichiers/fr/doc17-120.pdf,D:\ccecrb_downloads\avis\doc17-120.pdf
avis,Rapport Emploi Compétitivité 2016 - Partie1,Négociation salariale,10/01/2017,https://www.ccecrb.fgov.be/p/fr/364/rapport-emploi-competitivite-2016-partie1,https://www.ccecrb.fgov.be/dpics/fichiers/fr/doc17-80.pdf,D:\ccecrb_downloads\avis\doc17-80.pdf
avis,Le prix des cartes train à partir du 1er février 2017,Mobilité,20/12/2016,https://www.ccecrb.fgov.be/p/fr/360/le-prix-des-cartes-train-a-partir-du-1er-fevrier-2017,https://www.ccecrb.fgov.be/dpics/fichiers/fr/doc16-2871.pdf,D:\ccecrb_downloads\avis\doc16-2871.pdf
avis,Avis concernant un projet d’arrêté royal modifiant l’entrée en vigueur de certaines dispositions de l’arrêté royal du 27 mai 2014 relatif à la mise sur le marché des substances manufacturées à l’état nanoparticulaire,Organisation de l'économie,20/12/2016,https://www.ccecrb.fgov.be/p/fr/361/avis-concernant-un-projet-d-arrete-royal-modifiant-l-entree-en-vigueur-de-certaines-dispositions-de-l-arrete-royal-du-27-mai-2014-relatif-a-la-mise-sur-le-marche-des-substances-manufacturees-a-l-etat-nanoparticulaire,https://www.ccecrb.fgov.be/dpics/fichiers/fr/doc16-2806.pdf,D:\ccecrb_downloads\avis\doc16-2806.pdf
avis,"Avis sur le projet d'arrêté royal relatif à la dénomination, aux caractéristiques et à la teneur en soufre du pétrole lampant",Organisation de l'économie,23/11/2016,https://www.ccecrb.fgov.be/p/fr/385/avis-sur-le-projet-d-arrete-royal-relatif-a-la-denomination-aux-caracteristiques-et-a-la-teneur-en-soufre-du-petrole-lampant,https://www.ccecrb.fgov.be/dpics/fichiers/fr/doc16-2485.pdf,D:\ccecrb_downloads\avis\doc16-2485.pdf
avis,Organisation d’une épreuve d’aptitude en vue de la nomination d'experts diamantaires,Diamant,26/10/2016,https://www.ccecrb.fgov.be/p/fr/358/organisation-d-une-epreuve-d-aptitude-en-vue-de-la-nomination-d-experts-diamantaires,https://www.ccecrb.fgov.be/dpics/fichiers/fr/doc16-2331.pdf,D:\ccecrb_downloads\avis\doc16-2331.pdf
avis,Proposition de mesures fédérales de renforcement de l'économie circulaire,Emploi et compétitivité,22/09/2016,https://www.ccecrb.fgov.be/p/fr/349/proposition-de-mesures-federales-de-renforcement-de-l-economie-circulaire,https://www.ccecrb.fgov.be/dpics/fichiers/fr/doc16-2060.pdf,D:\ccecrb_downloads\avis\doc16-2060.pdf
avis,Transposition de la directive concernant les informations non financières et les informations relatives à la diversité,Organisation de l'économie,22/09/2016,https://www.ccecrb.fgov.be/p/fr/350/transposition-de-la-directive-concernant-les-informations-non-financieres-et-les-informations-relatives-a-la-diversite,https://www.ccecrb.fgov.be/dpics/fichiers/fr/doc16-2140.pdf,D:\ccecrb_downloads\avis\doc16-2140.pdf
avis,"Huitième rapport bisannuel du Service de lutte contre la pauvreté, la précarité et l’exclusion sociale - Rapport 2014-2015",Emploi et compétitivité,21/09/2016,https://www.ccecrb.fgov.be/p/fr/353/huitieme-rapport-bisannuel-du-service-de-lutte-contre-la-pauvrete-la-precarite-et-l-exclusion-sociale-rapport-2014-2015,https://www.ccecrb.fgov.be/dpics/fichiers/fr/doc16-2040.pdf,D:\ccecrb_downloads\avis\doc16-2040.pdf
avis,Avis en prévision du diagnostic fédéral sur les déplacements domicile- travail 2017,Mobilité,19/07/2016,https://www.ccecrb.fgov.be/p/fr/344/avis-en-prevision-du-diagnostic-federal-sur-les-deplacements-domicile-travail-2017,https://www.ccecrb.fgov.be/dpics/fichiers/fr/doc16-1680.pdf,D:\ccecrb_downloads\avis\doc16-1680.pdf
avis,Projet d’arrêté royal déterminant les conditions imposées aux vendeurs et utilisateurs de biocides destinés à la fumigation,Organisation de l'économie,19/07/2016,https://www.ccecrb.fgov.be/p/fr/345/projet-d-arrete-royal-determinant-les-conditions-imposees-aux-vendeurs-et-utilisateurs-de-biocides-destines-a-la-fumigation,https://www.ccecrb.fgov.be/dpics/fichiers/fr/doc16-1567.pdf,D:\ccecrb_downloads\avis\doc16-1567.pdf
avis,Diagnostic des investissements publics en Belgique,Construction,12/07/2016,https://www.ccecrb.fgov.be/p/fr/348/diagnostic-des-investissements-publics-en-belgique,https://www.ccecrb.fgov.be/dpics/fichiers/fr/doc16-1669.pdf,D:\ccecrb_downloads\avis\doc16-1669.pdf
avis,Actions en dommages et intérêts pour infractions au droit de la concurrence,Concurrence,19/05/2016,https://www.ccecrb.fgov.be/p/fr/334/actions-en-dommages-et-interets-pour-infractions-au-droit-de-la-concurrence,https://www.ccecrb.fgov.be/dpics/fichiers/fr/doc16-1150.pdf,D:\ccecrb_downloads\avis\doc16-1150.pdf
avis,Programme national de réformes 2016 - Contribution du Conseil central de l’économie et du Conseil national du travail,Emploi et compétitivité,27/04/2016,https://www.ccecrb.fgov.be/p/fr/331/programme-national-de-reformes-2016-contribution-du-conseil-central-de-l-economie-et-du-conseil-national-du-travail,https://www.ccecrb.fgov.be/dpics/fichiers/fr/doc16-710.pdf,D:\ccecrb_downloads\avis\doc16-710.pdf
avis,Analyse d'impact de la réglementation et qualité de la réglementation,Organisation de l'économie,27/04/2016,https://www.ccecrb.fgov.be/p/fr/332/analyse-d-impact-de-la-reglementation-et-qualite-de-la-reglementation,https://www.ccecrb.fgov.be/dpics/fichiers/fr/doc16-940.pdf,D:\ccecrb_downloads\avis\doc16-940.pdf
avis,Avis relatif au projet d’arrêté royal modifiant l’arrêté royal du 19 mars 2013 pour parvenir à une utilisation des produits phytopharmaceutiques et adjuvants compatible avec le développement durable,Organisation de l'économie,27/04/2016,https://www.ccecrb.fgov.be/p/fr/333/avis-relatif-au-projet-d-arrete-royal-modifiant-l-arrete-royal-du-19-mars-2013-pour-parvenir-a-une-utilisation-des-produits-phytopharmaceutiques-et-adjuvants-compatible-avec-le-developpement-durable,https://www.ccecrb.fgov.be/dpics/fichiers/fr/doc16-650.pdf,D:\ccecrb_downloads\avis\doc16-650.pdf
avis,L’évolution économique dans l’industrie du textile et de l’habillement – automne 2015,Textile,25/02/2016,https://www.ccecrb.fgov.be/p/fr/328/l-evolution-economique-dans-l-industrie-du-textile-et-de-l-habillement-automne-2015,https://www.ccecrb.fgov.be/dpics/fichiers/fr/doc16-401.pdf,D:\ccecrb_downloads\avis\doc16-401.pdf
avis,Vers une économie circulaire belge créatrice d’emplois de qualité et de valeur ajoutée – focus sur le recyclage,Emploi et compétitivité,24/02/2016,https://www.ccecrb.fgov.be/p/fr/326/vers-une-economie-circulaire-belge-creatrice-d-emplois-de-qualite-et-de-valeur-ajoutee-focus-sur-le-recyclage,https://www.ccecrb.fgov.be/dpics/fichiers/fr/doc16-496.pdf,D:\ccecrb_downloads\avis\doc16-496.pdf
avis,"L’intégration au sein du Conseil central de l’économie du Comité consultatif pour les télécommunications, du Comité consultatif pour les services postaux, de l’Observatoire des droits de l’Internet et de la Commission de la Sécurité des Cons",Organisation de l'économie,24/02/2016,https://www.ccecrb.fgov.be/p/fr/327/l-integration-au-sein-du-conseil-central-de-l-economie-du-comite-consultatif-pour-les-telecommunications-du-comite-consultatif-pour-les-services-postaux-de-l-observatoire-des-droits-de-l-internet-et-de-la-commission-de-la-securite-des-cons,https://www.ccecrb.fgov.be/dpics/fichiers/fr/doc16-470.pdf,D:\ccecrb_downloads\avis\doc16-470.pdf
avis,L'application efficace des règles de l'UE par les autorités nationales de concurrence,Concurrence,05/02/2016,https://www.ccecrb.fgov.be/p/fr/316/l-application-efficace-des-regles-de-l-ue-par-les-autorites-nationales-de-concurrence,https://www.ccecrb.fgov.be/dpics/fichiers/fr/doc16-290.pdf,D:\ccecrb_downloads\avis\doc16-290.pdf
avis,Le prix des cartes train à partir du 1er février 2016,Mobilité,26/01/2016,https://www.ccecrb.fgov.be/p/fr/313/le-prix-des-cartes-train-a-partir-du-1er-fevrier-2016,https://www.ccecrb.fgov.be/dpics/fichiers/fr/doc16-185.pdf,D:\ccecrb_downloads\avis\doc16-185.pdf
avis,Les plans de la SNCB concernant les tarifs différenciés aux heures de pointe et aux heures creuses : les interlocuteurs sociaux expliquent leurs positions communes,Mobilité,26/01/2016,https://www.ccecrb.fgov.be/p/fr/314/les-plans-de-la-sncb-concernant-les-tarifs-differencies-aux-heures-de-pointe-et-aux-heures-creuses-les-interlocuteurs-sociaux-expliquent-leurs-positions-communes,https://www.ccecrb.fgov.be/dpics/fichiers/fr/doc16-186.pdf,D:\ccecrb_downloads\avis\doc16-186.pdf
avis,L'avant-projet du plan d'action national Entreprises et Droits de l'Homme,Organisation de l'économie,26/01/2016,https://www.ccecrb.fgov.be/p/fr/315/l-avant-projet-du-plan-d-action-national-entreprises-et-droits-de-l-homme,https://www.ccecrb.fgov.be/dpics/fichiers/fr/doc16-187.pdf,D:\ccecrb_downloads\avis\doc16-187.pdf
avis,Les principes de base pour une politique de mobilité durable,Mobilité,18/11/2015,https://www.ccecrb.fgov.be/p/fr/309/les-principes-de-base-pour-une-politique-de-mobilite-durable,https://www.ccecrb.fgov.be/dpics/fichiers/fr/doc15-2220.pdf,D:\ccecrb_downloads\avis\doc15-2220.pdf
avis,Les commissions d’interchange pour les opérations de paiement liées à une carte,Concurrence,29/10/2015,https://www.ccecrb.fgov.be/p/fr/308/les-commissions-d-interchange-pour-les-operations-de-paiement-liees-a-une-carte,https://www.ccecrb.fgov.be/dpics/fichiers/fr/doc15-2000.pdf,D:\ccecrb_downloads\avis\doc15-2000.pdf
avis,Attentes des partenaires sociaux vis-à-vis du système financier belge,Organisation de l'économie,21/10/2015,https://www.ccecrb.fgov.be/p/fr/307/attentes-des-partenaires-sociaux-vis-a-vis-du-systeme-financier-belge,https://www.ccecrb.fgov.be/dpics/fichiers/fr/doc15-1986.pdf,D:\ccecrb_downloads\avis\doc15-1986.pdf
avis,Stratégie de relance – Introduction d’un engagement global des employeurs en matière de places de stage - Évaluation annuelle - année 2014,Emploi et compétitivité,14/07/2015,https://www.ccecrb.fgov.be/p/fr/306/strategie-de-relance-introduction-d-un-engagement-global-des-employeurs-en-matiere-de-places-de-stage-evaluation-annuelle-annee-2014,https://www.ccecrb.fgov.be/dpics/fichiers/fr/doc15-1461.pdf,D:\ccecrb_downloads\avis\doc15-1461.pdf
avis,L’évolution conjoncturelle dans l'industrie papetière et graphique - Printemps 2015,Papier,02/07/2015,https://www.ccecrb.fgov.be/p/fr/305/l-evolution-conjoncturelle-dans-l-industrie-papetiere-et-graphique-printemps-2015,https://www.ccecrb.fgov.be/dpics/fichiers/fr/doc15-1344.pdf,D:\ccecrb_downloads\avis\doc15-1344.pdf
avis,Les conséquences des projets de nouvelle politique tarifaire de la SNCB pour la concertation sociale,Mobilité,24/06/2015,https://www.ccecrb.fgov.be/p/fr/303/les-consequences-des-projets-de-nouvelle-politique-tarifaire-de-la-sncb-pour-la-concertation-sociale,https://www.ccecrb.fgov.be/dpics/fichiers/fr/doc15-1260.pdf,D:\ccecrb_downloads\avis\doc15-1260.pdf
avis,Avis en prévision des négociations sur les futurs contrats de gestion de la SNCB et d’infrabel,Mobilité,22/04/2015,https://www.ccecrb.fgov.be/p/fr/297/avis-en-prevision-des-negociations-sur-les-futurs-contrats-de-gestion-de-la-sncb-et-d-infrabel,https://www.ccecrb.fgov.be/dpics/fichiers/fr/doc15-890.pdf,D:\ccecrb_downloads\avis\doc15-890.pdf
avis,Avis en prévision des négociations sur les futurs contrats de gestion de la SNCB et d’Infrabel,Mobilité,22/04/2015,https://www.ccecrb.fgov.be/p/fr/44/avis-en-prevision-des-negociations-sur-les-futurs-contrats-de-gestion-de-la-sncb-et-d-infrabel,https://www.ccecrb.fgov.be/dpics/fichiers/2021-09-01-03-13-45_doc15890fr.pdf,D:\ccecrb_downloads\avis\2021-09-01-03-13-45_doc15890fr.pdf
avis,"Liaison au bien-être 2015-2016 – Loi relative au pacte de solidarité entre les générations - Pacte de compétitivité, d’emploi et de relance",Emploi et compétitivité,24/03/2015,https://www.ccecrb.fgov.be/p/fr/292/liaison-au-bien-etre-2015-2016-loi-relative-au-pacte-de-solidarite-entre-les-generations-pacte-de-competitivite-d-emploi-et-de-relance,https://www.ccecrb.fgov.be/dpics/fichiers/fr/doc15-700.pdf,D:\ccecrb_downloads\avis\doc15-700.pdf
avis,Transposition de la nouvelle directive comptable,Organisation de l'économie,18/03/2015,https://www.ccecrb.fgov.be/p/fr/291/transposition-de-la-nouvelle-directive-comptable,https://www.ccecrb.fgov.be/dpics/fichiers/fr/doc15-600.pdf,D:\ccecrb_downloads\avis\doc15-600.pdf
avis,Avis sur le projet d’arrêté royal relatif à la notification des mélanges dangereux au Centre national de prévention et de traitement des intoxications,Organisation de l'économie,25/02/2015,https://www.ccecrb.fgov.be/p/fr/289/avis-sur-le-projet-d-arrete-royal-relatif-a-la-notification-des-melanges-dangereux-au-centre-national-de-prevention-et-de-traitement-des-intoxications,https://www.ccecrb.fgov.be/dpics/fichiers/fr/doc15-425.pdf,D:\ccecrb_downloads\avis\doc15-425.pdf
avis,L'engagement des interlocuteurs sociaux face aux enjeux énergétiques,Énergie,21/01/2015,https://www.ccecrb.fgov.be/p/fr/286/l-engagement-des-interlocuteurs-sociaux-face-aux-enjeux-energetiques,https://www.ccecrb.fgov.be/dpics/fichiers/fr/doc15-135.pdf,D:\ccecrb_downloads\avis\doc15-135.pdf
avis,La nouvelle politique tarifaire de la SNCB,Mobilité,21/01/2015,https://www.ccecrb.fgov.be/p/fr/287/la-nouvelle-politique-tarifaire-de-la-sncb,https://www.ccecrb.fgov.be/dpics/fichiers/fr/doc15-110.pdf,D:\ccecrb_downloads\avis\doc15-110.pdf
avis,Proposition d’actions fédérales visant à promouvoir le covoiturage en Belgique,Mobilité,15/10/2014,https://www.ccecrb.fgov.be/p/fr/277/proposition-d-actions-federales-visant-a-promouvoir-le-covoiturage-en-belgique,https://www.ccecrb.fgov.be/dpics/fichiers/fr/doc14-1820.pdf,D:\ccecrb_downloads\avis\doc14-1820.pdf
avis,Projet d’arrêté royal relatif à des broyeurs et projet d’arrêté royal relatif à des produits conçus pour être évacués dans les toilettes,Organisation de l'économie,15/10/2014,https://www.ccecrb.fgov.be/p/fr/278/projet-d-arrete-royal-relatif-a-des-broyeurs-et-projet-d-arrete-royal-relatif-a-des-produits-concus-pour-etre-evacues-dans-les-toilettes,https://www.ccecrb.fgov.be/dpics/fichiers/fr/doc14-1825.pdf,D:\ccecrb_downloads\avis\doc14-1825.pdf
avis,Projet d’arrêté royal modifiant l’arrêté royal du 7 septembre 2012 fixant la langue sur l’étiquette et sur la fiche de données de sécurité des substances et mélanges,Organisation de l'économie,15/10/2014,https://www.ccecrb.fgov.be/p/fr/280/projet-d-arrete-royal-modifiant-l-arrete-royal-du-7-septembre-2012-fixant-la-langue-sur-l-etiquette-et-sur-la-fiche-de-donnees-de-securite-des-substances-et-melanges,https://www.ccecrb.fgov.be/dpics/fichiers/fr/doc14-1840.pdf,D:\ccecrb_downloads\avis\doc14-1840.pdf
avis,Projet d’étude sur les perspectives d’approvisionnement en électricité à l’horizon 2030 et le rapport sur les incidences environnementales y afférent,Énergie,25/06/2014,https://www.ccecrb.fgov.be/p/fr/268/projet-d-etude-sur-les-perspectives-d-approvisionnement-en-electricite-a-l-horizon-2030-et-le-rapport-sur-les-incidences-environnementales-y-afferent,https://www.ccecrb.fgov.be/dpics/fichiers/fr/doc14-1145.pdf,D:\ccecrb_downloads\avis\doc14-1145.pdf
avis,"Avis sur un projet d'intégration du Conseil de la consommation, de la Commission des clauses abusives et de la Commission pour l'étiquetage et la publicité écologiques au sein du Conseil central de l'économie",Organisation de l'économie,21/05/2014,https://www.ccecrb.fgov.be/p/fr/267/avis-sur-un-projet-d-integration-du-conseil-de-la-consommation-de-la-commission-des-clauses-abusives-et-de-la-commission-pour-l-etiquetage-et-la-publicite-ecologiques-au-sein-du-conseil-central-de-l-economie,https://www.ccecrb.fgov.be/dpics/fichiers/fr/doc14-920.pdf,D:\ccecrb_downloads\avis\doc14-920.pdf
avis,"Projet d’AR portant exécution de l’article 23 du projet de loi exécutant le pacte de compétitivité, d’emploi et de relance",Emploi et compétitivité,23/04/2014,https://www.ccecrb.fgov.be/p/fr/265/projet-d-ar-portant-execution-de-l-article-23-du-projet-de-loi-executant-le-pacte-de-competitivite-d-emploi-et-de-relance,https://www.ccecrb.fgov.be/dpics/fichiers/fr/doc14-630.pdf,D:\ccecrb_downloads\avis\doc14-630.pdf
avis,La modification des arrêtés d’exécution relatifs à la collecte de données concernant les déplacements des travailleurs entre leur domicile et leur lieu de travail,Mobilité,25/03/2014,https://www.ccecrb.fgov.be/p/fr/264/la-modification-des-arretes-d-execution-relatifs-a-la-collecte-de-donnees-concernant-les-deplacements-des-travailleurs-entre-leur-domicile-et-leur-lieu-de-travail,https://www.ccecrb.fgov.be/dpics/fichiers/fr/doc14-470.pdf,D:\ccecrb_downloads\avis\doc14-470.pdf
avis,"Avant-projet de loi du Pacte de compétitivité, d’emploi et de relance et projets d’arrêtés d’exécution",Emploi et compétitivité,25/02/2014,https://www.ccecrb.fgov.be/p/fr/261/avant-projet-de-loi-du-pacte-de-competitivite-d-emploi-et-de-relance-et-projets-d-arretes-d-execution,https://www.ccecrb.fgov.be/dpics/fichiers/fr/doc14-318.pdf,D:\ccecrb_downloads\avis\doc14-318.pdf
avis,L’évaluation du diagnostic fédéral sur les déplacements domicile-travail 2011 et les améliorations proposées pour 2014,Mobilité,25/02/2014,https://www.ccecrb.fgov.be/p/fr/262/l-evaluation-du-diagnostic-federal-sur-les-deplacements-domicile-travail-2011-et-les-ameliorations-proposees-pour-2014,https://www.ccecrb.fgov.be/dpics/fichiers/fr/doc14-317.pdf,D:\ccecrb_downloads\avis\doc14-317.pdf
avis,Avis sur le projet d’arrêté royal relatif à la mise à disposition obligatoire d’une oreillette lors de la vente de téléphones mobiles,Organisation de l'économie,19/02/2014,https://www.ccecrb.fgov.be/p/fr/259/avis-sur-le-projet-d-arrete-royal-relatif-a-la-mise-a-disposition-obligatoire-d-une-oreillette-lors-de-la-vente-de-telephones-mobiles,https://www.ccecrb.fgov.be/dpics/fichiers/fr/doc14-265.pdf,D:\ccecrb_downloads\avis\doc14-265.pdf
avis,Proposition de directive : Actions en dommages et intérêts pour les infractions au droit de la concurrence,Concurrence,09/01/2014,https://www.ccecrb.fgov.be/p/fr/252/proposition-de-directive-actions-en-dommages-et-interets-pour-les-infractions-au-droit-de-la-concurrence,https://www.ccecrb.fgov.be/dpics/fichiers/fr/doc14-25.pdf,D:\ccecrb_downloads\avis\doc14-25.pdf
avis,Prix des cartes train en vigueur au 1er février 2014,Mobilité,18/12/2013,https://www.ccecrb.fgov.be/p/fr/251/prix-des-cartes-train-en-vigueur-au-1er-fevrier-2014,https://www.ccecrb.fgov.be/dpics/fichiers/fr/doc13-1541.pdf,D:\ccecrb_downloads\avis\doc13-1541.pdf
avis,Fraude dans le secteur de la construction : Le point de vue des partenaires sociaux représentés au sein de la Commission consultative spéciale de la Construction,Construction,04/11/2013,https://www.ccecrb.fgov.be/p/fr/249/fraude-dans-le-secteur-de-la-construction-le-point-de-vue-des-partenaires-sociaux-representes-au-sein-de-la-commission-consultative-speciale-de-la-construction,https://www.ccecrb.fgov.be/dpics/fichiers/fr/doc13-1310.pdf,D:\ccecrb_downloads\avis\doc13-1310.pdf
avis,Avis sur le projet d’arrêté royal fixant les exigences minimales pour les affichages environnementaux sur des produits de construction et la création d’une base de données fédérales pour les déclarations environnementales de produits,Organisation de l'économie,23/10/2013,https://www.ccecrb.fgov.be/p/fr/244/avis-sur-le-projet-d-arrete-royal-fixant-les-exigences-minimales-pour-les-affichages-environnementaux-sur-des-produits-de-construction-et-la-creation-d-une-base-de-donnees-federales-pour-les-declarations-environnementales-de-produits,https://www.ccecrb.fgov.be/dpics/fichiers/fr/doc13-1200.pdf,D:\ccecrb_downloads\avis\doc13-1200.pdf
avis,Simplification administrative: analyse d'impact préalable de la réglementation,Organisation de l'économie,23/10/2013,https://www.ccecrb.fgov.be/p/fr/245/simplification-administrative-analyse-d-impact-prealable-de-la-reglementation,https://www.ccecrb.fgov.be/dpics/fichiers/fr/doc13-1215.pdf,D:\ccecrb_downloads\avis\doc13-1215.pdf
avis,Avis concernant un projet d'arrêté royal relatif à la mise sur le marché des substances manufacturées à l'état nanoparticulaire,Organisation de l'économie,23/10/2013,https://www.ccecrb.fgov.be/p/fr/246/avis-concernant-un-projet-d-arrete-royal-relatif-a-la-mise-sur-le-marche-des-substances-manufacturees-a-l-etat-nanoparticulaire,https://www.ccecrb.fgov.be/dpics/fichiers/fr/doc13-1270.pdf,D:\ccecrb_downloads\avis\doc13-1270.pdf
avis,Avis relatif à l’organisation d’une épreuve d’aptitude en vue de la nomination d’experts diamantaires,Diamant,11/10/2013,https://www.ccecrb.fgov.be/p/fr/266/avis-relatif-a-l-organisation-d-une-epreuve-d-aptitude-en-vue-de-la-nomination-d-experts-diamantaires,https://www.ccecrb.fgov.be/dpics/fichiers/2024-10-21-01-14-33_CCE20131196AVISDEF.PDF,D:\ccecrb_downloads\avis\2024-10-21-01-14-33_CCE20131196AVISDEF.PDF
avis,Projet de plan pluriannuel d’investissements du groupe SNCB pour la période 2013-2025,Mobilité,19/06/2013,https://www.ccecrb.fgov.be/p/fr/239/projet-de-plan-pluriannuel-d-investissements-du-groupe-sncb-pour-la-periode-2013-2025,https://www.ccecrb.fgov.be/dpics/fichiers/fr/doc13-770.pdf,D:\ccecrb_downloads\avis\doc13-770.pdf
avis,Avis sur un projet d'arrêté royal fixant les modalités pour la transmission du rapport d'analyse de la structure de la rémunération des travailleurs aux membres du conseil d'entreprise et sur un projet de formulaire devant servir de base à c,Emploi et compétitivité,28/05/2013,https://www.ccecrb.fgov.be/p/fr/236/avis-sur-un-projet-d-arrete-royal-fixant-les-modalites-pour-la-transmission-du-rapport-d-analyse-de-la-structure-de-la-remuneration-des-travailleurs-aux-membres-du-conseil-d-entreprise-et-sur-un-projet-de-formulaire-devant-servir-de-base-a-c,https://www.ccecrb.fgov.be/dpics/fichiers/fr/doc13-679.pdf,D:\ccecrb_downloads\avis\doc13-679.pdf
avis,Avis concernant l’avant-projet d’arrêté royal relatif à la mise à disposition sur le marché et à l’utilisation des produits biocides,Organisation de l'économie,22/05/2013,https://www.ccecrb.fgov.be/p/fr/234/avis-concernant-l-avant-projet-d-arrete-royal-relatif-a-la-mise-a-disposition-sur-le-marche-et-a-l-utilisation-des-produits-biocides,https://www.ccecrb.fgov.be/dpics/fichiers/fr/doc13-600.pdf,D:\ccecrb_downloads\avis\doc13-600.pdf
avis,Liaison au bien-être 2013-2014 - Exécution de la loi du 23 décembre 2005 relative au pacte de solidarité entre les générations,Emploi et compétitivité,28/03/2013,https://www.ccecrb.fgov.be/p/fr/232/liaison-au-bien-etre-2013-2014-execution-de-la-loi-du-23-decembre-2005-relative-au-pacte-de-solidarite-entre-les-generations,https://www.ccecrb.fgov.be/dpics/fichiers/fr/doc13-441.pdf,D:\ccecrb_downloads\avis\doc13-441.pdf
avis,"Avis relatif à un projet d'arrêté royal définissant les conditions de présentation et d'instruction des exemptions aux règlements REACH, biocides et/ou CLP lorsqu'elles s'avèrent nécessaires aux intérêts de la défense",Organisation de l'économie,27/03/2013,https://www.ccecrb.fgov.be/p/fr/230/avis-relatif-a-un-projet-d-arrete-royal-definissant-les-conditions-de-presentation-et-d-instruction-des-exemptions-aux-reglements-reach-biocides-et-ou-clp-lorsqu-elles-s-averent-necessaires-aux-interets-de-la-defense,https://www.ccecrb.fgov.be/dpics/fichiers/fr/doc13-434.pdf,D:\ccecrb_downloads\avis\doc13-434.pdf
avis,Code de droit économique – Livre XIII « Concertation »,Organisation de l'économie,27/03/2013,https://www.ccecrb.fgov.be/p/fr/231/code-de-droit-economique-livre-xiii-concertation-,https://www.ccecrb.fgov.be/dpics/fichiers/fr/doc13-435.pdf,D:\ccecrb_downloads\avis\doc13-435.pdf
avis,Avis sur trois projets d’arrêtés royaux relatifs aux dénominations et aux caractéristiques : des essences pour les moteurs à essence; du gasoil-diesel pour les véhicules routiers; des gasoils destinés au chauffage et à l’usage dans les engin,Organisation de l'économie,27/02/2013,https://www.ccecrb.fgov.be/p/fr/223/avis-sur-trois-projets-d-arretes-royaux-relatifs-aux-denominations-et-aux-caracteristiques-des-essences-pour-les-moteurs-a-essence-du-gasoil-diesel-pour-les-vehicules-routiers-des-gasoils-destines-au-chauffage-et-a-l-usage-dans-les-engin,https://www.ccecrb.fgov.be/dpics/fichiers/fr/doc13-176.pdf,D:\ccecrb_downloads\avis\doc13-176.pdf
avis,Avis concernant un projet d’arrêté royal relatif au Programme fédéral de réduction des pesticides pour la période 2013 - 2017,Organisation de l'économie,29/01/2013,https://www.ccecrb.fgov.be/p/fr/220/avis-concernant-un-projet-d-arrete-royal-relatif-au-programme-federal-de-reduction-des-pesticides-pour-la-periode-2013-2017,https://www.ccecrb.fgov.be/dpics/fichiers/fr/doc13-117.pdf,D:\ccecrb_downloads\avis\doc13-117.pdf
avis,Bilan social – Ventilation par catégories d’âge à partir de 2012,Emploi et compétitivité,18/12/2012,https://www.ccecrb.fgov.be/p/fr/217/bilan-social-ventilation-par-categories-d-age-a-partir-de-2012,https://www.ccecrb.fgov.be/dpics/fichiers/fr/doc12-1558.pdf,D:\ccecrb_downloads\avis\doc12-1558.pdf
avis,Prix des cartes train à partir du 1er février 2013,Mobilité,18/12/2012,https://www.ccecrb.fgov.be/p/fr/218/prix-des-cartes-train-a-partir-du-1er-fevrier-2013,https://www.ccecrb.fgov.be/dpics/fichiers/fr/doc12-1559.pdf,D:\ccecrb_downloads\avis\doc12-1559.pdf
avis,Avis sur les Projets de normes de l'IRE : normes ISAE et ISRS et rapport du commissaire,Organisation de l'économie,30/10/2012,https://www.ccecrb.fgov.be/p/fr/214/avis-sur-les-projets-de-normes-de-l-ire-normes-isae-et-isrs-et-rapport-du-commissaire,https://www.ccecrb.fgov.be/dpics/fichiers/fr/doc12-1223.pdf,D:\ccecrb_downloads\avis\doc12-1223.pdf
avis,Évaluation des efforts sectoriels supplémentaires en matière de formation,Emploi et compétitivité,30/10/2012,https://www.ccecrb.fgov.be/p/fr/215/evaluation-des-efforts-sectoriels-supplementaires-en-matiere-de-formation,https://www.ccecrb.fgov.be/dpics/fichiers/fr/doc12-1243.pdf,D:\ccecrb_downloads\avis\doc12-1243.pdf
avis,"Avant-projet de loi portant insertion du livre IV. ""Protection de la concurrence"" et du livre V. ""La concurrence et les évolutions de prix"" dans le Code de droit économique",Concurrence,14/09/2012,https://www.ccecrb.fgov.be/p/fr/210/avant-projet-de-loi-portant-insertion-du-livre-iv-protection-de-la-concurrence-et-du-livre-v-la-concurrence-et-les-evolutions-de-prix-dans-le-code-de-droit-economique,https://www.ccecrb.fgov.be/dpics/fichiers/fr/doc12-963.pdf,D:\ccecrb_downloads\avis\doc12-963.pdf
avis,Avis relatif au rapport annuel 2011 de la Direction générale de la Concurrence du SPF Economie,Concurrence,27/08/2012,https://www.ccecrb.fgov.be/p/fr/208/avis-relatif-au-rapport-annuel-2011-de-la-direction-generale-de-la-concurrence-du-spf-economie,https://www.ccecrb.fgov.be/dpics/fichiers/fr/doc12-873.pdf,D:\ccecrb_downloads\avis\doc12-873.pdf
avis,Contrôle interne au Bureau fédéral du Plan,Organisation de l'économie,20/06/2012,https://www.ccecrb.fgov.be/p/fr/200/controle-interne-au-bureau-federal-du-plan,https://www.ccecrb.fgov.be/dpics/fichiers/fr/doc12-613.pdf,D:\ccecrb_downloads\avis\doc12-613.pdf
avis,Avis concernant un projet d’arrêté royal établissant les niveaux seuils pour les émissions dans l’environnement intérieur de produits de construction pour certains usages prévus,Organisation de l'économie,24/02/2012,https://www.ccecrb.fgov.be/p/fr/198/avis-concernant-un-projet-d-arrete-royal-etablissant-les-niveaux-seuils-pour-les-emissions-dans-l-environnement-interieur-de-produits-de-construction-pour-certains-usages-prevus,https://www.ccecrb.fgov.be/dpics/fichiers/fr/doc12-195.pdf,D:\ccecrb_downloads\avis\doc12-195.pdf
avis,Avant-projet de Code de déontologie des réviseurs d’entreprises,Organisation de l'économie,18/01/2012,https://www.ccecrb.fgov.be/p/fr/193/avant-projet-de-code-de-deontologie-des-reviseurs-d-entreprises,https://www.ccecrb.fgov.be/dpics/fichiers/fr/doc12-46.pdf,D:\ccecrb_downloads\avis\doc12-46.pdf
avis,Le prix des cartes train en vigueur au 1er février 2012,Mobilité,20/12/2011,https://www.ccecrb.fgov.be/p/fr/190/le-prix-des-cartes-train-en-vigueur-au-1er-fevrier-2012,https://www.ccecrb.fgov.be/dpics/fichiers/fr/doc11-1440.pdf,D:\ccecrb_downloads\avis\doc11-1440.pdf
avis,Affinement et simplification du bilan social,Organisation de l'économie,20/12/2011,https://www.ccecrb.fgov.be/p/fr/191/affinement-et-simplification-du-bilan-social,https://www.ccecrb.fgov.be/dpics/fichiers/fr/doc11-1439.pdf,D:\ccecrb_downloads\avis\doc11-1439.pdf
avis,Projet de communication du Conseil de la concurrence sur le calcul des amendes,Concurrence,29/11/2011,https://www.ccecrb.fgov.be/p/fr/187/projet-de-communication-du-conseil-de-la-concurrence-sur-le-calcul-des-amendes,https://www.ccecrb.fgov.be/dpics/fichiers/fr/doc11-1319.pdf,D:\ccecrb_downloads\avis\doc11-1319.pdf
avis,"Avis concernant un projet d’arrêté royal fixant la langue sur l’étiquette et sur la fiche de données de sécurité des substances et mélanges, et désignant le Centre national de prévention et de traitement des intoxications en tant qu’organism",Organisation de l'économie,28/11/2011,https://www.ccecrb.fgov.be/p/fr/186/avis-concernant-un-projet-d-arrete-royal-fixant-la-langue-sur-l-etiquette-et-sur-la-fiche-de-donnees-de-securite-des-substances-et-melanges-et-designant-le-centre-national-de-prevention-et-de-traitement-des-intoxications-en-tant-qu-organism,https://www.ccecrb.fgov.be/dpics/fichiers/fr/doc11-1318.pdf,D:\ccecrb_downloads\avis\doc11-1318.pdf
avis,L’évaluation des efforts sectoriels supplémentaires en matière de formation,Emploi et compétitivité,28/11/2011,https://www.ccecrb.fgov.be/p/fr/188/l-evaluation-des-efforts-sectoriels-supplementaires-en-matiere-de-formation,https://www.ccecrb.fgov.be/dpics/fichiers/fr/doc11-1325.pdf,D:\ccecrb_downloads\avis\doc11-1325.pdf
avis,"Avis sur l’arrêté royal relatif à la disponibilité d’information à l’attention des consommateurs concernant le débit d’absorption spécifique de l’énergie, relatif à la publicité pour les produits destinés aux consommateurs qui émettent des o",Organisation de l'économie,16/11/2011,https://www.ccecrb.fgov.be/p/fr/183/avis-sur-l-arrete-royal-relatif-a-la-disponibilite-d-information-a-l-attention-des-consommateurs-concernant-le-debit-d-absorption-specifique-de-l-energie-relatif-a-la-publicite-pour-les-produits-destines-aux-consommateurs-qui-emettent-des-o,https://www.ccecrb.fgov.be/dpics/fichiers/fr/doc11-1225.pdf,D:\ccecrb_downloads\avis\doc11-1225.pdf
avis,Normes de produits pour les biocarburants,Organisation de l'économie,19/10/2011,https://www.ccecrb.fgov.be/p/fr/181/normes-de-produits-pour-les-biocarburants,https://www.ccecrb.fgov.be/dpics/fichiers/fr/doc11-1091.pdf,D:\ccecrb_downloads\avis\doc11-1091.pdf
avis,L'entrepreneuriat,Emploi et compétitivité,28/09/2011,https://www.ccecrb.fgov.be/p/fr/179/l-entrepreneuriat,https://www.ccecrb.fgov.be/dpics/fichiers/fr/doc11-920.pdf,D:\ccecrb_downloads\avis\doc11-920.pdf
avis,La transposition dans la loi belge de la directive 2009/49/CE du Parlement européen et du conseil du 18 juin 2009,Organisation de l'économie,25/05/2011,https://www.ccecrb.fgov.be/p/fr/170/la-transposition-dans-la-loi-belge-de-la-directive-2009-49-ce-du-parlement-europeen-et-du-conseil-du-18-juin-2009,https://www.ccecrb.fgov.be/dpics/fichiers/fr/doc11-567.pdf,D:\ccecrb_downloads\avis\doc11-567.pdf
avis,Avis concernant deux projets d'arrêtés royaux visant à la transposition en droit belge de la directive 2009/128/CE du Parlement européen et du Conseil du 21 octobre 2009 instaurant un cadre d’action communautaire pour parvenir à une utilisat,Organisation de l'économie,25/05/2011,https://www.ccecrb.fgov.be/p/fr/171/avis-concernant-deux-projets-d-arretes-royaux-visant-a-la-transposition-en-droit-belge-de-la-directive-2009-128-ce-du-parlement-europeen-et-du-conseil-du-21-octobre-2009-instaurant-un-cadre-d-action-communautaire-pour-parvenir-a-une-utilisat,https://www.ccecrb.fgov.be/dpics/fichiers/fr/doc11-566.pdf,D:\ccecrb_downloads\avis\doc11-566.pdf
avis,Assurance-groupe – Couverture en cas de décès,Organisation de l'économie,25/05/2011,https://www.ccecrb.fgov.be/p/fr/172/assurance-groupe-couverture-en-cas-de-deces,https://www.ccecrb.fgov.be/dpics/fichiers/fr/doc11-586.pdf,D:\ccecrb_downloads\avis\doc11-586.pdf
avis,Mesures favorisant l’insertion sur le marché du travail des jeunes récemment sortis de l’école,Emploi et compétitivité,25/05/2011,https://www.ccecrb.fgov.be/p/fr/173/mesures-favorisant-l-insertion-sur-le-marche-du-travail-des-jeunes-recemment-sortis-de-l-ecole,https://www.ccecrb.fgov.be/dpics/fichiers/fr/doc11-585.pdf,D:\ccecrb_downloads\avis\doc11-585.pdf
avis,Avis relatif au rapport annuel 2010 de la Direction générale de la Concurrence du SPF Économie,Concurrence,12/05/2011,https://www.ccecrb.fgov.be/p/fr/169/avis-relatif-au-rapport-annuel-2010-de-la-direction-generale-de-la-concurrence-du-spf-economie,https://www.ccecrb.fgov.be/dpics/fichiers/fr/doc11-513.pdf,D:\ccecrb_downloads\avis\doc11-513.pdf
avis,Harmonisation et traitement des statistiques sur les pensions complémentaires,Emploi et compétitivité,23/03/2011,https://www.ccecrb.fgov.be/p/fr/166/harmonisation-et-traitement-des-statistiques-sur-les-pensions-complementaires,https://www.ccecrb.fgov.be/dpics/fichiers/fr/doc11-346.pdf,D:\ccecrb_downloads\avis\doc11-346.pdf
avis,"Avis concernant un projet d’arrêté royal modifiant l’arrêté royal du 28 février 1994 relatif à la conservation, à la mise sur le marché et à l’utilisation des pesticides à usage agricole et modifiant l’arrêté royal du 10 janvier 2010",Organisation de l'économie,23/03/2011,https://www.ccecrb.fgov.be/p/fr/167/avis-concernant-un-projet-d-arrete-royal-modifiant-l-arrete-royal-du-28-fevrier-1994-relatif-a-la-conservation-a-la-mise-sur-le-marche-et-a-l-utilisation-des-pesticides-a-usage-agricole-et-modifiant-l-arrete-royal-du-10-janvier-2010,https://www.ccecrb.fgov.be/dpics/fichiers/fr/doc11-354.pdf,D:\ccecrb_downloads\avis\doc11-354.pdf
avis,Un logement décent pour tous,Construction,21/03/2011,https://www.ccecrb.fgov.be/p/fr/165/un-logement-decent-pour-tous,https://www.ccecrb.fgov.be/dpics/fichiers/fr/doc11-307.pdf,D:\ccecrb_downloads\avis\doc11-307.pdf
avis,Le prix des cartes train à partir du 1er février 2011,Mobilité,26/01/2011,https://www.ccecrb.fgov.be/p/fr/156/le-prix-des-cartes-train-a-partir-du-1er-fevrier-2011,https://www.ccecrb.fgov.be/dpics/fichiers/fr/doc11-89.pdf,D:\ccecrb_downloads\avis\doc11-89.pdf
avis,L’évaluation des efforts sectoriels supplémentaires en matière de formation,Emploi et compétitivité,26/01/2011,https://www.ccecrb.fgov.be/p/fr/157/l-evaluation-des-efforts-sectoriels-supplementaires-en-matiere-de-formation,https://www.ccecrb.fgov.be/dpics/fichiers/fr/doc11-88.pdf,D:\ccecrb_downloads\avis\doc11-88.pdf
avis,Avis sur quatre projets de texte relatifs à la collecte des données concernant les déplacements des travailleurs entre leur domicile et leur lieu de travail,Mobilité,21/12/2010,https://www.ccecrb.fgov.be/p/fr/154/avis-sur-quatre-projets-de-texte-relatifs-a-la-collecte-des-donnees-concernant-les-deplacements-des-travailleurs-entre-leur-domicile-et-leur-lieu-de-travail,https://www.ccecrb.fgov.be/dpics/fichiers/fr/doc10-1730.pdf,D:\ccecrb_downloads\avis\doc10-1730.pdf
avis,Avis concernant un projet d’accord sectoriel visant à augmenter l’offre de produits détergents plus respectueux de l’environnement,Organisation de l'économie,15/09/2010,https://www.ccecrb.fgov.be/p/fr/147/avis-concernant-un-projet-d-accord-sectoriel-visant-a-augmenter-l-offre-de-produits-detergents-plus-respectueux-de-l-environnement,https://www.ccecrb.fgov.be/dpics/fichiers/fr/doc10-1201.pdf,D:\ccecrb_downloads\avis\doc10-1201.pdf
avis,Avis concernant un projet d’accord sectoriel visant à augmenter l’offre de produits à base de bois provenant de forêts exploitées durablement,Organisation de l'économie,15/09/2010,https://www.ccecrb.fgov.be/p/fr/148/avis-concernant-un-projet-d-accord-sectoriel-visant-a-augmenter-l-offre-de-produits-a-base-de-bois-provenant-de-forets-exploitees-durablement,https://www.ccecrb.fgov.be/dpics/fichiers/fr/doc10-1200.pdf,D:\ccecrb_downloads\avis\doc10-1200.pdf
avis,Avis concernant un projet d’arrêté royal modifiant l’arrêté royal du 5 septembre 2001 concernant la disponibilité d'informations sur la consommation de carburant et les émissions de CO2 à l’intention des consommateurs lors de la commercialis,Organisation de l'économie,23/06/2010,https://www.ccecrb.fgov.be/p/fr/127/avis-concernant-un-projet-d-arrete-royal-modifiant-l-arrete-royal-du-5-septembre-2001-concernant-la-disponibilite-d-informations-sur-la-consommation-de-carburant-et-les-emissions-de-co2-a-l-intention-des-consommateurs-lors-de-la-commercialis,https://www.ccecrb.fgov.be/dpics/fichiers/fr/doc10-1040.pdf,D:\ccecrb_downloads\avis\doc10-1040.pdf
avis,Avis sur le projet de normes relatives au contrôle de qualité de l’activité professionnelle des réviseurs d’entreprises,Organisation de l'économie,23/06/2010,https://www.ccecrb.fgov.be/p/fr/128/avis-sur-le-projet-de-normes-relatives-au-controle-de-qualite-de-l-activite-professionnelle-des-reviseurs-d-entreprises,https://www.ccecrb.fgov.be/dpics/fichiers/fr/doc10-1041.pdf,D:\ccecrb_downloads\avis\doc10-1041.pdf
avis,"Avis concernant l'avant-projet d'arrêté royal relatif aux comptes annuels et aux comptes consolidés des établissements de crédit, des entreprises d'investissement, des sociétés de gestion d'organismes de placement collectif et des entreprise",Organisation de l'économie,24/03/2010,https://www.ccecrb.fgov.be/p/fr/125/avis-concernant-l-avant-projet-d-arrete-royal-relatif-aux-comptes-annuels-et-aux-comptes-consolides-des-etablissements-de-credit-des-entreprises-d-investissement-des-societes-de-gestion-d-organismes-de-placement-collectif-et-des-entreprise,https://www.ccecrb.fgov.be/dpics/fichiers/fr/doc10-556.pdf,D:\ccecrb_downloads\avis\doc10-556.pdf
avis,Avis sur le Consultation Paper de la Commission européenne relatif aux normes internationales d’information financière,Organisation de l'économie,24/03/2010,https://www.ccecrb.fgov.be/p/fr/126/avis-sur-le-consultation-paper-de-la-commission-europeenne-relatif-aux-normes-internationales-d-information-financiere,https://www.ccecrb.fgov.be/dpics/fichiers/fr/doc10-555.pdf,D:\ccecrb_downloads\avis\doc10-555.pdf
avis,Réussir la transition vers une économie à basse émission de carbone - second avis concernant la thématique des emplois verts,,16/03/2010,https://www.ccecrb.fgov.be/p/fr/1371/reussir-la-transition-vers-une-economie-a-basse-emission-de-carbone-second-avis-concernant-la-thematique-des-emplois-verts,https://www.ccecrb.fgov.be/dpics/fichiers/2026-04-02-05-09-44_CCE20100470Réussirlatransitionversuneéconomieàbasseémissiondecarbonesecondavisconcernantlathématiquedesemploisverts.pdf,D:\ccecrb_downloads\avis\2026-04-02-05-09-44_CCE20100470Réussirlatransitionversuneéconomieàbasseémissiondecarbonesecondavisconcernantlathématiquedesemploisverts.pdf
avis,Avis sur le projet d’arrêté royal modifiant l’arrêté royal du 30 janvier 2001 portant exécution du Code des sociétés,Organisation de l'économie,24/02/2010,https://www.ccecrb.fgov.be/p/fr/135/avis-sur-le-projet-d-arrete-royal-modifiant-l-arrete-royal-du-30-janvier-2001-portant-execution-du-code-des-societes,https://www.ccecrb.fgov.be/dpics/fichiers/fr/doc10-360.pdf,D:\ccecrb_downloads\avis\doc10-360.pdf
avis,Avis sur l'introduction de sanctions pénales dans le droit belge de la concurrence,Concurrence,04/02/2010,https://www.ccecrb.fgov.be/p/fr/136/avis-sur-l-introduction-de-sanctions-penales-dans-le-droit-belge-de-la-concurrence,https://www.ccecrb.fgov.be/dpics/fichiers/fr/doc10-233.pdf,D:\ccecrb_downloads\avis\doc10-233.pdf
avis,Avis concernant l'intervention des employeurs dans le prix des cartes train à partir du 1er février 2010,Mobilité,26/01/2010,https://www.ccecrb.fgov.be/p/fr/137/avis-concernant-l-intervention-des-employeurs-dans-le-prix-des-cartes-train-a-partir-du-1er-fevrier-2010,https://www.ccecrb.fgov.be/dpics/fichiers/fr/doc10-160.pdf,D:\ccecrb_downloads\avis\doc10-160.pdf
avis,2010-0100 Avis concernant un projet d’arrêté royal modifiant l’arrêté royal du 7 octobre 2005 relatif à la réduction de la teneur en composés organiques volatils de certains vernis et peintures et produits de retouche de véhicules,Organisation de l'économie,20/01/2010,https://www.ccecrb.fgov.be/p/fr/122/2010-0100-avis-concernant-un-projet-d-arrete-royal-modifiant-l-arrete-royal-du-7-octobre-2005-relatif-a-la-reduction-de-la-teneur-en-composes-organiques-volatils-de-certains-vernis-et-peintures-et-produits-de-retouche-de-vehicules,https://www.ccecrb.fgov.be/dpics/fichiers/fr/doc10-100.pdf,D:\ccecrb_downloads\avis\doc10-100.pdf
avis,Avis concernant le projet d’arrêté royal abrogeant des dispositions relatives à l’étiquetage d’aérosols qui ne contiennent pas de substances qui appauvrissent la couche d’ozone Bruxelles,Organisation de l'économie,20/01/2010,https://www.ccecrb.fgov.be/p/fr/123/avis-concernant-le-projet-d-arrete-royal-abrogeant-des-dispositions-relatives-a-l-etiquetage-d-aerosols-qui-ne-contiennent-pas-de-substances-qui-appauvrissent-la-couche-d-ozone-bruxelles,https://www.ccecrb.fgov.be/dpics/fichiers/fr/doc10-101.pdf,D:\ccecrb_downloads\avis\doc10-101.pdf
avis,Second avis concernant la réforme de la mercuriale des matériaux de construction : avis complémentaire à l’avis du 9 décembre 2008,Construction,14/12/2009,https://www.ccecrb.fgov.be/p/fr/185/second-avis-concernant-la-reforme-de-la-mercuriale-des-materiaux-de-construction-avis-complementaire-a-l-avis-du-9-decembre-2008,https://www.ccecrb.fgov.be/dpics/fichiers/fr/doc09-1712.pdf,D:\ccecrb_downloads\avis\doc09-1712.pdf
avis,Avis sur le projet de norme relative à l’application des normes ISA en Belgique,Organisation de l'économie,07/10/2009,https://www.ccecrb.fgov.be/p/fr/108/avis-sur-le-projet-de-norme-relative-a-l-application-des-normes-isa-en-belgique,https://www.ccecrb.fgov.be/dpics/fichiers/fr/doc09-1265.pdf,D:\ccecrb_downloads\avis\doc09-1265.pdf
avis,Avis sur le projet de normes relatives au contrôle de qualité,Organisation de l'économie,07/10/2009,https://www.ccecrb.fgov.be/p/fr/109/avis-sur-le-projet-de-normes-relatives-au-controle-de-qualite,https://www.ccecrb.fgov.be/dpics/fichiers/fr/doc09-1264.pdf,D:\ccecrb_downloads\avis\doc09-1264.pdf
avis,Avis relatif au document d’actualisation 2009/2010 du programme de réduction des pesticites et des biocides,Organisation de l'économie,16/09/2009,https://www.ccecrb.fgov.be/p/fr/111/avis-relatif-au-document-d-actualisation-2009-2010-du-programme-de-reduction-des-pesticites-et-des-biocides,https://www.ccecrb.fgov.be/dpics/fichiers/fr/doc09-1190.pdf,D:\ccecrb_downloads\avis\doc09-1190.pdf
avis,Avis concernant la thematique des emplois verts,Emploi et compétitivité,14/07/2009,https://www.ccecrb.fgov.be/p/fr/1370/avis-concernant-la-thematique-des-emplois-verts,https://www.ccecrb.fgov.be/dpics/fichiers/2026-04-02-05-01-14_CCE20091091avisconcernantlathématiquedesemploisverts.pdf,D:\ccecrb_downloads\avis\2026-04-02-05-01-14_CCE20091091avisconcernantlathématiquedesemploisverts.pdf
avis,Avis relatif au cadre juridique de l’intervention des employeurs dans les frais de déplacement des travailleurs,Mobilité,14/07/2009,https://www.ccecrb.fgov.be/p/fr/102/avis-relatif-au-cadre-juridique-de-l-intervention-des-employeurs-dans-les-frais-de-deplacement-des-travailleurs,https://www.ccecrb.fgov.be/dpics/fichiers/fr/doc09-1090.pdf,D:\ccecrb_downloads\avis\doc09-1090.pdf
avis,Avis relatif au rapport annuel 2008 de la Direction Générale de Concurrence du SPF Economie,Concurrence,06/07/2009,https://www.ccecrb.fgov.be/p/fr/103/avis-relatif-au-rapport-annuel-2008-de-la-direction-generale-de-concurrence-du-spf-economie,https://www.ccecrb.fgov.be/dpics/fichiers/fr/doc09-1052.pdf,D:\ccecrb_downloads\avis\doc09-1052.pdf
avis,Avis relatif au renforcement des échanges de connaissances entre le monde de la recherche et les entreprises,Emploi et compétitivité,17/06/2009,https://www.ccecrb.fgov.be/p/fr/98/avis-relatif-au-renforcement-des-echanges-de-connaissances-entre-le-monde-de-la-recherche-et-les-entreprises,https://www.ccecrb.fgov.be/dpics/fichiers/fr/doc09-935.pdf,D:\ccecrb_downloads\avis\doc09-935.pdf
avis,Avis relatif au projet d’Arrêté Royal déterminant les exigences auxquelles doivent répondre des pellets de bois prévus pour alimenter des appareils de chauffage non industriels,Organisation de l'économie,17/06/2009,https://www.ccecrb.fgov.be/p/fr/99/avis-relatif-au-projet-d-arrete-royal-determinant-les-exigences-auxquelles-doivent-repondre-des-pellets-de-bois-prevus-pour-alimenter-des-appareils-de-chauffage-non-industriels,https://www.ccecrb.fgov.be/dpics/fichiers/fr/doc09-936.pdf,D:\ccecrb_downloads\avis\doc09-936.pdf
avis,Avis relatif aux priorités stratégiques du SPF Economie,Organisation de l'économie,20/05/2009,https://www.ccecrb.fgov.be/p/fr/92/avis-relatif-aux-priorites-strategiques-du-spf-economie,https://www.ccecrb.fgov.be/dpics/fichiers/fr/doc09-815.pdf,D:\ccecrb_downloads\avis\doc09-815.pdf
avis,Avis sur le Consultation paper de la Commission européenne concernant le réexamen des quatrième et septième directives sur les comptes annuels,Organisation de l'économie,20/05/2009,https://www.ccecrb.fgov.be/p/fr/93/avis-sur-le-consultation-paper-de-la-commission-europeenne-concernant-le-reexamen-des-quatrieme-et-septieme-directives-sur-les-comptes-annuels,https://www.ccecrb.fgov.be/dpics/fichiers/fr/doc09-819.pdf,D:\ccecrb_downloads\avis\doc09-819.pdf
avis,Avis concernant un projet d’Arrêté Royal à l’interdiction de la mise sur le marché des produits contenant du fumarate de dimethyle,Organisation de l'économie,20/05/2009,https://www.ccecrb.fgov.be/p/fr/94/avis-concernant-un-projet-d-arrete-royal-a-l-interdiction-de-la-mise-sur-le-marche-des-produits-contenant-du-fumarate-de-dimethyle,https://www.ccecrb.fgov.be/dpics/fichiers/fr/doc09-826.pdf,D:\ccecrb_downloads\avis\doc09-826.pdf
avis,Avis sur la formation continue dans le cadre d’une stratégie globale,Emploi et compétitivité,20/05/2009,https://www.ccecrb.fgov.be/p/fr/97/avis-sur-la-formation-continue-dans-le-cadre-d-une-strategie-globale,https://www.ccecrb.fgov.be/dpics/fichiers/fr/doc09-845.pdf,D:\ccecrb_downloads\avis\doc09-845.pdf
avis,Avis relatif à la taxation communale sur la distribution des imprimés non adressés,Papier,19/05/2009,https://www.ccecrb.fgov.be/p/fr/96/avis-relatif-a-la-taxation-communale-sur-la-distribution-des-imprimes-non-adresses,https://www.ccecrb.fgov.be/dpics/fichiers/fr/doc09-862.pdf,D:\ccecrb_downloads\avis\doc09-862.pdf
avis,Avis concernant le projet d’Arrêté Royal portant modification à l’Arrêté Royal du 30 janvier 2001 portant l’exécution du code des sociétés et à l’Arrêté Royal du 12 septembre 1983 déterminant la teneur et la présentation d’un plan comptable m,Organisation de l'économie,01/04/2009,https://www.ccecrb.fgov.be/p/fr/89/avis-concernant-le-projet-d-arrete-royal-portant-modification-a-l-arrete-royal-du-30-janvier-2001-portant-l-execution-du-code-des-societes-et-a-l-arrete-royal-du-12-septembre-1983-determinant-la-teneur-et-la-presentation-d-un-plan-comptable-m,https://www.ccecrb.fgov.be/dpics/fichiers/fr/doc09-559.pdf,D:\ccecrb_downloads\avis\doc09-559.pdf
avis,Avis sur la présidence belge de l’Union européenne en 2010,Emploi et compétitivité,01/04/2009,https://www.ccecrb.fgov.be/p/fr/90/avis-sur-la-presidence-belge-de-l-union-europeenne-en-2010,https://www.ccecrb.fgov.be/dpics/fichiers/fr/doc09-561.pdf,D:\ccecrb_downloads\avis\doc09-561.pdf
avis,Avis concernant l’intervention des employeurs dans le prix des cartes train en application au 1er février 2009,Mobilité,20/02/2009,https://www.ccecrb.fgov.be/p/fr/86/avis-concernant-l-intervention-des-employeurs-dans-le-prix-des-cartes-train-en-application-au-1er-fevrier-2009,https://www.ccecrb.fgov.be/dpics/fichiers/fr/doc09-340.pdf,D:\ccecrb_downloads\avis\doc09-340.pdf
avis,Avis concernant la réduction des charges fiscales pour le travail en équipe et le travail de nuit / heures supplémentaires,Emploi et compétitivité,11/02/2009,https://www.ccecrb.fgov.be/p/fr/82/avis-concernant-la-reduction-des-charges-fiscales-pour-le-travail-en-equipe-et-le-travail-de-nuit-heures-supplementaires,https://www.ccecrb.fgov.be/dpics/fichiers/fr/doc09-251.pdf,D:\ccecrb_downloads\avis\doc09-251.pdf
avis,Avis concernant l’adaptation au bien-être des régimes d’assistance sociale pour la période 2009-2010 – Exécution de la loi du 23 décembre 2005 relative au pacte de solidarité entre les générations,Emploi et compétitivité,11/02/2009,https://www.ccecrb.fgov.be/p/fr/83/avis-concernant-l-adaptation-au-bien-etre-des-regimes-d-assistance-sociale-pour-la-periode-2009-2010-execution-de-la-loi-du-23-decembre-2005-relative-au-pacte-de-solidarite-entre-les-generations,https://www.ccecrb.fgov.be/dpics/fichiers/fr/doc09-252.pdf,D:\ccecrb_downloads\avis\doc09-252.pdf
avis,Avis relatif au rapport annuel 2007 de la Direction Générale de Concurrence du SPF Economie,Concurrence,05/02/2009,https://www.ccecrb.fgov.be/p/fr/81/avis-relatif-au-rapport-annuel-2007-de-la-direction-generale-de-concurrence-du-spf-economie,https://www.ccecrb.fgov.be/dpics/fichiers/fr/doc09-49.pdf,D:\ccecrb_downloads\avis\doc09-49.pdf
avis,Avis relatif à la problématique des normes de produits,Organisation de l'économie,02/08/1999,https://www.ccecrb.fgov.be/p/fr/149/avis-relatif-a-la-problematique-des-normes-de-produits,https://www.ccecrb.fgov.be/dpics/fichiers/fr/doc99-578.pdf,D:\ccecrb_downloads\avis\doc99-578.pdf
avis-conjoint,Avis sur le projet de plan d'action fédéral pour l'économie circulaire,Emploi et compétitivité,02/04/2026,https://www.ccecrb.fgov.be/p/fr/1372/avis-sur-le-projet-de-plan-d-action-federal-pour-l-economie-circulaire,https://www.ccecrb.fgov.be/dpics/fichiers/2026-04-03-09-30-53_doc261035fr.pdf,D:\ccecrb_downloads\avis-conjoint\2026-04-03-09-30-53_doc261035fr.pdf
avis-conjoint,Pourquoi une hausse de la TVA sur les produits alimentaires est une mauvaise idée,Alimentation,31/03/2026,https://www.ccecrb.fgov.be/p/fr/1380/pourquoi-une-hausse-de-la-tva-sur-les-produits-alimentaires-est-une-mauvaise-idee,https://www.ccecrb.fgov.be/dpics/fichiers/2026-04-28-02-48-59_CCE20261115AvishausseTVA.pdf,D:\ccecrb_downloads\avis-conjoint\2026-04-28-02-48-59_CCE20261115AvishausseTVA.pdf
avis-conjoint,Avis sur la rénovation des copropriétés,Construction,18/03/2026,https://www.ccecrb.fgov.be/p/fr/1362/avis-sur-la-renovation-des-coproprietes,https://www.ccecrb.fgov.be/dpics/fichiers/2026-03-20-01-29-34_CCE20260885Rénovationénergétiquefinancementetcopropriété.pdf,D:\ccecrb_downloads\avis-conjoint\2026-03-20-01-29-34_CCE20260885Rénovationénergétiquefinancementetcopropriété.pdf
avis-conjoint,Utilisation des produits phytopharmaceutiques,Environnement,02/03/2026,https://www.ccecrb.fgov.be/p/fr/1357/utilisation-des-produits-phytopharmaceutiques,https://www.ccecrb.fgov.be/dpics/fichiers/2026-03-04-01-30-13_CCE20260675Avis.pdf,D:\ccecrb_downloads\avis-conjoint\2026-03-04-01-30-13_CCE20260675Avis.pdf
avis-conjoint,Le financement de la rénovation énergétique résidentielle,Construction,17/12/2025,https://www.ccecrb.fgov.be/p/fr/1338/le-financement-de-la-renovation-energetique-residentielle,https://www.ccecrb.fgov.be/dpics/fichiers/2026-01-14-02-14-10_doc252510fr.pdf,D:\ccecrb_downloads\avis-conjoint\2026-01-14-02-14-10_doc252510fr.pdf
avis-conjoint,Informations communiquées à l’Agence européenne des produits chimiques,Environnement,14/11/2025,https://www.ccecrb.fgov.be/p/fr/1317/informations-communiquees-a-l-agence-europeenne-des-produits-chimiques,https://www.ccecrb.fgov.be/dpics/fichiers/2025-11-17-08-51-25_CCE20252125Avis.pdf,D:\ccecrb_downloads\avis-conjoint\2025-11-17-08-51-25_CCE20252125Avis.pdf
avis-conjoint,Formation des utilisateurs professionnels de produits biocides,Environnement,01/04/2025,https://www.ccecrb.fgov.be/p/fr/1272/formation-des-utilisateurs-professionnels-de-produits-biocides,https://www.ccecrb.fgov.be/dpics/fichiers/2025-04-03-03-18-18_doc250680fr.pdf,D:\ccecrb_downloads\avis-conjoint\2025-04-03-03-18-18_doc250680fr.pdf
avis-conjoint,Biocarburants issus de la biomasse cotraitée,Environnement,05/03/2025,https://www.ccecrb.fgov.be/p/fr/1269/biocarburants-issus-de-la-biomasse-cotraitee,https://www.ccecrb.fgov.be/dpics/fichiers/2025-03-20-04-06-27_CCE20250540Avissurlesbiocarburantsissusdelabiomassecotraitée.pdf,D:\ccecrb_downloads\avis-conjoint\2025-03-20-04-06-27_CCE20250540Avissurlesbiocarburantsissusdelabiomassecotraitée.pdf
avis-conjoint,Vers une vision belge intégrée de l’économie circulaire,Emploi et compétitivité,19/02/2025,https://www.ccecrb.fgov.be/p/fr/1252/vers-une-vision-belge-integree-de-l-economie-circulaire,https://www.ccecrb.fgov.be/dpics/fichiers/2025-02-21-11-39-48_CCE20250385AvisLeprojetdevisionbelgeintégréedel’économiecirculaire.pdf,D:\ccecrb_downloads\avis-conjoint\2025-02-21-11-39-48_CCE20250385AvisLeprojetdevisionbelgeintégréedel’économiecirculaire.pdf
avis-conjoint,Accélérer la transition vers une économie circulaire,Emploi et compétitivité,06/12/2024,https://www.ccecrb.fgov.be/p/fr/1236/accelerer-la-transition-vers-une-economie-circulaire,https://www.ccecrb.fgov.be/dpics/fichiers/2024-12-10-09-34-53_CCE20242568Accélérerlatransitionversuneéconomie.pdf,D:\ccecrb_downloads\avis-conjoint\2024-12-10-09-34-53_CCE20242568Accélérerlatransitionversuneéconomie.pdf
avis-conjoint,Simplification du mécanisme de paiement lors de la déclaration de mélanges dangereux,Environnement,29/11/2024,https://www.ccecrb.fgov.be/p/fr/1235/simplification-du-mecanisme-de-paiement-lors-de-la-declaration-de-melanges-dangereux,https://www.ccecrb.fgov.be/dpics/fichiers/2024-12-05-03-52-53_CCE20242500AvisMélangesdangereux.pdf,D:\ccecrb_downloads\avis-conjoint\2024-12-05-03-52-53_CCE20242500AvisMélangesdangereux.pdf
avis-conjoint,Utilisation des produits phytopharmaceutiques et adjuvants compatible avec le développement durable,Environnement,04/10/2024,https://www.ccecrb.fgov.be/p/fr/1227/utilisation-des-produits-phytopharmaceutiques-et-adjuvants-compatible-avec-le-developpement-durable,https://www.ccecrb.fgov.be/dpics/fichiers/2024-10-08-04-57-05_doc242170fr.pdf,D:\ccecrb_downloads\avis-conjoint\2024-10-08-04-57-05_doc242170fr.pdf
avis-conjoint,Incorporation de biocarburants dans le gasoil de chauffage,Environnement,21/05/2024,https://www.ccecrb.fgov.be/p/fr/1181/incorporation-de-biocarburants-dans-le-gasoil-de-chauffage,https://www.ccecrb.fgov.be/dpics/fichiers/2024-05-23-12-30-33_CCE20241320Dénominationetcaractéristiquesdugasoiletdesessences.pdf,D:\ccecrb_downloads\avis-conjoint\2024-05-23-12-30-33_CCE20241320Dénominationetcaractéristiquesdugasoiletdesessences.pdf
avis-conjoint,Mise sur le marché et utilisation des biocides,Environnement,02/05/2024,https://www.ccecrb.fgov.be/p/fr/1179/mise-sur-le-marche-et-utilisation-des-biocides,https://www.ccecrb.fgov.be/dpics/fichiers/2024-05-07-09-31-07_doc241240fr.pdf,D:\ccecrb_downloads\avis-conjoint\2024-05-07-09-31-07_doc241240fr.pdf
avis-conjoint,Shrinkflation sous la loupe,Pratiques du commerce,21/03/2024,https://www.ccecrb.fgov.be/p/fr/1162/shrinkflation-sous-la-loupe,https://www.ccecrb.fgov.be/dpics/fichiers/2024-03-21-03-06-48_doc240820fr.pdf,D:\ccecrb_downloads\avis-conjoint\2024-03-21-03-06-48_doc240820fr.pdf
avis-conjoint,Exigences de qualité de l’essence et du diesel destinés à l’exportation,Organisation de l'économie,16/02/2024,https://www.ccecrb.fgov.be/p/fr/1155/exigences-de-qualite-de-l-essence-et-du-diesel-destines-a-l-exportation,https://www.ccecrb.fgov.be/dpics/fichiers/2024-02-21-04-27-33_doc240500fr.pdf,D:\ccecrb_downloads\avis-conjoint\2024-02-21-04-27-33_doc240500fr.pdf
avis-conjoint,La mise sur le marché des substances manufacturées à l’état nanoparticulaire,Environnement,09/06/2023,https://www.ccecrb.fgov.be/p/fr/1073/la-mise-sur-le-marche-des-substances-manufacturees-a-l-etat-nanoparticulaire,https://www.ccecrb.fgov.be/dpics/fichiers/2023-06-12-01-36-32_CCE20231490Nanomateriaux.pdf,D:\ccecrb_downloads\avis-conjoint\2023-06-12-01-36-32_CCE20231490Nanomateriaux.pdf
avis-conjoint,Produits à usage unique,Organisation de l'économie,06/02/2023,https://www.ccecrb.fgov.be/p/fr/1040/produits-a-usage-unique,https://www.ccecrb.fgov.be/dpics/fichiers/2023-02-07-04-36-38_CCE20230300Avis.pdf,D:\ccecrb_downloads\avis-conjoint\2023-02-07-04-36-38_CCE20230300Avis.pdf
avis-conjoint,Mise sur le marché de produits de purification de l’air et de CO2-mètres,Organisation de l'économie,01/12/2022,https://www.ccecrb.fgov.be/p/fr/1027/mise-sur-le-marche-de-produits-de-purification-de-l-air-et-de-co2-metres,https://www.ccecrb.fgov.be/dpics/fichiers/2022-12-02-02-20-28_CCE20222990Avis.pdf,D:\ccecrb_downloads\avis-conjoint\2022-12-02-02-20-28_CCE20222990Avis.pdf
avis-conjoint,La mise à disposition sur le marché et à l’utilisation des produits biocides,Environnement,23/11/2022,https://www.ccecrb.fgov.be/p/fr/1026/la-mise-a-disposition-sur-le-marche-et-a-l-utilisation-des-produits-biocides,https://www.ccecrb.fgov.be/dpics/fichiers/2022-11-24-02-19-54_CCE20223000Avis.pdf,D:\ccecrb_downloads\avis-conjoint\2022-11-24-02-19-54_CCE20223000Avis.pdf
avis-conjoint,Indice de réparabilité et de longévité,Organisation de l'économie,16/11/2022,https://www.ccecrb.fgov.be/p/fr/1025/indice-de-reparabilite-et-de-longevite,https://www.ccecrb.fgov.be/dpics/fichiers/2022-11-16-02-27-33_CCE20222848Avis.pdf,D:\ccecrb_downloads\avis-conjoint\2022-11-16-02-27-33_CCE20222848Avis.pdf
avis-conjoint,Restructuration et insolvabilité,Organisation de l'économie,20/07/2022,https://www.ccecrb.fgov.be/p/fr/997/restructuration-et-insolvabilite,https://www.ccecrb.fgov.be/dpics/fichiers/2022-07-20-03-25-40_CCE20221870NAR2.308Avissite.pdf,D:\ccecrb_downloads\avis-conjoint\2022-07-20-03-25-40_CCE20221870NAR2.308Avissite.pdf
avis-conjoint,Droit de rétractation dans le cadre de l'e-commerce,Pratiques du commerce,15/07/2022,https://www.ccecrb.fgov.be/p/fr/996/droit-de-retractation-dans-le-cadre-de-l-e-commerce,https://www.ccecrb.fgov.be/dpics/fichiers/2022-07-15-10-23-25_CCE20221821DEFsite.pdf,D:\ccecrb_downloads\avis-conjoint\2022-07-15-10-23-25_CCE20221821DEFsite.pdf
avis-conjoint,Formation des utilisateurs professionnels de produits biocides,Environnement,21/06/2022,https://www.ccecrb.fgov.be/p/fr/986/formation-des-utilisateurs-professionnels-de-produits-biocides,https://www.ccecrb.fgov.be/dpics/fichiers/2022-06-22-10-16-43_CCE20221570AvisFormationbiocidesdefsite.pdf,D:\ccecrb_downloads\avis-conjoint\2022-06-22-10-16-43_CCE20221570AvisFormationbiocidesdefsite.pdf
avis-conjoint,Plan fédéral de réduction des biocides,Organisation de l'économie,16/06/2022,https://www.ccecrb.fgov.be/p/fr/984/plan-federal-de-reduction-des-biocides,https://www.ccecrb.fgov.be/dpics/fichiers/2022-06-17-08-37-46_CCE20221460AvisSite.pdf,D:\ccecrb_downloads\avis-conjoint\2022-06-17-08-37-46_CCE20221460AvisSite.pdf
avis-conjoint,Plan fédéral de réduction des produits phytopharmaceutiques,Environnement,24/05/2022,https://www.ccecrb.fgov.be/p/fr/980/plan-federal-de-reduction-des-produits-phytopharmaceutiques,https://www.ccecrb.fgov.be/dpics/fichiers/2022-05-25-02-53-50_CCE20221270Avis.pdf,D:\ccecrb_downloads\avis-conjoint\2022-05-25-02-53-50_CCE20221270Avis.pdf
avis-conjoint,L'écologisation de l'e-commerce et de la logistique,Distribution,12/05/2022,https://www.ccecrb.fgov.be/p/fr/982/l-ecologisation-de-l-e-commerce-et-de-la-logistique,https://www.ccecrb.fgov.be/dpics/fichiers/2022-06-07-10-01-13_CCE20221130Avisecommerce.pdf,D:\ccecrb_downloads\avis-conjoint\2022-06-07-10-01-13_CCE20221130Avisecommerce.pdf
avis-conjoint,Réglementation des fumigations et défumigations,Environnement,15/02/2022,https://www.ccecrb.fgov.be/p/fr/941/reglementation-des-fumigations-et-defumigations,https://www.ccecrb.fgov.be/dpics/fichiers/2022-02-16-09-01-02_CCE20220390Avis.pdf,D:\ccecrb_downloads\avis-conjoint\2022-02-16-09-01-02_CCE20220390Avis.pdf
avis-conjoint,Projet de plan d'action fédéral pour une économie circulaire,Emploi et compétitivité,15/07/2021,https://www.ccecrb.fgov.be/p/fr/882/projet-de-plan-d-action-federal-pour-une-economie-circulaire,https://www.ccecrb.fgov.be/dpics/fichiers/2021-07-15-04-32-51_CCE20212239Communiquédepresse.pdf,D:\ccecrb_downloads\avis-conjoint\2021-07-15-04-32-51_CCE20212239Communiquédepresse.pdf
avis-conjoint,Projet de plan d'action fédéral pour une économie circulaire,Emploi et compétitivité,15/07/2021,https://www.ccecrb.fgov.be/p/fr/882/projet-de-plan-d-action-federal-pour-une-economie-circulaire,https://www.ccecrb.fgov.be/dpics/fichiers/2021-07-15-04-06-55_CCE20212240CFDD2021a11fAvissurleprojetd'actiondeplanfédéralpouruneéconomiecirculaireFRversieDEFsite.pdf,D:\ccecrb_downloads\avis-conjoint\2021-07-15-04-06-55_CCE20212240CFDD2021a11fAvissurleprojetd'actiondeplanfédéralpouruneéconomiecirculaireFRversieDEFsite.pdf
avis-conjoint,Nécessité d’une politique coordonnée pour une logistique de l’e-commerce et un last mile durables,Pratiques du commerce,28/06/2021,https://www.ccecrb.fgov.be/p/fr/872/necessite-d-une-politique-coordonnee-pour-une-logistique-de-l-e-commerce-et-un-last-mile-durables,https://www.ccecrb.fgov.be/dpics/fichiers/2021-06-29-05-02-47_CCE20211970Avis.pdf,D:\ccecrb_downloads\avis-conjoint\2021-06-29-05-02-47_CCE20211970Avis.pdf
avis-conjoint,Avis sur la transposition de la directive « RED II »,Énergie,23/06/2021,https://www.ccecrb.fgov.be/p/fr/871/avis-sur-la-transposition-de-la-directive-red-ii-,https://www.ccecrb.fgov.be/dpics/fichiers/2021-06-23-01-46-45_CCE20211930.pdf,D:\ccecrb_downloads\avis-conjoint\2021-06-23-01-46-45_CCE20211930.pdf
avis-conjoint,Carburants d’origine renouvelable destinés au secteur du transport,Environnement,07/06/2021,https://www.ccecrb.fgov.be/p/fr/864/carburants-d-origine-renouvelable-destines-au-secteur-du-transport,https://www.ccecrb.fgov.be/dpics/fichiers/2021-06-07-11-58-33_CCE20211540def.pdf,D:\ccecrb_downloads\avis-conjoint\2021-06-07-11-58-33_CCE20211540def.pdf
avis-conjoint,L’avant-projet de plan fédéral de développement durable 2021-2025,Emploi et compétitivité,07/06/2021,https://www.ccecrb.fgov.be/p/fr/867/l-avant-projet-de-plan-federal-de-developpement-durable-2021-2025,https://www.ccecrb.fgov.be/dpics/fichiers/2021-06-07-03-18-54_CommuniquédepresseavisAPPFDD20212025DEF.pdf,D:\ccecrb_downloads\avis-conjoint\2021-06-07-03-18-54_CommuniquédepresseavisAPPFDD20212025DEF.pdf
avis-conjoint,L’avant-projet de plan fédéral de développement durable 2021-2025,Emploi et compétitivité,07/06/2021,https://www.ccecrb.fgov.be/p/fr/867/l-avant-projet-de-plan-federal-de-developpement-durable-2021-2025,https://www.ccecrb.fgov.be/dpics/fichiers/2021-06-07-06-48-30_doc211665fr.pdf,D:\ccecrb_downloads\avis-conjoint\2021-06-07-06-48-30_doc211665fr.pdf
avis-conjoint,Vers une diminution des produits à usage unique,Environnement,02/06/2021,https://www.ccecrb.fgov.be/p/fr/860/vers-une-diminution-des-produits-a-usage-unique,https://www.ccecrb.fgov.be/dpics/fichiers/2021-06-02-02-47-26_CCE20211535DEF.pdf,D:\ccecrb_downloads\avis-conjoint\2021-06-02-02-47-26_CCE20211535DEF.pdf
avis-conjoint,A.R. relatif aux produits conçus pour être évacués dans les toilettes,Organisation de l'économie,01/06/2021,https://www.ccecrb.fgov.be/p/fr/858/a-r-relatif-aux-produits-concus-pour-etre-evacues-dans-les-toilettes,https://www.ccecrb.fgov.be/dpics/fichiers/2021-06-01-02-10-12_CCE20211530def.pdf,D:\ccecrb_downloads\avis-conjoint\2021-06-01-02-10-12_CCE20211530def.pdf
avis-conjoint,Garantir un meilleur suivi des différents types de carburant,Environnement,06/04/2021,https://www.ccecrb.fgov.be/p/fr/842/garantir-un-meilleur-suivi-des-differents-types-de-carburant,https://www.ccecrb.fgov.be/dpics/fichiers/2021-04-06-08-34-37_doc21820fr.pdf,D:\ccecrb_downloads\avis-conjoint\2021-04-06-08-34-37_doc21820fr.pdf
avis-conjoint,Réduction de l’intensité de gaz à effet de serre de l'énergie destinée au transport,Organisation de l'économie,14/10/2020,https://www.ccecrb.fgov.be/p/fr/781/reduction-de-l-intensite-de-gaz-a-effet-de-serre-de-l-energie-destinee-au-transport,https://www.ccecrb.fgov.be/dpics/fichiers/2020-10-15-02-09-00_CCE20201900defsite.pdf,D:\ccecrb_downloads\avis-conjoint\2020-10-15-02-09-00_CCE20201900defsite.pdf
avis-conjoint,Prolongation de la vente des carburants d’hiver en raison de la pandémie du COVID-19,Organisation de l'économie,29/04/2020,https://www.ccecrb.fgov.be/p/fr/751/prolongation-de-la-vente-des-carburants-d-hiver-en-raison-de-la-pandemie-du-covid-19,https://www.ccecrb.fgov.be/dpics/fichiers/2020-04-28-05-13-35_doc200920fr.pdf,D:\ccecrb_downloads\avis-conjoint\2020-04-28-05-13-35_doc200920fr.pdf
avis-conjoint,"L’obsolescence programmée, une pratique commerciale déloyale",Pratiques du commerce,27/04/2020,https://www.ccecrb.fgov.be/p/fr/750/l-obsolescence-programmee-une-pratique-commerciale-deloyale,https://www.ccecrb.fgov.be/dpics/fichiers/2020-04-23-04-21-25_doc20640fr.pdf,D:\ccecrb_downloads\avis-conjoint\2020-04-23-04-21-25_doc20640fr.pdf
avis-conjoint,Contribution commune du CCE et du CFDD à un plan d’action fédéral en faveur de l’économie circulaire,Emploi et compétitivité,19/02/2020,https://www.ccecrb.fgov.be/p/fr/726/contribution-commune-du-cce-et-du-cfdd-a-un-plan-d-action-federal-en-faveur-de-l-economie-circulaire,https://www.ccecrb.fgov.be/dpics/fichiers/2020-02-20-02-16-50_doc20415fr.pdf,D:\ccecrb_downloads\avis-conjoint\2020-02-20-02-16-50_doc20415fr.pdf
avis-conjoint,Contribution commune du CCE et du CFDD à un plan d’action fédéral en faveur de l’économie circulaire,Emploi et compétitivité,19/02/2020,https://www.ccecrb.fgov.be/p/fr/726/contribution-commune-du-cce-et-du-cfdd-a-un-plan-d-action-federal-en-faveur-de-l-economie-circulaire,https://www.ccecrb.fgov.be/dpics/fichiers/2020-02-21-11-57-24_Communiqué_de_presse_economie_circulaire.pdf,D:\ccecrb_downloads\avis-conjoint\2020-02-21-11-57-24_Communiqué_de_presse_economie_circulaire.pdf
avis-conjoint,Réduction de l’intensité de gaz à effet de serre de l'énergie destinée au transport,Organisation de l'économie,14/02/2020,https://www.ccecrb.fgov.be/p/fr/723/reduction-de-l-intensite-de-gaz-a-effet-de-serre-de-l-energie-destinee-au-transport,https://www.ccecrb.fgov.be/dpics/fichiers/2020-02-17-04-26-34_CCE20200250Gazàeffet.pdf,D:\ccecrb_downloads\avis-conjoint\2020-02-17-04-26-34_CCE20200250Gazàeffet.pdf
avis-conjoint,Une logistique de l’e-commerce et un last mile durable,Distribution,10/02/2020,https://www.ccecrb.fgov.be/p/fr/708/une-logistique-de-l-e-commerce-et-un-last-mile-durable,https://www.ccecrb.fgov.be/dpics/fichiers/2020-02-11-01-20-04_doc192545fr.pdf,D:\ccecrb_downloads\avis-conjoint\2020-02-11-01-20-04_doc192545fr.pdf
avis-conjoint,Dénomination et caractéristiques des gasoils marins,Organisation de l'économie,07/02/2020,https://www.ccecrb.fgov.be/p/fr/722/denomination-et-caracteristiques-des-gasoils-marins,https://www.ccecrb.fgov.be/dpics/fichiers/2020-02-13-09-44-03_CCE20200255def.pdf,D:\ccecrb_downloads\avis-conjoint\2020-02-13-09-44-03_CCE20200255def.pdf
avis-conjoint,Réduction de l’intensité de gaz à effet de serre de l’énergie destinée au transport,Environnement,30/11/2018,https://www.ccecrb.fgov.be/p/fr/64/reduction-de-l-intensite-de-gaz-a-effet-de-serre-de-l-energie-destinee-au-transport,https://www.ccecrb.fgov.be/dpics/fichiers/2019-01-03-02-38-13_doc183040fr.pdf,D:\ccecrb_downloads\avis-conjoint\2019-01-03-02-38-13_doc183040fr.pdf
avis-conjoint,Carburants alternatifs,Environnement,27/09/2018,https://www.ccecrb.fgov.be/p/fr/452/carburants-alternatifs,https://www.ccecrb.fgov.be/dpics/fichiers/fr/doc18-2488.pdf,D:\ccecrb_downloads\avis-conjoint\doc18-2488.pdf
avis-conjoint,4 projets d'AR biocides-produits phytopharmaceutiques,Environnement,22/02/2018,https://www.ccecrb.fgov.be/p/fr/425/4-projets-d-ar-biocides-produits-phytopharmaceutiques,https://www.ccecrb.fgov.be/dpics/fichiers/fr/doc18-515.pdf,D:\ccecrb_downloads\avis-conjoint\doc18-515.pdf
avis-conjoint,Projet d’arrêté royal relatif à la réduction des émissions annuelles de gaz à effet de serre de l’énergie destinée au transport,Environnement,21/02/2018,https://www.ccecrb.fgov.be/p/fr/419/projet-d-arrete-royal-relatif-a-la-reduction-des-emissions-annuelles-de-gaz-a-effet-de-serre-de-l-energie-destinee-au-transport,https://www.ccecrb.fgov.be/dpics/fichiers/fr/doc18-580CV.pdf,D:\ccecrb_downloads\avis-conjoint\doc18-580CV.pdf
avis-conjoint,Projet d’arrêté royal établissant des normes de produits pour les carburants destinés au secteur du transport d’origine renouvelable,Environnement,21/02/2018,https://www.ccecrb.fgov.be/p/fr/420/projet-d-arrete-royal-etablissant-des-normes-de-produits-pour-les-carburants-destines-au-secteur-du-transport-d-origine-renouvelable,https://www.ccecrb.fgov.be/dpics/fichiers/fr/doc18-581CV.pdf,D:\ccecrb_downloads\avis-conjoint\doc18-581CV.pdf
rapport,Les déplacements domicile-travail en voiture privée : remboursements et alternatives possibles à la voiture,Mobilité,22/04/2026,https://www.ccecrb.fgov.be/p/fr/1377/les-deplacements-domicile-travail-en-voiture-privee-remboursements-et-alternatives-possibles-a-la-voiture,https://www.ccecrb.fgov.be/dpics/fichiers/2026-04-22-04-32-04_doc261200fr.pdf,D:\ccecrb_downloads\rapport\2026-04-22-04-32-04_doc261200fr.pdf
rapport,Rapport technique du secrétariat sur les marges maximales disponibles 2025,Négociation salariale,18/02/2026,https://www.ccecrb.fgov.be/p/fr/1345/rapport-technique-du-secretariat-sur-les-marges-maximales-disponibles-2025,https://www.ccecrb.fgov.be/dpics/fichiers/2026-02-18-03-35-16_doc260600fr.pdf,D:\ccecrb_downloads\rapport\2026-02-18-03-35-16_doc260600fr.pdf
rapport,Rapport 2025 sur l’écart salarial entre femmes et hommes,Négociation salariale,18/02/2026,https://www.ccecrb.fgov.be/p/fr/1349/rapport-2025-sur-l-ecart-salarial-entre-femmes-et-hommes,https://www.ccecrb.fgov.be/dpics/fichiers/2026-02-18-03-36-59_doc260562fr.pdf,D:\ccecrb_downloads\rapport\2026-02-18-03-36-59_doc260562fr.pdf
rapport,Rapport 2025 sur les avantages non récurrents liés aux résultats,Négociation salariale,18/02/2026,https://www.ccecrb.fgov.be/p/fr/1350/rapport-2025-sur-les-avantages-non-recurrents-lies-aux-resultats,https://www.ccecrb.fgov.be/dpics/fichiers/2026-02-18-03-38-50_doc260453fr.pdf,D:\ccecrb_downloads\rapport\2026-02-18-03-38-50_doc260453fr.pdf
rapport,Rapport 2025 sur le handicap des coûts salariaux,Négociation salariale,18/02/2026,https://www.ccecrb.fgov.be/p/fr/1351/rapport-2025-sur-le-handicap-des-couts-salariaux,https://www.ccecrb.fgov.be/dpics/fichiers/2026-02-18-03-33-14_doc260451fr.pdf,D:\ccecrb_downloads\rapport\2026-02-18-03-33-14_doc260451fr.pdf
rapport,La situation macroéconomique des entreprises sous la loupe,Emploi et compétitivité,17/02/2026,https://www.ccecrb.fgov.be/p/fr/1348/la-situation-macroeconomique-des-entreprises-sous-la-loupe,https://www.ccecrb.fgov.be/dpics/fichiers/2026-02-18-03-30-21_doc260530fr.pdf,D:\ccecrb_downloads\rapport\2026-02-18-03-30-21_doc260530fr.pdf
rapport,L'emploi dans le secteur de la distribution,Distribution,01/12/2025,https://www.ccecrb.fgov.be/p/fr/1332/l-emploi-dans-le-secteur-de-la-distribution,https://www.ccecrb.fgov.be/dpics/fichiers/2025-12-12-10-47-37_doc252145fr.pdf,D:\ccecrb_downloads\rapport\2025-12-12-10-47-37_doc252145fr.pdf
rapport,Hausse des déplacements domicile-travail à vélo : le CCE et le CNT évaluent la CCT n° 164,Mobilité,05/11/2025,https://www.ccecrb.fgov.be/p/fr/1314/hausse-des-deplacements-domicile-travail-a-velo-le-cce-et-le-cnt-evaluent-la-cct-n-164,https://www.ccecrb.fgov.be/dpics/fichiers/2025-11-05-03-57-14_doc252055fr.pdf,D:\ccecrb_downloads\rapport\2025-11-05-03-57-14_doc252055fr.pdf
rapport,Le CCE appelle à une gestion durable et coordonnée des finances publiques,Finances publiques,16/10/2025,https://www.ccecrb.fgov.be/p/fr/1310/le-cce-appelle-a-une-gestion-durable-et-coordonnee-des-finances-publiques,https://www.ccecrb.fgov.be/dpics/fichiers/2025-10-17-01-27-27_doc251930fr.pdf,D:\ccecrb_downloads\rapport\2025-10-17-01-27-27_doc251930fr.pdf
rapport,Rapport de conjoncture dans le secteur de la construction,Construction,01/10/2025,https://www.ccecrb.fgov.be/p/fr/1309/rapport-de-conjoncture-dans-le-secteur-de-la-construction,https://www.ccecrb.fgov.be/dpics/fichiers/2025-10-10-02-31-37_CCE20251660Rapportconjonctureconstruction_Oct.25.pdf,D:\ccecrb_downloads\rapport\2025-10-10-02-31-37_CCE20251660Rapportconjonctureconstruction_Oct.25.pdf
rapport,Stratégie de relance – Introduction d’un engagement global des employeurs en matière de places de stage - Évaluation annuelle,Emploi et compétitivité,15/07/2025,https://www.ccecrb.fgov.be/p/fr/1290/strategie-de-relance-introduction-d-un-engagement-global-des-employeurs-en-matiere-de-places-de-stage-evaluation-annuelle,https://www.ccecrb.fgov.be/dpics/fichiers/2025-07-18-02-29-00_CCE20251365CNTRapport138RapportStratégiederelance.pdf,D:\ccecrb_downloads\rapport\2025-07-18-02-29-00_CCE20251365CNTRapport138RapportStratégiederelance.pdf
rapport,L'emploi dans l'industrie alimentaire,Alimentation,30/06/2025,https://www.ccecrb.fgov.be/p/fr/1285/l-emploi-dans-l-industrie-alimentaire,https://www.ccecrb.fgov.be/dpics/fichiers/2025-07-03-03-16-46_CCE20251200Rapportdeconjoncturedanslesecteurdel'alimentation.pdf,D:\ccecrb_downloads\rapport\2025-07-03-03-16-46_CCE20251200Rapportdeconjoncturedanslesecteurdel'alimentation.pdf
rapport,Rapport technique du secrétariat sur les marges maximales disponibles 2024,Négociation salariale,19/02/2025,https://www.ccecrb.fgov.be/p/fr/1247/rapport-technique-du-secretariat-sur-les-marges-maximales-disponibles-2024,https://www.ccecrb.fgov.be/dpics/fichiers/2025-02-19-03-46-26_CCE20250390Rapporttechniquedusecrétariatsurlesmargesmaximalesdisponiblesedition2024.pdf,D:\ccecrb_downloads\rapport\2025-02-19-03-46-26_CCE20250390Rapporttechniquedusecrétariatsurlesmargesmaximalesdisponiblesedition2024.pdf
rapport,Rapport 2024 sur le handicap des coûts salariaux,Négociation salariale,19/02/2025,https://www.ccecrb.fgov.be/p/fr/1248/rapport-2024-sur-le-handicap-des-couts-salariaux,https://www.ccecrb.fgov.be/dpics/fichiers/2025-02-19-04-08-17_doc250380fr.pdf,D:\ccecrb_downloads\rapport\2025-02-19-04-08-17_doc250380fr.pdf
rapport,Rapport 2024 sur l’écart salarial entre femmes et hommes,Négociation salariale,19/02/2025,https://www.ccecrb.fgov.be/p/fr/1249/rapport-2024-sur-l-ecart-salarial-entre-femmes-et-hommes,https://www.ccecrb.fgov.be/dpics/fichiers/2025-02-19-04-48-39_doc250375fr.pdf,D:\ccecrb_downloads\rapport\2025-02-19-04-48-39_doc250375fr.pdf
rapport,Rapport 2024 sur les avantages non récurrents liés aux résultats,Négociation salariale,19/02/2025,https://www.ccecrb.fgov.be/p/fr/1250/rapport-2024-sur-les-avantages-non-recurrents-lies-aux-resultats,https://www.ccecrb.fgov.be/dpics/fichiers/2025-02-19-04-31-21_doc250370fr.pdf,D:\ccecrb_downloads\rapport\2025-02-19-04-31-21_doc250370fr.pdf
rapport,"La conjoncture dans le secteur papetier, graphique et de l’édition",Papier,14/02/2025,https://www.ccecrb.fgov.be/p/fr/1257/la-conjoncture-dans-le-secteur-papetier-graphique-et-de-l-edition,https://www.ccecrb.fgov.be/dpics/fichiers/2025-03-03-11-51-40_CCE20250395RapportconjuncturePAR.pdf,D:\ccecrb_downloads\rapport\2025-03-03-11-51-40_CCE20250395RapportconjuncturePAR.pdf
rapport,Les perspectives de croissance ne sont guère réjouissantes pour le secteur de la construction,Construction,22/01/2025,https://www.ccecrb.fgov.be/p/fr/1244/les-perspectives-de-croissance-ne-sont-guere-rejouissantes-pour-le-secteur-de-la-construction,https://www.ccecrb.fgov.be/dpics/fichiers/2025-01-22-03-15-12_CCE20250080Rapportdeconjoncturedanslesecteurdelaconstruction.pdf,D:\ccecrb_downloads\rapport\2025-01-22-03-15-12_CCE20250080Rapportdeconjoncturedanslesecteurdelaconstruction.pdf
rapport,"Une vision et une stratégie pour un modèle socioéconomique résilient, compétitif, inclusif et soutenable à l'horizon 2050",Emploi et compétitivité,17/01/2025,https://www.ccecrb.fgov.be/p/fr/1261/une-vision-et-une-strategie-pour-un-modele-socioeconomique-resilient-competitif-inclusif-et-soutenable-a-l-horizon-2050,https://www.ccecrb.fgov.be/dpics/fichiers/2025-03-11-04-16-58_CCE20250050REC2024.pdf,D:\ccecrb_downloads\rapport\2025-03-11-04-16-58_CCE20250050REC2024.pdf
rapport,État des lieux des finances publiques belges dans le nouveau cadre budgétaire européen,Finances publiques,11/10/2024,https://www.ccecrb.fgov.be/p/fr/1229/etat-des-lieux-des-finances-publiques-belges-dans-le-nouveau-cadre-budgetaire-europeen,https://www.ccecrb.fgov.be/dpics/fichiers/2024-10-16-01-37-18_doc242205fr.pdf,D:\ccecrb_downloads\rapport\2024-10-16-01-37-18_doc242205fr.pdf
rapport,L’emploi dans le secteur de la distribution – septembre 2024,Distribution,12/09/2024,https://www.ccecrb.fgov.be/p/fr/1230/l-emploi-dans-le-secteur-de-la-distribution-septembre-2024,https://www.ccecrb.fgov.be/dpics/fichiers/2024-11-06-12-10-49_CCE20242270Rapportsurl'emploidanslesecteurdeladistributionDEF.pdf,D:\ccecrb_downloads\rapport\2024-11-06-12-10-49_CCE20242270Rapportsurl'emploidanslesecteurdeladistributionDEF.pdf
rapport,L'emploi dans l'industrie alimentaire,Alimentation,29/08/2024,https://www.ccecrb.fgov.be/p/fr/1232/l-emploi-dans-l-industrie-alimentaire,https://www.ccecrb.fgov.be/dpics/fichiers/2024-11-04-02-02-14_CCE20242275L'emploidansl'industriealimentaireDEF.pdf,D:\ccecrb_downloads\rapport\2024-11-04-02-02-14_CCE20242275L'emploidansl'industriealimentaireDEF.pdf
rapport,Conjoncture Construction Juin 2024,Construction,09/07/2024,https://www.ccecrb.fgov.be/p/fr/1204/conjoncture-construction-juin-2024,https://www.ccecrb.fgov.be/dpics/fichiers/2024-07-09-04-21-09_CCE20241710RapportdeconjonctureConstructionJuin24DEF.pdf,D:\ccecrb_downloads\rapport\2024-07-09-04-21-09_CCE20241710RapportdeconjonctureConstructionJuin24DEF.pdf
rapport,La conjoncture économique dans la distribution - juin 2024,Distribution,03/06/2024,https://www.ccecrb.fgov.be/p/fr/1218/la-conjoncture-economique-dans-la-distribution-juin-2024,https://www.ccecrb.fgov.be/dpics/fichiers/2024-09-03-03-28-28_doc241927fr.pdf,D:\ccecrb_downloads\rapport\2024-09-03-03-28-28_doc241927fr.pdf
rapport,Conjoncture économique dans l'industrie alimentaire et des boissons 2024,Alimentation,31/05/2024,https://www.ccecrb.fgov.be/p/fr/1187/conjoncture-economique-dans-l-industrie-alimentaire-et-des-boissons-2024,https://www.ccecrb.fgov.be/dpics/fichiers/2024-05-31-09-25-06_CCE20241413AvantproposrapportconjonctureAlimentation2024.pdf,D:\ccecrb_downloads\rapport\2024-05-31-09-25-06_CCE20241413AvantproposrapportconjonctureAlimentation2024.pdf
rapport,Stratégie de relance – Introduction d’un engagement global des employeurs en matière de places de stage - Évaluation annuelle,Emploi et compétitivité,31/05/2024,https://www.ccecrb.fgov.be/p/fr/1189/strategie-de-relance-introduction-d-un-engagement-global-des-employeurs-en-matiere-de-places-de-stage-evaluation-annuelle,https://www.ccecrb.fgov.be/dpics/fichiers/2024-06-13-09-52-03_CCE20241440CNTRapport135RapportStratégiederelance.pdf,D:\ccecrb_downloads\rapport\2024-06-13-09-52-03_CCE20241440CNTRapport135RapportStratégiederelance.pdf
rapport,"La conjoncture dans le secteur papetier, graphique et de l’édition",Papier,24/04/2024,https://www.ccecrb.fgov.be/p/fr/1174/la-conjoncture-dans-le-secteur-papetier-graphique-et-de-l-edition,https://www.ccecrb.fgov.be/dpics/fichiers/2024-04-24-11-06-53_doc241070fr.pdf,D:\ccecrb_downloads\rapport\2024-04-24-11-06-53_doc241070fr.pdf
rapport,État des lieux des finances publiques belges,Finances publiques,24/04/2024,https://www.ccecrb.fgov.be/p/fr/1177/etat-des-lieux-des-finances-publiques-belges,https://www.ccecrb.fgov.be/dpics/fichiers/2024-04-24-05-13-13_doc241185fr.pdf,D:\ccecrb_downloads\rapport\2024-04-24-05-13-13_doc241185fr.pdf
rapport,Les carrières professionnelles en Belgique : enjeux et diagnostic,Emploi et compétitivité,22/02/2024,https://www.ccecrb.fgov.be/p/fr/1157/les-carrieres-professionnelles-en-belgique-enjeux-et-diagnostic,https://www.ccecrb.fgov.be/dpics/fichiers/2024-02-27-04-06-50_doc240630fr.pdf,D:\ccecrb_downloads\rapport\2024-02-27-04-06-50_doc240630fr.pdf
rapport,Les carrières professionnelles en Belgique : enjeux et diagnostic,Emploi et compétitivité,22/02/2024,https://www.ccecrb.fgov.be/p/fr/1157/les-carrieres-professionnelles-en-belgique-enjeux-et-diagnostic,https://www.ccecrb.fgov.be/dpics/fichiers/2024-02-27-03-35-07_doc240540fr.pdf,D:\ccecrb_downloads\rapport\2024-02-27-03-35-07_doc240540fr.pdf
rapport,Rapport technique du secrétariat sur les marges maximales disponibles 2023,Négociation salariale,21/02/2024,https://www.ccecrb.fgov.be/p/fr/1151/rapport-technique-du-secretariat-sur-les-marges-maximales-disponibles-2023,https://www.ccecrb.fgov.be/dpics/fichiers/2024-08-21-01-53-24_CCE20240550Rapporttechnique2023.pdf,D:\ccecrb_downloads\rapport\2024-08-21-01-53-24_CCE20240550Rapporttechnique2023.pdf
rapport,L’écart salarial entre femmes et hommes en 2023,Négociation salariale,21/02/2024,https://www.ccecrb.fgov.be/p/fr/1152/l-ecart-salarial-entre-femmes-et-hommes-en-2023,https://www.ccecrb.fgov.be/dpics/fichiers/2024-02-27-03-14-11_doc240552fr.pdf,D:\ccecrb_downloads\rapport\2024-02-27-03-14-11_doc240552fr.pdf
rapport,Rapport 2023 sur le handicap des coûts salariaux,Négociation salariale,21/02/2024,https://www.ccecrb.fgov.be/p/fr/1153/rapport-2023-sur-le-handicap-des-couts-salariaux,https://www.ccecrb.fgov.be/dpics/fichiers/2024-02-21-06-08-43_doc240553fr.pdf,D:\ccecrb_downloads\rapport\2024-02-21-06-08-43_doc240553fr.pdf
rapport,Rapport sur les avantages non récurrents liés aux résultats,Négociation salariale,21/02/2024,https://www.ccecrb.fgov.be/p/fr/1154/rapport-sur-les-avantages-non-recurrents-lies-aux-resultats,https://www.ccecrb.fgov.be/dpics/fichiers/2024-02-27-02-33-59_doc240551fr.pdf,D:\ccecrb_downloads\rapport\2024-02-27-02-33-59_doc240551fr.pdf
rapport,La situation macroéconomique des entreprises sous la loupe,Emploi et compétitivité,25/01/2024,https://www.ccecrb.fgov.be/p/fr/1149/la-situation-macroeconomique-des-entreprises-sous-la-loupe,https://www.ccecrb.fgov.be/dpics/fichiers/2024-08-21-01-20-17_CCE20240290letauxdemargelarentabiliteetlasituationmacroeconomiquedesentreprises.pdf,D:\ccecrb_downloads\rapport\2024-08-21-01-20-17_CCE20240290letauxdemargelarentabiliteetlasituationmacroeconomiquedesentreprises.pdf
rapport,L’évolution conjoncturelle dans le secteur de la construction,Construction,20/12/2023,https://www.ccecrb.fgov.be/p/fr/1135/l-evolution-conjoncturelle-dans-le-secteur-de-la-construction,https://www.ccecrb.fgov.be/dpics/fichiers/2024-08-20-04-44-24_CCE20232738DEFRapportdeconjonctureConstructionpoursite.pdf,D:\ccecrb_downloads\rapport\2024-08-20-04-44-24_CCE20232738DEFRapportdeconjonctureConstructionpoursite.pdf
rapport,La conjoncture économique dans l’industrie de la chimie,Chimie,15/12/2023,https://www.ccecrb.fgov.be/p/fr/1134/la-conjoncture-economique-dans-l-industrie-de-la-chimie,https://www.ccecrb.fgov.be/dpics/fichiers/2023-12-21-04-03-05_CCE20232898AvantproposRapportsurlaconjunctureéconomiquedansl'industriedelachimie.pdf,D:\ccecrb_downloads\rapport\2023-12-21-04-03-05_CCE20232898AvantproposRapportsurlaconjunctureéconomiquedansl'industriedelachimie.pdf
rapport,"Stimuler les investissements dans le logement abordable, durable et de qualité",Construction,23/11/2023,https://www.ccecrb.fgov.be/p/fr/1125/stimuler-les-investissements-dans-le-logement-abordable-durable-et-de-qualite,https://www.ccecrb.fgov.be/dpics/fichiers/2024-08-20-03-13-17_CCE20232645DEFRapportInvestissements.pdf,D:\ccecrb_downloads\rapport\2024-08-20-03-13-17_CCE20232645DEFRapportInvestissements.pdf
rapport,« Causes et conséquences de l’inflation » - Rapport Emploi Compétitivité 2023,Emploi et compétitivité,30/10/2023,https://www.ccecrb.fgov.be/p/fr/1116/-causes-et-consequences-de-l-inflation-rapport-emploi-competitivite-2023,https://www.ccecrb.fgov.be/dpics/fichiers/2024-08-19-03-28-31_CCE20232450REC2023.pdf,D:\ccecrb_downloads\rapport\2024-08-19-03-28-31_CCE20232450REC2023.pdf
rapport,Les défis de l’e-commerce en Belgique,Distribution,25/10/2023,https://www.ccecrb.fgov.be/p/fr/1114/les-defis-de-l-e-commerce-en-belgique,https://www.ccecrb.fgov.be/dpics/fichiers/2024-08-12-04-37-43_CCE20242422Defisdelecommercecce20232422.pdf,D:\ccecrb_downloads\rapport\2024-08-12-04-37-43_CCE20242422Defisdelecommercecce20232422.pdf
rapport,L’emploi dans les secteurs de l’e-commerce,Distribution,25/10/2023,https://www.ccecrb.fgov.be/p/fr/1115/l-emploi-dans-les-secteurs-de-l-e-commerce,https://www.ccecrb.fgov.be/dpics/fichiers/2024-08-26-03-10-19_CCE20232425DEFRapportECommerce«Facts&Figures»Emploi.pdf,D:\ccecrb_downloads\rapport\2024-08-26-03-10-19_CCE20232425DEFRapportECommerce«Facts&Figures»Emploi.pdf
rapport,"La conjoncture dans le secteur papetier, graphique et de l’édition",Papier,26/09/2023,https://www.ccecrb.fgov.be/p/fr/1118/la-conjoncture-dans-le-secteur-papetier-graphique-et-de-l-edition,https://www.ccecrb.fgov.be/dpics/fichiers/2024-08-12-04-13-06_CCE20232217RapportconjunctuurPARDEF.pdf,D:\ccecrb_downloads\rapport\2024-08-12-04-13-06_CCE20232217RapportconjunctuurPARDEF.pdf
rapport,Stratégie de relance – Introduction d’un engagement global des employeurs en matière de places de stage - Évaluation annuelle,Emploi et compétitivité,18/07/2023,https://www.ccecrb.fgov.be/p/fr/1086/strategie-de-relance-introduction-d-un-engagement-global-des-employeurs-en-matiere-de-places-de-stage-evaluation-annuelle,https://www.ccecrb.fgov.be/dpics/fichiers/2024-08-12-03-13-59_CCE20231815CNTRapport133.pdf,D:\ccecrb_downloads\rapport\2024-08-12-03-13-59_CCE20231815CNTRapport133.pdf
rapport,La conjoncture économique du secteur alimentaire et des boissons - avril 2023,Alimentation,11/07/2023,https://www.ccecrb.fgov.be/p/fr/1085/la-conjoncture-economique-du-secteur-alimentaire-et-des-boissons-avril-2023,https://www.ccecrb.fgov.be/dpics/fichiers/2023-07-11-06-30-21_CCE20231716AvantproposrapportconjonctureAlimentation2023.pdf,D:\ccecrb_downloads\rapport\2023-07-11-06-30-21_CCE20231716AvantproposrapportconjonctureAlimentation2023.pdf
rapport,L'emploi dans le secteur de la distribution - Juin 2023,Distribution,19/06/2023,https://www.ccecrb.fgov.be/p/fr/1095/l-emploi-dans-le-secteur-de-la-distribution-juin-2023,https://www.ccecrb.fgov.be/dpics/fichiers/2024-08-12-02-44-21_CCE20231714DEFRapportemploi.pdf,D:\ccecrb_downloads\rapport\2024-08-12-02-44-21_CCE20231714DEFRapportemploi.pdf
rapport,L’évolution conjoncturelle dans le secteur de la construction– Mai 2023,Construction,01/06/2023,https://www.ccecrb.fgov.be/p/fr/1069/l-evolution-conjoncturelle-dans-le-secteur-de-la-construction-mai-2023,https://www.ccecrb.fgov.be/dpics/fichiers/2024-08-12-01-58-39_CCE20231349RapportdeconjonctureConstructionDEF.pdf,D:\ccecrb_downloads\rapport\2024-08-12-01-58-39_CCE20231349RapportdeconjonctureConstructionDEF.pdf
rapport,L'emploi dans l'industrie alimentaire,Alimentation,28/03/2023,https://www.ccecrb.fgov.be/p/fr/1053/l-emploi-dans-l-industrie-alimentaire,https://www.ccecrb.fgov.be/dpics/fichiers/2024-08-12-01-24-54_CCE20230776Rapportsurlemploidanslindustriealimentaire.pdf,D:\ccecrb_downloads\rapport\2024-08-12-01-24-54_CCE20230776Rapportsurlemploidanslindustriealimentaire.pdf
rapport,L'emploi dans le secteur de la chimie,Chimie,13/03/2023,https://www.ccecrb.fgov.be/p/fr/1049/l-emploi-dans-le-secteur-de-la-chimie,https://www.ccecrb.fgov.be/dpics/fichiers/2023-03-13-05-10-21_doc230636fr.pdf,D:\ccecrb_downloads\rapport\2023-03-13-05-10-21_doc230636fr.pdf
rapport,Éléments factuels sur le système de pensions belge,Pensions,08/03/2023,https://www.ccecrb.fgov.be/p/fr/1048/elements-factuels-sur-le-systeme-de-pensions-belge,https://www.ccecrb.fgov.be/dpics/fichiers/2023-03-06-03-29-02_CCE20222492CNTP.D.2218Pr%C3%A9sentationprofesseurHindriks12.10.2022.pdf,D:\ccecrb_downloads\rapport\2023-03-06-03-29-02_CCE20222492CNTP.D.2218Pr%C3%A9sentationprofesseurHindriks12.10.2022.pdf
rapport,Éléments factuels sur le système de pensions belge,Pensions,08/03/2023,https://www.ccecrb.fgov.be/p/fr/1048/elements-factuels-sur-le-systeme-de-pensions-belge,https://www.ccecrb.fgov.be/dpics/fichiers/2023-03-06-03-40-23_CRB20222645NARP.D.2222PresentatieprofdrVanroelen26.10.2022.pdf,D:\ccecrb_downloads\rapport\2023-03-06-03-40-23_CRB20222645NARP.D.2222PresentatieprofdrVanroelen26.10.2022.pdf
rapport,Éléments factuels sur le système de pensions belge,Pensions,08/03/2023,https://www.ccecrb.fgov.be/p/fr/1048/elements-factuels-sur-le-systeme-de-pensions-belge,https://www.ccecrb.fgov.be/dpics/fichiers/2023-03-06-03-43-49_CRB20222797NARP.D.2226Presentatieprof.dr.Alofs8.11.2022.pdf,D:\ccecrb_downloads\rapport\2023-03-06-03-43-49_CRB20222797NARP.D.2226Presentatieprof.dr.Alofs8.11.2022.pdf
rapport,Éléments factuels sur le système de pensions belge,Pensions,08/03/2023,https://www.ccecrb.fgov.be/p/fr/1048/elements-factuels-sur-le-systeme-de-pensions-belge,https://www.ccecrb.fgov.be/dpics/fichiers/2023-03-06-04-17-43_CRB20223123NARP.D.2236PresentatieprofdrSpinnewijn06.12.2022.pdf,D:\ccecrb_downloads\rapport\2023-03-06-04-17-43_CRB20223123NARP.D.2236PresentatieprofdrSpinnewijn06.12.2022.pdf
rapport,Éléments factuels sur le système de pensions belge,Pensions,08/03/2023,https://www.ccecrb.fgov.be/p/fr/1048/elements-factuels-sur-le-systeme-de-pensions-belge,https://www.ccecrb.fgov.be/dpics/fichiers/2023-03-06-03-48-00_CRB20223034NARP.D.2232PresentatieP.Roels29.11.2022_NL.pdf,D:\ccecrb_downloads\rapport\2023-03-06-03-48-00_CRB20223034NARP.D.2232PresentatieP.Roels29.11.2022_NL.pdf
rapport,Éléments factuels sur le système de pensions belge,Pensions,08/03/2023,https://www.ccecrb.fgov.be/p/fr/1048/elements-factuels-sur-le-systeme-de-pensions-belge,https://www.ccecrb.fgov.be/dpics/fichiers/2023-03-06-03-41-51_CRB20222796NARP.D.2225PresentatieprofdrStevens8.11.2022.pdf,D:\ccecrb_downloads\rapport\2023-03-06-03-41-51_CRB20222796NARP.D.2225PresentatieprofdrStevens8.11.2022.pdf
rapport,Éléments factuels sur le système de pensions belge,Pensions,08/03/2023,https://www.ccecrb.fgov.be/p/fr/1048/elements-factuels-sur-le-systeme-de-pensions-belge,https://www.ccecrb.fgov.be/dpics/fichiers/2024-08-20-02-12-48_CCE20230652CNT130Rapportpensionsélémentsfactuels.pdf,D:\ccecrb_downloads\rapport\2024-08-20-02-12-48_CCE20230652CNT130Rapportpensionsélémentsfactuels.pdf
rapport,Éléments factuels sur le système de pensions belge,Pensions,08/03/2023,https://www.ccecrb.fgov.be/p/fr/1048/elements-factuels-sur-le-systeme-de-pensions-belge,https://www.ccecrb.fgov.be/dpics/fichiers/2023-03-06-04-28-07_CRB20230081NARP.D.2301PresentatieFodWaso17.01.2023.pdf,D:\ccecrb_downloads\rapport\2023-03-06-04-28-07_CRB20230081NARP.D.2301PresentatieFodWaso17.01.2023.pdf
rapport,Éléments factuels sur le système de pensions belge,Pensions,08/03/2023,https://www.ccecrb.fgov.be/p/fr/1048/elements-factuels-sur-le-systeme-de-pensions-belge,https://www.ccecrb.fgov.be/dpics/fichiers/2023-03-06-04-14-52_CRB20223115NARP.D.2235CompendiumantwoordenDEEL2_light.pdf,D:\ccecrb_downloads\rapport\2023-03-06-04-14-52_CRB20223115NARP.D.2235CompendiumantwoordenDEEL2_light.pdf
rapport,Éléments factuels sur le système de pensions belge,Pensions,08/03/2023,https://www.ccecrb.fgov.be/p/fr/1048/elements-factuels-sur-le-systeme-de-pensions-belge,https://www.ccecrb.fgov.be/dpics/fichiers/2023-03-06-03-31-08_CCE20222549CNTP.D.2221Pr%C3%A9sentationprofdrThiry18.10.2022.pdf,D:\ccecrb_downloads\rapport\2023-03-06-03-31-08_CCE20222549CNTP.D.2221Pr%C3%A9sentationprofdrThiry18.10.2022.pdf
rapport,Éléments factuels sur le système de pensions belge,Pensions,08/03/2023,https://www.ccecrb.fgov.be/p/fr/1048/elements-factuels-sur-le-systeme-de-pensions-belge,https://www.ccecrb.fgov.be/dpics/fichiers/2023-03-06-03-44-46_CRB20222854NARP.D.2228CompendiumantwoordenDEEL1.pdf,D:\ccecrb_downloads\rapport\2023-03-06-03-44-46_CRB20222854NARP.D.2228CompendiumantwoordenDEEL1.pdf
rapport,Éléments factuels sur le système de pensions belge,Pensions,08/03/2023,https://www.ccecrb.fgov.be/p/fr/1048/elements-factuels-sur-le-systeme-de-pensions-belge,https://www.ccecrb.fgov.be/dpics/fichiers/2023-03-06-03-45-31_CRB20222908NARP.D.2229PresentatieP.Roels22.11.2022_NL.pdf,D:\ccecrb_downloads\rapport\2023-03-06-03-45-31_CRB20222908NARP.D.2229PresentatieP.Roels22.11.2022_NL.pdf
rapport,Éléments factuels sur le système de pensions belge,Pensions,08/03/2023,https://www.ccecrb.fgov.be/p/fr/1048/elements-factuels-sur-le-systeme-de-pensions-belge,https://www.ccecrb.fgov.be/dpics/fichiers/2023-03-06-03-46-30_CRB20222909NARP.D.2230PresentatieprofdrRayp22.11.2022.pdf,D:\ccecrb_downloads\rapport\2023-03-06-03-46-30_CRB20222909NARP.D.2230PresentatieprofdrRayp22.11.2022.pdf
rapport,Éléments factuels sur le système de pensions belge,Pensions,08/03/2023,https://www.ccecrb.fgov.be/p/fr/1048/elements-factuels-sur-le-systeme-de-pensions-belge,https://www.ccecrb.fgov.be/dpics/fichiers/2023-03-06-03-40-55_CRB20222719NARP.D.2223PresentationF.Blank26.10.2022.pdf,D:\ccecrb_downloads\rapport\2023-03-06-03-40-55_CRB20222719NARP.D.2223PresentationF.Blank26.10.2022.pdf
rapport,État des lieux des finances publiques belges,Finances publiques,24/01/2023,https://www.ccecrb.fgov.be/p/fr/1038/etat-des-lieux-des-finances-publiques-belges,https://www.ccecrb.fgov.be/dpics/fichiers/2023-01-25-09-48-46_doc230130fr.pdf,D:\ccecrb_downloads\rapport\2023-01-25-09-48-46_doc230130fr.pdf
rapport,Les trois autres rapports 2022 sur les coûts salariaux,Négociation salariale,21/12/2022,https://www.ccecrb.fgov.be/p/fr/1035/les-trois-autres-rapports-2022-sur-les-couts-salariaux,https://www.ccecrb.fgov.be/dpics/fichiers/2022-12-22-12-22-55_doc223304fr.pdf,D:\ccecrb_downloads\rapport\2022-12-22-12-22-55_doc223304fr.pdf
rapport,Les trois autres rapports 2022 sur les coûts salariaux,Négociation salariale,21/12/2022,https://www.ccecrb.fgov.be/p/fr/1035/les-trois-autres-rapports-2022-sur-les-couts-salariaux,https://www.ccecrb.fgov.be/dpics/fichiers/2022-12-22-11-50-20_doc223302fr.pdf,D:\ccecrb_downloads\rapport\2022-12-22-11-50-20_doc223302fr.pdf
rapport,Les trois autres rapports 2022 sur les coûts salariaux,Négociation salariale,21/12/2022,https://www.ccecrb.fgov.be/p/fr/1035/les-trois-autres-rapports-2022-sur-les-couts-salariaux,https://www.ccecrb.fgov.be/dpics/fichiers/2022-12-22-12-19-38_doc223303fr.pdf,D:\ccecrb_downloads\rapport\2022-12-22-12-19-38_doc223303fr.pdf
rapport,L’usage du vélo dans le cadre des déplacements domicile-travail,Mobilité,25/10/2022,https://www.ccecrb.fgov.be/p/fr/1017/l-usage-du-velo-dans-le-cadre-des-deplacements-domicile-travail,https://www.ccecrb.fgov.be/dpics/fichiers/2022-10-25-05-23-33_CCE20222655L’usageduvélodéplacementsdomiciletravail.pdf,D:\ccecrb_downloads\rapport\2022-10-25-05-23-33_CCE20222655L’usageduvélodéplacementsdomiciletravail.pdf
rapport,Rapport technique du secrétariat 2022,Négociation salariale,25/10/2022,https://www.ccecrb.fgov.be/p/fr/1019/rapport-technique-du-secretariat-2022,https://www.ccecrb.fgov.be/dpics/fichiers/2022-11-08-03-18-16_CCE20222607RT2022dusecrétariat.pdf,D:\ccecrb_downloads\rapport\2022-11-08-03-18-16_CCE20222607RT2022dusecrétariat.pdf
rapport,L’évolution conjoncturelle dans le secteur de la construction,Construction,25/10/2022,https://www.ccecrb.fgov.be/p/fr/1023/l-evolution-conjoncturelle-dans-le-secteur-de-la-construction,https://www.ccecrb.fgov.be/dpics/fichiers/2022-11-08-11-05-24_CCE20222609.pdf,D:\ccecrb_downloads\rapport\2022-11-08-11-05-24_CCE20222609.pdf
rapport,Insertion des jeunes sur le marché du travail et impact de la crise du COVID-19,Emploi et compétitivité,21/09/2022,https://www.ccecrb.fgov.be/p/fr/1010/insertion-des-jeunes-sur-le-marche-du-travail-et-impact-de-la-crise-du-covid-19,https://www.ccecrb.fgov.be/dpics/fichiers/2022-09-23-09-39-22_CCE20222210Rapportjeunes.pdf,D:\ccecrb_downloads\rapport\2022-09-23-09-39-22_CCE20222210Rapportjeunes.pdf
rapport,Évaluation du nombre de stages d'intégration en entreprise,Emploi et compétitivité,19/07/2022,https://www.ccecrb.fgov.be/p/fr/998/evaluation-du-nombre-de-stages-d-integration-en-entreprise,https://www.ccecrb.fgov.be/dpics/fichiers/2022-08-05-09-14-19_CCE20221875.pdf,D:\ccecrb_downloads\rapport\2022-08-05-09-14-19_CCE20221875.pdf
rapport,La conjoncture économique du secteur alimentaire et des boissons - avril 2022,Alimentation,12/07/2022,https://www.ccecrb.fgov.be/p/fr/992/la-conjoncture-economique-du-secteur-alimentaire-et-des-boissons-avril-2022,https://www.ccecrb.fgov.be/dpics/fichiers/2022-07-12-01-54-39_CCE20221705AvantproposrapportconjonctureAlimentation2021.pdf,D:\ccecrb_downloads\rapport\2022-07-12-01-54-39_CCE20221705AvantproposrapportconjonctureAlimentation2021.pdf
rapport,Les enjeux du commerce électronique pour le secteur de la distribution,Distribution,11/07/2022,https://www.ccecrb.fgov.be/p/fr/991/les-enjeux-du-commerce-electronique-pour-le-secteur-de-la-distribution,https://www.ccecrb.fgov.be/dpics/fichiers/2022-07-14-03-20-48_CCE20221670DEFSite.pdf,D:\ccecrb_downloads\rapport\2022-07-14-03-20-48_CCE20221670DEFSite.pdf
rapport,Rapport intermédiaire sur les travaux relatifs à l'e-commerce,Distribution,06/07/2022,https://www.ccecrb.fgov.be/p/fr/1022/rapport-intermediaire-sur-les-travaux-relatifs-a-l-e-commerce,https://www.ccecrb.fgov.be/dpics/fichiers/2022-11-07-04-54-27_Deuxièmerapportintermédiaireecommerce.pdf,D:\ccecrb_downloads\rapport\2022-11-07-04-54-27_Deuxièmerapportintermédiaireecommerce.pdf
rapport,Méthode de travail en matière de pensions,Pensions,05/07/2022,https://www.ccecrb.fgov.be/p/fr/989/methode-de-travail-en-matiere-de-pensions,https://www.ccecrb.fgov.be/dpics/fichiers/2022-07-08-11-31-14_CCE20221718CNTP.D.2207(Pensionsméthodedetravail).pdf,D:\ccecrb_downloads\rapport\2022-07-08-11-31-14_CCE20221718CNTP.D.2207(Pensionsméthodedetravail).pdf
rapport,L’usage du vélo pour les déplacements domicile-travail,Mobilité,17/05/2022,https://www.ccecrb.fgov.be/p/fr/978/l-usage-du-velo-pour-les-deplacements-domicile-travail,https://www.ccecrb.fgov.be/dpics/fichiers/2022-05-18-10-57-13_doc221220fr.pdf,D:\ccecrb_downloads\rapport\2022-05-18-10-57-13_doc221220fr.pdf
rapport,L'emploi dans le secteur de la chimie,Chimie,25/03/2022,https://www.ccecrb.fgov.be/p/fr/973/l-emploi-dans-le-secteur-de-la-chimie,https://www.ccecrb.fgov.be/dpics/fichiers/2022-04-11-02-19-04_CCE20220618DEF2Site.pdf,D:\ccecrb_downloads\rapport\2022-04-11-02-19-04_CCE20220618DEF2Site.pdf
rapport,Le Rapport « Facts & Figures » sur l’e-commerce,Digitalisation,14/02/2022,https://www.ccecrb.fgov.be/p/fr/958/le-rapport-facts-figures-sur-l-e-commerce,https://www.ccecrb.fgov.be/dpics/fichiers/2022-02-15-03-25-30_CCE20220400DEFSite.pdf,D:\ccecrb_downloads\rapport\2022-02-15-03-25-30_CCE20220400DEFSite.pdf
rapport,Rapport technique du secrétariat 2021,Négociation salariale,10/02/2022,https://www.ccecrb.fgov.be/p/fr/956/rapport-technique-du-secretariat-2021,https://www.ccecrb.fgov.be/dpics/fichiers/2022-02-10-04-44-06_doc220350fr.pdf,D:\ccecrb_downloads\rapport\2022-02-10-04-44-06_doc220350fr.pdf
rapport,La conjoncture économique dans l’industrie de la chimie,Chimie,10/02/2022,https://www.ccecrb.fgov.be/p/fr/969/la-conjoncture-economique-dans-l-industrie-de-la-chimie,https://www.ccecrb.fgov.be/dpics/fichiers/2022-04-01-04-15-24_doc220838fr.pdf,D:\ccecrb_downloads\rapport\2022-04-01-04-15-24_doc220838fr.pdf
rapport,Les trois autres rapports 2021 sur les coûts salariaux,Négociation salariale,09/02/2022,https://www.ccecrb.fgov.be/p/fr/957/les-trois-autres-rapports-2021-sur-les-couts-salariaux,https://www.ccecrb.fgov.be/dpics/fichiers/2022-02-10-05-20-20_doc220353_Handicaps_salariaux.pdf,D:\ccecrb_downloads\rapport\2022-02-10-05-20-20_doc220353_Handicaps_salariaux.pdf
rapport,Les trois autres rapports 2021 sur les coûts salariaux,Négociation salariale,09/02/2022,https://www.ccecrb.fgov.be/p/fr/957/les-trois-autres-rapports-2021-sur-les-couts-salariaux,https://www.ccecrb.fgov.be/dpics/fichiers/2022-02-15-01-50-51_CCE20220351RapportEcartsalarialentrehommesetfemmesversionsite.pdf,D:\ccecrb_downloads\rapport\2022-02-15-01-50-51_CCE20220351RapportEcartsalarialentrehommesetfemmesversionsite.pdf
rapport,Les trois autres rapports 2021 sur les coûts salariaux,Négociation salariale,09/02/2022,https://www.ccecrb.fgov.be/p/fr/957/les-trois-autres-rapports-2021-sur-les-couts-salariaux,https://www.ccecrb.fgov.be/dpics/fichiers/2022-02-10-05-19-19_doc220352_Avantages_non_r%C3%A9currents_li%C3%A9s_aux_r%C3%A9sultats.pdf,D:\ccecrb_downloads\rapport\2022-02-10-05-19-19_doc220352_Avantages_non_r%C3%A9currents_li%C3%A9s_aux_r%C3%A9sultats.pdf
rapport,Le rôle des organes paritaires de concertation dans le maintien de la paix sociale,Emploi et compétitivité,26/01/2022,https://www.ccecrb.fgov.be/p/fr/953/le-role-des-organes-paritaires-de-concertation-dans-le-maintien-de-la-paix-sociale,https://www.ccecrb.fgov.be/dpics/fichiers/2022-02-07-01-20-01_doc22_0195fr.pdf,D:\ccecrb_downloads\rapport\2022-02-07-01-20-01_doc22_0195fr.pdf
rapport,"Respect de la paix sociale, impact des niveaux de salaire sur le fonctionnement du marché du travail, influence de l'ancienneté sur les salaires",Négociation salariale,26/01/2022,https://www.ccecrb.fgov.be/p/fr/954/respect-de-la-paix-sociale-impact-des-niveaux-de-salaire-sur-le-fonctionnement-du-marche-du-travail-influence-de-l-anciennete-sur-les-salaires,https://www.ccecrb.fgov.be/dpics/fichiers/2022-01-31-08-06-10_doc220193fr.pdf,D:\ccecrb_downloads\rapport\2022-01-31-08-06-10_doc220193fr.pdf
rapport,L’évolution conjoncturelle dans le secteur de la construction,Construction,17/01/2022,https://www.ccecrb.fgov.be/p/fr/960/l-evolution-conjoncturelle-dans-le-secteur-de-la-construction,https://www.ccecrb.fgov.be/dpics/fichiers/2022-02-18-11-56-09_CCE20220250DEFSite.pdf,D:\ccecrb_downloads\rapport\2022-02-18-11-56-09_CCE20220250DEFSite.pdf
rapport,L’écart salarial entre les femmes et les hommes : diagnostic et déterminants,Négociation salariale,22/12/2021,https://www.ccecrb.fgov.be/p/fr/944/l-ecart-salarial-entre-les-femmes-et-les-hommes-diagnostic-et-determinants,https://www.ccecrb.fgov.be/dpics/fichiers/2022-02-15-12-27-01_cce20213520rapportsurlecartsalarialentrelesfemmesetleshommesdiagnosticetdeterminants(3).pdf,D:\ccecrb_downloads\rapport\2022-02-15-12-27-01_cce20213520rapportsurlecartsalarialentrelesfemmesetleshommesdiagnosticetdeterminants(3).pdf
rapport,« Construire l’avenir » : le Rapport Emploi Compétitivité 2021,Emploi et compétitivité,15/12/2021,https://www.ccecrb.fgov.be/p/fr/938/-construire-l-avenir-le-rapport-emploi-competitivite-2021,https://www.ccecrb.fgov.be/dpics/fichiers/2021-12-15-09-44-23_doc213326fr.pdf,D:\ccecrb_downloads\rapport\2021-12-15-09-44-23_doc213326fr.pdf
rapport,L'emploi dans l'industrie alimentaire,Alimentation,15/12/2021,https://www.ccecrb.fgov.be/p/fr/939/l-emploi-dans-l-industrie-alimentaire,https://www.ccecrb.fgov.be/dpics/fichiers/2021-12-23-01-13-30_CCE20213204DEFsite.pdf,D:\ccecrb_downloads\rapport\2021-12-23-01-13-30_CCE20213204DEFsite.pdf
rapport,Évolution des taxes indirectes pour certaines boissons en Belgique et dans les pays voisins,Alimentation,14/12/2021,https://www.ccecrb.fgov.be/p/fr/946/evolution-des-taxes-indirectes-pour-certaines-boissons-en-belgique-et-dans-les-pays-voisins,https://www.ccecrb.fgov.be/dpics/fichiers/2022-01-10-10-21-20_doc213343fr.pdf,D:\ccecrb_downloads\rapport\2022-01-10-10-21-20_doc213343fr.pdf
rapport,La conjoncture économique dans le secteur de la distribution - juin 2021,Distribution,28/10/2021,https://www.ccecrb.fgov.be/p/fr/920/la-conjoncture-economique-dans-le-secteur-de-la-distribution-juin-2021,https://www.ccecrb.fgov.be/dpics/fichiers/2021-11-04-11-51-45_CCE20213009avantproposrapconjdistribu2020.pdf,D:\ccecrb_downloads\rapport\2021-11-04-11-51-45_CCE20213009avantproposrapconjdistribu2020.pdf
rapport,Évaluation du nombre de stages d'intégration en entreprise,Emploi et compétitivité,30/09/2021,https://www.ccecrb.fgov.be/p/fr/913/evaluation-du-nombre-de-stages-d-integration-en-entreprise,https://www.ccecrb.fgov.be/dpics/fichiers/2021-10-01-04-34-43_doc212677fr.pdf,D:\ccecrb_downloads\rapport\2021-10-01-04-34-43_doc212677fr.pdf
rapport,La R&D et sa valorisation en Belgique : un premier diagnostic,Emploi et compétitivité,28/09/2021,https://www.ccecrb.fgov.be/p/fr/909/la-r-d-et-sa-valorisation-en-belgique-un-premier-diagnostic,https://www.ccecrb.fgov.be/dpics/fichiers/2021-09-30-05-05-59_doc212685fr.pdf,D:\ccecrb_downloads\rapport\2021-09-30-05-05-59_doc212685fr.pdf
rapport,La conjoncture économique dans l'industrie alimentaire et des boissons - avril 2021,Alimentation,30/08/2021,https://www.ccecrb.fgov.be/p/fr/892/la-conjoncture-economique-dans-l-industrie-alimentaire-et-des-boissons-avril-2021,https://www.ccecrb.fgov.be/dpics/fichiers/2021-08-30-12-10-14_doc202369fr.pdf,D:\ccecrb_downloads\rapport\2021-08-30-12-10-14_doc202369fr.pdf
rapport,Suivi du secteur de la distribution pendant la crise du coronavirus - juin 2021,Distribution,15/07/2021,https://www.ccecrb.fgov.be/p/fr/884/suivi-du-secteur-de-la-distribution-pendant-la-crise-du-coronavirus-juin-2021,https://www.ccecrb.fgov.be/dpics/fichiers/2021-07-15-12-14-13_CCE20212101DEF.pdf,D:\ccecrb_downloads\rapport\2021-07-15-12-14-13_CCE20212101DEF.pdf
rapport,Stratégie de relance – Introduction d’un engagement global des employeurs en matière de places de stage - Évaluation annuelle,Emploi et compétitivité,14/07/2021,https://www.ccecrb.fgov.be/p/fr/916/strategie-de-relance-introduction-d-un-engagement-global-des-employeurs-en-matiere-de-places-de-stage-evaluation-annuelle,https://www.ccecrb.fgov.be/dpics/fichiers/2021-10-20-03-38-37_CCE20201375CNTrapport118.pdf,D:\ccecrb_downloads\rapport\2021-10-20-03-38-37_CCE20201375CNTrapport118.pdf
rapport,L'évolution conjoncturelle dans le secteur de la construction - juin 2021,Construction,13/07/2021,https://www.ccecrb.fgov.be/p/fr/883/l-evolution-conjoncturelle-dans-le-secteur-de-la-construction-juin-2021,https://www.ccecrb.fgov.be/dpics/fichiers/2021-07-14-09-33-41_CCE20212149DEF.pdf,D:\ccecrb_downloads\rapport\2021-07-14-09-33-41_CCE20212149DEF.pdf
rapport,"Le secteur papier, graphique et de l’édition pendant la crise du coronavirus",Papier,06/07/2021,https://www.ccecrb.fgov.be/p/fr/879/le-secteur-papier-graphique-et-de-l-edition-pendant-la-crise-du-coronavirus,https://www.ccecrb.fgov.be/dpics/fichiers/2021-07-06-04-10-30_CCE20211786Def.pdf,D:\ccecrb_downloads\rapport\2021-07-06-04-10-30_CCE20211786Def.pdf
rapport,Grandes différences de taxes indirectes sur les boissons entre la Belgique et les pays voisins,Alimentation,06/05/2021,https://www.ccecrb.fgov.be/p/fr/852/grandes-differences-de-taxes-indirectes-sur-les-boissons-entre-la-belgique-et-les-pays-voisins,https://www.ccecrb.fgov.be/dpics/fichiers/2021-05-19-01-30-56_CCE20211258Rapportcomparaisondestaxesetdesachatstransfrontaliersdecertainesboissons.pdf,D:\ccecrb_downloads\rapport\2021-05-19-01-30-56_CCE20211258Rapportcomparaisondestaxesetdesachatstransfrontaliersdecertainesboissons.pdf
rapport,Vision d’experts sur une logistique durable de l’e-commerce,Distribution,28/04/2021,https://www.ccecrb.fgov.be/p/fr/850/vision-d-experts-sur-une-logistique-durable-de-l-e-commerce,https://www.ccecrb.fgov.be/dpics/fichiers/2021-04-28-01-41-41_doc211014fr.pdf,D:\ccecrb_downloads\rapport\2021-04-28-01-41-41_doc211014fr.pdf
rapport,Suivi du secteur alimentaire pendant la crise du coronavirus - mars 2021,Alimentation,12/04/2021,https://www.ccecrb.fgov.be/p/fr/890/suivi-du-secteur-alimentaire-pendant-la-crise-du-coronavirus-mars-2021,https://www.ccecrb.fgov.be/dpics/fichiers/2021-08-10-04-05-08_CCE20211086.pdf,D:\ccecrb_downloads\rapport\2021-08-10-04-05-08_CCE20211086.pdf
rapport,La conjoncture économique dans l’industrie de la chimie,Chimie,10/02/2021,https://www.ccecrb.fgov.be/p/fr/826/la-conjoncture-economique-dans-l-industrie-de-la-chimie,https://www.ccecrb.fgov.be/dpics/fichiers/2021-02-10-10-30-23_CCE20210394.pdf,D:\ccecrb_downloads\rapport\2021-02-10-10-30-23_CCE20210394.pdf
rapport,Diagnostic des barrières à la rénovation énergétique des bâtiments,Énergie,03/02/2021,https://www.ccecrb.fgov.be/p/fr/822/diagnostic-des-barrieres-a-la-renovation-energetique-des-batiments,https://www.ccecrb.fgov.be/dpics/fichiers/2021-02-02-01-19-29_doc210325fr.pdf,D:\ccecrb_downloads\rapport\2021-02-02-01-19-29_doc210325fr.pdf
rapport,Rapport 2020 sur les avantages non récurrents liés aux résultats,Négociation salariale,22/01/2021,https://www.ccecrb.fgov.be/p/fr/816/rapport-2020-sur-les-avantages-non-recurrents-lies-aux-resultats,https://www.ccecrb.fgov.be/dpics/fichiers/2021-01-27-08-49-23_doc210103fr.pdf,D:\ccecrb_downloads\rapport\2021-01-27-08-49-23_doc210103fr.pdf
rapport,Les quatre rapports 2020 sur les coûts salariaux,Négociation salariale,22/01/2021,https://www.ccecrb.fgov.be/p/fr/818/les-quatre-rapports-2020-sur-les-couts-salariaux,https://www.ccecrb.fgov.be/dpics/fichiers/2021-02-01-01-57-08_doc210101fr.pdf,D:\ccecrb_downloads\rapport\2021-02-01-01-57-08_doc210101fr.pdf
rapport,Rapport 2020 sur l’écart salarial entre femmes et hommes,Négociation salariale,22/01/2021,https://www.ccecrb.fgov.be/p/fr/819/rapport-2020-sur-l-ecart-salarial-entre-femmes-et-hommes,https://www.ccecrb.fgov.be/dpics/fichiers/2021-02-12-12-59-41_doc210102fr.pdf,D:\ccecrb_downloads\rapport\2021-02-12-12-59-41_doc210102fr.pdf
rapport,Rapport 2020 sur le handicap des coûts salariaux,Négociation salariale,22/01/2021,https://www.ccecrb.fgov.be/p/fr/820/rapport-2020-sur-le-handicap-des-couts-salariaux,https://www.ccecrb.fgov.be/dpics/fichiers/2021-02-01-01-57-08_doc210101fr.pdf,D:\ccecrb_downloads\rapport\2021-02-01-01-57-08_doc210101fr.pdf
rapport,Rapport technique du secrétariat 2020 sur la marge maximale disponible pour l’évolution des coûts salariaux,Négociation salariale,14/01/2021,https://www.ccecrb.fgov.be/p/fr/812/rapport-technique-du-secretariat-2020-sur-la-marge-maximale-disponible-pour-l-evolution-des-couts-salariaux,https://www.ccecrb.fgov.be/dpics/fichiers/2021-01-27-11-00-16_doc210100fr.pdf,D:\ccecrb_downloads\rapport\2021-01-27-11-00-16_doc210100fr.pdf
rapport,L’impact du deuxième confinement sur le secteur de la construction,Construction,18/12/2020,https://www.ccecrb.fgov.be/p/fr/808/l-impact-du-deuxieme-confinement-sur-le-secteur-de-la-construction,https://www.ccecrb.fgov.be/dpics/fichiers/2020-12-21-05-14-38_CCE20202507.pdf,D:\ccecrb_downloads\rapport\2020-12-21-05-14-38_CCE20202507.pdf
rapport,Évaluation des conventions de premier emploi,Emploi et compétitivité,16/12/2020,https://www.ccecrb.fgov.be/p/fr/809/evaluation-des-conventions-de-premier-emploi,https://www.ccecrb.fgov.be/dpics/fichiers/2020-12-18-11-38-24_doc202570fr.pdf,D:\ccecrb_downloads\rapport\2020-12-18-11-38-24_doc202570fr.pdf
rapport,La rémunération en fonction de l’ancienneté,Négociation salariale,19/11/2020,https://www.ccecrb.fgov.be/p/fr/788/la-remuneration-en-fonction-de-l-anciennete,https://www.ccecrb.fgov.be/dpics/fichiers/2020-11-20-10-08-59_doc202180fr.pdf,D:\ccecrb_downloads\rapport\2020-11-20-10-08-59_doc202180fr.pdf
rapport,"La conjoncture dans le secteur papetier, graphique et de l’édition à l’automne 2020",Papier,02/11/2020,https://www.ccecrb.fgov.be/p/fr/784/la-conjoncture-dans-le-secteur-papetier-graphique-et-de-l-edition-a-l-automne-2020,https://www.ccecrb.fgov.be/dpics/fichiers/2020-11-03-04-20-10_CCE20201918DEFsite.pdf,D:\ccecrb_downloads\rapport\2020-11-03-04-20-10_CCE20201918DEFsite.pdf
rapport,Se projeter dans l’avenir pour dépasser la crise - Rapport Emploi Compétitivité 2020,Emploi et compétitivité,16/10/2020,https://www.ccecrb.fgov.be/p/fr/780/se-projeter-dans-l-avenir-pour-depasser-la-crise-rapport-emploi-competitivite-2020,https://www.ccecrb.fgov.be/dpics/fichiers/2020-10-16-02-08-38_REC2020FR.pdf,D:\ccecrb_downloads\rapport\2020-10-16-02-08-38_REC2020FR.pdf
rapport,"Paix sociale, impact des niveaux de salaires sur le marché du travail, influence de l'ancienneté sur les salaires",Négociation salariale,16/10/2020,https://www.ccecrb.fgov.be/p/fr/791/paix-sociale-impact-des-niveaux-de-salaires-sur-le-marche-du-travail-influence-de-l-anciennete-sur-les-salaires,https://www.ccecrb.fgov.be/dpics/fichiers/2020-11-24-10-56-54_doc201890fr.pdf,D:\ccecrb_downloads\rapport\2020-11-24-10-56-54_doc201890fr.pdf
rapport,Suivi du secteur de la distribution pendant la crise du coronavirus,Distribution,15/07/2020,https://www.ccecrb.fgov.be/p/fr/765/suivi-du-secteur-de-la-distribution-pendant-la-crise-du-coronavirus,https://www.ccecrb.fgov.be/dpics/fichiers/2020-07-15-02-22-37_doc201376fr.pdf,D:\ccecrb_downloads\rapport\2020-07-15-02-22-37_doc201376fr.pdf
rapport,L'évolution conjoncturelle dans le secteur de la construction - juin 2020,Construction,07/07/2020,https://www.ccecrb.fgov.be/p/fr/764/l-evolution-conjoncturelle-dans-le-secteur-de-la-construction-juin-2020,https://www.ccecrb.fgov.be/dpics/fichiers/2020-07-07-04-30-27_CCE20201266DEFsite.pdf,D:\ccecrb_downloads\rapport\2020-07-07-04-30-27_CCE20201266DEFsite.pdf
rapport,La conjoncture économique dans l'industrie alimentaire et des boissons 2020,Alimentation,29/06/2020,https://www.ccecrb.fgov.be/p/fr/762/la-conjoncture-economique-dans-l-industrie-alimentaire-et-des-boissons-2020,https://www.ccecrb.fgov.be/dpics/fichiers/2020-07-01-10-18-58_doc201282f.pdf,D:\ccecrb_downloads\rapport\2020-07-01-10-18-58_doc201282f.pdf
rapport,L’emploi dans l’industrie alimentaire,Alimentation,22/06/2020,https://www.ccecrb.fgov.be/p/fr/761/l-emploi-dans-l-industrie-alimentaire,https://www.ccecrb.fgov.be/dpics/fichiers/2020-06-22-09-27-31_CCE20200873defsite.pdf,D:\ccecrb_downloads\rapport\2020-06-22-09-27-31_CCE20200873defsite.pdf
rapport,Suivi du secteur alimentaire pendant la crise du coronavirus,Alimentation,29/05/2020,https://www.ccecrb.fgov.be/p/fr/759/suivi-du-secteur-alimentaire-pendant-la-crise-du-coronavirus,https://www.ccecrb.fgov.be/dpics/fichiers/2020-06-05-03-25-45_doc201074fr.pdf,D:\ccecrb_downloads\rapport\2020-06-05-03-25-45_doc201074fr.pdf
rapport,Le CCE publie quatre rapports sur les coûts salariaux,Négociation salariale,12/03/2020,https://www.ccecrb.fgov.be/p/fr/736/le-cce-publie-quatre-rapports-sur-les-couts-salariaux,https://www.ccecrb.fgov.be/dpics/fichiers/2020-03-12-12-07-36_CCE20200620DEF.pdf,D:\ccecrb_downloads\rapport\2020-03-12-12-07-36_CCE20200620DEF.pdf
rapport,Le CCE publie quatre rapports sur les coûts salariaux,Négociation salariale,12/03/2020,https://www.ccecrb.fgov.be/p/fr/736/le-cce-publie-quatre-rapports-sur-les-couts-salariaux,https://www.ccecrb.fgov.be/dpics/fichiers/2020-03-12-12-56-09_CCE20200635Communiquédepresse4rapportssurlescoûtssalariaux.pdf,D:\ccecrb_downloads\rapport\2020-03-12-12-56-09_CCE20200635Communiquédepresse4rapportssurlescoûtssalariaux.pdf
rapport,Rapport technique 2019 sur la marge maximale disponible pour l’évolution du coût salarial,Négociation salariale,12/03/2020,https://www.ccecrb.fgov.be/p/fr/737/rapport-technique-2019-sur-la-marge-maximale-disponible-pour-l-evolution-du-cout-salarial,https://www.ccecrb.fgov.be/dpics/fichiers/2020-03-18-03-06-03_CCE20200621Rapporttechniquesurlamargemaximaledisponible.pdf,D:\ccecrb_downloads\rapport\2020-03-18-03-06-03_CCE20200621Rapporttechniquesurlamargemaximaledisponible.pdf
rapport,Rapport 2019 sur le handicap des coûts salariaux,Négociation salariale,12/03/2020,https://www.ccecrb.fgov.be/p/fr/738/rapport-2019-sur-le-handicap-des-couts-salariaux,https://www.ccecrb.fgov.be/dpics/fichiers/2020-03-18-03-10-43_CCE20200622Rapportsurlehandicapdescoûtssalariaux.pdf,D:\ccecrb_downloads\rapport\2020-03-18-03-10-43_CCE20200622Rapportsurlehandicapdescoûtssalariaux.pdf
rapport,Rapport 2019 sur l’écart salarial entre femmes et hommes,Négociation salariale,12/03/2020,https://www.ccecrb.fgov.be/p/fr/739/rapport-2019-sur-l-ecart-salarial-entre-femmes-et-hommes,https://www.ccecrb.fgov.be/dpics/fichiers/2020-03-18-03-11-51_CCE20200623Rapportsurl’écartsalarialentrehommesetfemmes.pdf,D:\ccecrb_downloads\rapport\2020-03-18-03-11-51_CCE20200623Rapportsurl’écartsalarialentrehommesetfemmes.pdf
rapport,Rapport 2019 sur les avantages non récurrents liés aux résultats,Négociation salariale,12/03/2020,https://www.ccecrb.fgov.be/p/fr/740/rapport-2019-sur-les-avantages-non-recurrents-lies-aux-resultats,https://www.ccecrb.fgov.be/dpics/fichiers/2020-03-18-03-12-38_CCE20200624Rapportsurlesavantagesnonrécurrents.pdf,D:\ccecrb_downloads\rapport\2020-03-18-03-12-38_CCE20200624Rapportsurlesavantagesnonrécurrents.pdf
rapport,La conjoncture économique dans l’industrie de la chimie,Chimie,05/03/2020,https://www.ccecrb.fgov.be/p/fr/734/la-conjoncture-economique-dans-l-industrie-de-la-chimie,https://www.ccecrb.fgov.be/dpics/fichiers/2020-03-05-09-58-14_CCE20200488site.pdf,D:\ccecrb_downloads\rapport\2020-03-05-09-58-14_CCE20200488site.pdf
rapport,La conjoncture économique dans l’industrie du textile et de l’habillement 2019,Textile,05/03/2020,https://www.ccecrb.fgov.be/p/fr/735/la-conjoncture-economique-dans-l-industrie-du-textile-et-de-l-habillement-2019,https://www.ccecrb.fgov.be/dpics/fichiers/2020-03-31-09-40-57_CCE20200562Avantproposrapportconjoncturetextileethabillement.pdf,D:\ccecrb_downloads\rapport\2020-03-31-09-40-57_CCE20200562Avantproposrapportconjoncturetextileethabillement.pdf
rapport,Vision d’experts d’entreprises sur le futur des livraisons e-commerce,Distribution,10/02/2020,https://www.ccecrb.fgov.be/p/fr/725/vision-d-experts-d-entreprises-sur-le-futur-des-livraisons-e-commerce,https://www.ccecrb.fgov.be/dpics/fichiers/2020-02-11-09-52-48_doc192661.pdf,D:\ccecrb_downloads\rapport\2020-02-11-09-52-48_doc192661.pdf
rapport,Vision d’experts d’entreprises sur le futur des livraisons e-commerce,Distribution,10/02/2020,https://www.ccecrb.fgov.be/p/fr/725/vision-d-experts-d-entreprises-sur-le-futur-des-livraisons-e-commerce,https://www.ccecrb.fgov.be/dpics/fichiers/2020-02-10-05-18-30_doc192298fr.pdf,D:\ccecrb_downloads\rapport\2020-02-10-05-18-30_doc192298fr.pdf
rapport,L’évolution conjoncturelle dans le secteur de la construction– novembre 2019,Construction,09/01/2020,https://www.ccecrb.fgov.be/p/fr/714/l-evolution-conjoncturelle-dans-le-secteur-de-la-construction-novembre-2019,https://www.ccecrb.fgov.be/dpics/fichiers/2020-01-09-09-25-27_CCE20192445defsite.pdf,D:\ccecrb_downloads\rapport\2020-01-09-09-25-27_CCE20192445defsite.pdf
rapport,L'emploi dans le secteur de la chimie,Chimie,30/11/2019,https://www.ccecrb.fgov.be/p/fr/715/l-emploi-dans-le-secteur-de-la-chimie,https://www.ccecrb.fgov.be/dpics/fichiers/2020-01-15-02-45-21_doc192408fr.pdf,D:\ccecrb_downloads\rapport\2020-01-15-02-45-21_doc192408fr.pdf
rapport,"Paix sociale, impact des niveaux de salaires sur le marché du travail, influence de l'ancienneté sur les salaires",Négociation salariale,07/11/2019,https://www.ccecrb.fgov.be/p/fr/700/paix-sociale-impact-des-niveaux-de-salaires-sur-le-marche-du-travail-influence-de-l-anciennete-sur-les-salaires,https://www.ccecrb.fgov.be/dpics/fichiers/2019-11-28-01-44-13_CCE20192096defsite.pdf,D:\ccecrb_downloads\rapport\2019-11-28-01-44-13_CCE20192096defsite.pdf
rapport,Lignes directrices pour faire face aux défis socio-économiques de la Belgique - Rapport Emploi Compétitivité 2018 - 2019,Emploi et compétitivité,25/10/2019,https://www.ccecrb.fgov.be/p/fr/697/lignes-directrices-pour-faire-face-aux-defis-socio-economiques-de-la-belgique-rapport-emploi-competitivite-2018-2019,https://www.ccecrb.fgov.be/dpics/fichiers/2019-10-25-02-09-00_doc192101fr.pdf#page=15,D:\ccecrb_downloads\rapport\2019-10-25-02-09-00_doc192101fr.pdf
rapport,Lignes directrices pour faire face aux défis socio-économiques de la Belgique - Rapport Emploi Compétitivité 2018 - 2019,Emploi et compétitivité,25/10/2019,https://www.ccecrb.fgov.be/p/fr/697/lignes-directrices-pour-faire-face-aux-defis-socio-economiques-de-la-belgique-rapport-emploi-competitivite-2018-2019,https://www.ccecrb.fgov.be/dpics/fichiers/2019-10-25-01-45-36_doc192101fr.pdf,D:\ccecrb_downloads\rapport\2019-10-25-01-45-36_doc192101fr.pdf
rapport,Lignes directrices pour faire face aux défis socio-économiques de la Belgique - Rapport Emploi Compétitivité 2018 - 2019,Emploi et compétitivité,25/10/2019,https://www.ccecrb.fgov.be/p/fr/697/lignes-directrices-pour-faire-face-aux-defis-socio-economiques-de-la-belgique-rapport-emploi-competitivite-2018-2019,https://www.ccecrb.fgov.be/dpics/fichiers/2019-10-25-02-09-00_doc192101fr.pdf#page=29,D:\ccecrb_downloads\rapport\2019-10-25-02-09-00_doc192101fr.pdf
rapport,Lignes directrices pour faire face aux défis socio-économiques de la Belgique - Rapport Emploi Compétitivité 2018 - 2019,Emploi et compétitivité,25/10/2019,https://www.ccecrb.fgov.be/p/fr/697/lignes-directrices-pour-faire-face-aux-defis-socio-economiques-de-la-belgique-rapport-emploi-competitivite-2018-2019,https://www.ccecrb.fgov.be/dpics/fichiers/2019-10-25-02-09-00_doc192101fr.pdf#page=61,D:\ccecrb_downloads\rapport\2019-10-25-02-09-00_doc192101fr.pdf
rapport,Lignes directrices pour faire face aux défis socio-économiques de la Belgique - Rapport Emploi Compétitivité 2018 - 2019,Emploi et compétitivité,25/10/2019,https://www.ccecrb.fgov.be/p/fr/697/lignes-directrices-pour-faire-face-aux-defis-socio-economiques-de-la-belgique-rapport-emploi-competitivite-2018-2019,https://www.ccecrb.fgov.be/dpics/fichiers/2019-10-25-05-29-40_doc192100fr.pdf,D:\ccecrb_downloads\rapport\2019-10-25-05-29-40_doc192100fr.pdf
rapport,Lignes directrices pour faire face aux défis socio-économiques de la Belgique - Rapport Emploi Compétitivité 2018 - 2019,Emploi et compétitivité,25/10/2019,https://www.ccecrb.fgov.be/p/fr/697/lignes-directrices-pour-faire-face-aux-defis-socio-economiques-de-la-belgique-rapport-emploi-competitivite-2018-2019,https://www.ccecrb.fgov.be/dpics/fichiers/2019-10-25-02-07-47_doc192102fr.pdf#page=7,D:\ccecrb_downloads\rapport\2019-10-25-02-07-47_doc192102fr.pdf
rapport,Lignes directrices pour faire face aux défis socio-économiques de la Belgique - Rapport Emploi Compétitivité 2018 - 2019,Emploi et compétitivité,25/10/2019,https://www.ccecrb.fgov.be/p/fr/697/lignes-directrices-pour-faire-face-aux-defis-socio-economiques-de-la-belgique-rapport-emploi-competitivite-2018-2019,https://www.ccecrb.fgov.be/dpics/fichiers/2019-10-25-02-09-00_doc192101fr.pdf#page=21,D:\ccecrb_downloads\rapport\2019-10-25-02-09-00_doc192101fr.pdf
rapport,Lignes directrices pour faire face aux défis socio-économiques de la Belgique - Rapport Emploi Compétitivité 2018 - 2019,Emploi et compétitivité,25/10/2019,https://www.ccecrb.fgov.be/p/fr/697/lignes-directrices-pour-faire-face-aux-defis-socio-economiques-de-la-belgique-rapport-emploi-competitivite-2018-2019,https://www.ccecrb.fgov.be/dpics/fichiers/2019-10-25-02-09-00_doc192101fr.pdf#page=47,D:\ccecrb_downloads\rapport\2019-10-25-02-09-00_doc192101fr.pdf
rapport,Lignes directrices pour faire face aux défis socio-économiques de la Belgique - Rapport Emploi Compétitivité 2018 - 2019,Emploi et compétitivité,25/10/2019,https://www.ccecrb.fgov.be/p/fr/697/lignes-directrices-pour-faire-face-aux-defis-socio-economiques-de-la-belgique-rapport-emploi-competitivite-2018-2019,https://www.ccecrb.fgov.be/dpics/fichiers/2019-10-25-02-07-47_doc192102fr.pdf#page=19,D:\ccecrb_downloads\rapport\2019-10-25-02-07-47_doc192102fr.pdf
rapport,Lignes directrices pour faire face aux défis socio-économiques de la Belgique - Rapport Emploi Compétitivité 2018 - 2019,Emploi et compétitivité,25/10/2019,https://www.ccecrb.fgov.be/p/fr/697/lignes-directrices-pour-faire-face-aux-defis-socio-economiques-de-la-belgique-rapport-emploi-competitivite-2018-2019,https://www.ccecrb.fgov.be/dpics/fichiers/2019-10-25-01-43-50_doc192102fr.pdf,D:\ccecrb_downloads\rapport\2019-10-25-01-43-50_doc192102fr.pdf
rapport,Lignes directrices pour faire face aux défis socio-économiques de la Belgique - Rapport Emploi Compétitivité 2018 - 2019,Emploi et compétitivité,25/10/2019,https://www.ccecrb.fgov.be/p/fr/697/lignes-directrices-pour-faire-face-aux-defis-socio-economiques-de-la-belgique-rapport-emploi-competitivite-2018-2019,https://www.ccecrb.fgov.be/dpics/fichiers/2019-10-25-03-46-45_doc19210012fr.pdf,D:\ccecrb_downloads\rapport\2019-10-25-03-46-45_doc19210012fr.pdf
rapport,Lignes directrices pour faire face aux défis socio-économiques de la Belgique - Rapport Emploi Compétitivité 2018 - 2019,Emploi et compétitivité,25/10/2019,https://www.ccecrb.fgov.be/p/fr/697/lignes-directrices-pour-faire-face-aux-defis-socio-economiques-de-la-belgique-rapport-emploi-competitivite-2018-2019,https://www.ccecrb.fgov.be/dpics/fichiers/2019-10-25-02-07-47_doc192102fr.pdf#page=45,D:\ccecrb_downloads\rapport\2019-10-25-02-07-47_doc192102fr.pdf
rapport,Lignes directrices pour faire face aux défis socio-économiques de la Belgique - Rapport Emploi Compétitivité 2018 - 2019,Emploi et compétitivité,25/10/2019,https://www.ccecrb.fgov.be/p/fr/697/lignes-directrices-pour-faire-face-aux-defis-socio-economiques-de-la-belgique-rapport-emploi-competitivite-2018-2019,https://www.ccecrb.fgov.be/dpics/fichiers/2019-10-25-02-07-47_doc192102fr.pdf#page=41,D:\ccecrb_downloads\rapport\2019-10-25-02-07-47_doc192102fr.pdf
rapport,Lignes directrices pour faire face aux défis socio-économiques de la Belgique - Rapport Emploi Compétitivité 2018 - 2019,Emploi et compétitivité,25/10/2019,https://www.ccecrb.fgov.be/p/fr/697/lignes-directrices-pour-faire-face-aux-defis-socio-economiques-de-la-belgique-rapport-emploi-competitivite-2018-2019,https://www.ccecrb.fgov.be/dpics/fichiers/2019-10-25-02-07-47_doc192102fr.pdf#page=53,D:\ccecrb_downloads\rapport\2019-10-25-02-07-47_doc192102fr.pdf
rapport,Lignes directrices pour faire face aux défis socio-économiques de la Belgique - Rapport Emploi Compétitivité 2018 - 2019,Emploi et compétitivité,25/10/2019,https://www.ccecrb.fgov.be/p/fr/697/lignes-directrices-pour-faire-face-aux-defis-socio-economiques-de-la-belgique-rapport-emploi-competitivite-2018-2019,https://www.ccecrb.fgov.be/dpics/fichiers/2019-10-25-02-09-00_doc192101fr.pdf#page=7,D:\ccecrb_downloads\rapport\2019-10-25-02-09-00_doc192101fr.pdf
rapport,Lignes directrices pour faire face aux défis socio-économiques de la Belgique - Rapport Emploi Compétitivité 2018 - 2019,Emploi et compétitivité,25/10/2019,https://www.ccecrb.fgov.be/p/fr/697/lignes-directrices-pour-faire-face-aux-defis-socio-economiques-de-la-belgique-rapport-emploi-competitivite-2018-2019,https://www.ccecrb.fgov.be/dpics/fichiers/2019-10-25-02-07-47_doc192102fr.pdf#page=31,D:\ccecrb_downloads\rapport\2019-10-25-02-07-47_doc192102fr.pdf
rapport,Lignes directrices pour faire face aux défis socio-économiques de la Belgique - Rapport Emploi Compétitivité 2018 - 2019,Emploi et compétitivité,25/10/2019,https://www.ccecrb.fgov.be/p/fr/697/lignes-directrices-pour-faire-face-aux-defis-socio-economiques-de-la-belgique-rapport-emploi-competitivite-2018-2019,https://www.ccecrb.fgov.be/dpics/fichiers/2019-10-25-02-09-00_doc192101fr.pdf#page=37,D:\ccecrb_downloads\rapport\2019-10-25-02-09-00_doc192101fr.pdf
rapport,La conjoncture dans l’industrie papetière et graphique à l’automne 2019,Papier,08/10/2019,https://www.ccecrb.fgov.be/p/fr/701/la-conjoncture-dans-l-industrie-papetiere-et-graphique-a-l-automne-2019,https://www.ccecrb.fgov.be/dpics/fichiers/2019-11-12-11-04-44_doc191891fr.pdf,D:\ccecrb_downloads\rapport\2019-11-12-11-04-44_doc191891fr.pdf
rapport,Compléter le set d’indicateurs de suivi des SDG environnementaux,Emploi et compétitivité,25/09/2019,https://www.ccecrb.fgov.be/p/fr/686/completer-le-set-d-indicateurs-de-suivi-des-sdg-environnementaux,https://www.ccecrb.fgov.be/dpics/fichiers/2019-09-25-09-15-54_CCE20191805CommuniquédePresse.pdf,D:\ccecrb_downloads\rapport\2019-09-25-09-15-54_CCE20191805CommuniquédePresse.pdf
rapport,Compléter le set d’indicateurs de suivi des SDG environnementaux,Emploi et compétitivité,25/09/2019,https://www.ccecrb.fgov.be/p/fr/686/completer-le-set-d-indicateurs-de-suivi-des-sdg-environnementaux,https://www.ccecrb.fgov.be/dpics/fichiers/2019-09-25-09-22-30_CCE20191820Niveaud’ambitionetindicateursdesuivirelatifsauxSDG«environnementaux»del’ONU.pdf,D:\ccecrb_downloads\rapport\2019-09-25-09-22-30_CCE20191820Niveaud’ambitionetindicateursdesuivirelatifsauxSDG«environnementaux»del’ONU.pdf
rapport,L’emploi dans le secteur de la distribution – juin 2019,Distribution,19/08/2019,https://www.ccecrb.fgov.be/p/fr/679/l-emploi-dans-le-secteur-de-la-distribution-juin-2019,https://www.ccecrb.fgov.be/dpics/fichiers/2019-10-03-02-46-33_doc191361fr.pdf,D:\ccecrb_downloads\rapport\2019-10-03-02-46-33_doc191361fr.pdf
rapport,La conjoncture économique dans le secteur de la distribution,Distribution,19/07/2019,https://www.ccecrb.fgov.be/p/fr/671/la-conjoncture-economique-dans-le-secteur-de-la-distribution,https://www.ccecrb.fgov.be/dpics/fichiers/2019-08-01-11-19-29_doc191492fr.pdf,D:\ccecrb_downloads\rapport\2019-08-01-11-19-29_doc191492fr.pdf
rapport,Évaluation du nombre de stages d'intégration en entreprise,Emploi et compétitivité,18/07/2019,https://www.ccecrb.fgov.be/p/fr/669/evaluation-du-nombre-de-stages-d-integration-en-entreprise,https://www.ccecrb.fgov.be/dpics/fichiers/2019-07-18-11-36-07_doc191450fr.pdf,D:\ccecrb_downloads\rapport\2019-07-18-11-36-07_doc191450fr.pdf
rapport,L’emploi dans l’industrie alimentaire,Alimentation,02/07/2019,https://www.ccecrb.fgov.be/p/fr/677/l-emploi-dans-l-industrie-alimentaire,https://www.ccecrb.fgov.be/dpics/fichiers/2019-08-07-03-08-12_doc191302fr.pdf,D:\ccecrb_downloads\rapport\2019-08-07-03-08-12_doc191302fr.pdf
rapport,La conjoncture économique dans l'industrie alimentaire et des boissons 2019,Alimentation,17/05/2019,https://www.ccecrb.fgov.be/p/fr/674/la-conjoncture-economique-dans-l-industrie-alimentaire-et-des-boissons-2019,https://www.ccecrb.fgov.be/dpics/fichiers/2019-08-01-11-02-00_doc190848fr.pdf,D:\ccecrb_downloads\rapport\2019-08-01-11-02-00_doc190848fr.pdf
rapport,La livraison à domicile des journaux et des périodiques par bpost peut-elle être sous-traitée en partie à des diffuseurs de presse indépendants ?,Papier,26/04/2019,https://www.ccecrb.fgov.be/p/fr/641/la-livraison-a-domicile-des-journaux-et-des-periodiques-par-bpost-peut-elle-etre-sous-traitee-en-partie-a-des-diffuseurs-de-presse-independants-,https://www.ccecrb.fgov.be/dpics/fichiers/2019-04-26-03-22-57_doc190863fr.pdf,D:\ccecrb_downloads\rapport\2019-04-26-03-22-57_doc190863fr.pdf
rapport,La conjoncture dans le secteur de la construction - mars 2019,Construction,11/03/2019,https://www.ccecrb.fgov.be/p/fr/662/la-conjoncture-dans-le-secteur-de-la-construction-mars-2019,https://www.ccecrb.fgov.be/dpics/fichiers/2019-06-20-03-56-07_doc190580fr.pdf,D:\ccecrb_downloads\rapport\2019-06-20-03-56-07_doc190580fr.pdf
rapport,Le Secrétariat du CCE actualise la marge maximale disponible pour l’évolution des coûts salariaux,Négociation salariale,22/02/2019,https://www.ccecrb.fgov.be/p/fr/611/le-secretariat-du-cce-actualise-la-marge-maximale-disponible-pour-l-evolution-des-couts-salariaux,https://www.ccecrb.fgov.be/dpics/fichiers/2019-02-25-09-03-21_doc19440fr.pdf,D:\ccecrb_downloads\rapport\2019-02-25-09-03-21_doc19440fr.pdf
rapport,Les avantages non récurrents liés aux résultats,Négociation salariale,17/01/2019,https://www.ccecrb.fgov.be/p/fr/594/les-avantages-non-recurrents-lies-aux-resultats,https://www.ccecrb.fgov.be/dpics/fichiers/2022-02-10-05-19-19_doc220352_Avantages_non_r%C3%A9currents_li%C3%A9s_aux_r%C3%A9sultats.pdf,D:\ccecrb_downloads\rapport\2022-02-10-05-19-19_doc220352_Avantages_non_r%C3%A9currents_li%C3%A9s_aux_r%C3%A9sultats.pdf
rapport,Les avantages non récurrents liés aux résultats,Négociation salariale,17/01/2019,https://www.ccecrb.fgov.be/p/fr/594/les-avantages-non-recurrents-lies-aux-resultats,https://www.ccecrb.fgov.be/dpics/fichiers/2019-01-17-03-44-09_doc190104fr.pdf,D:\ccecrb_downloads\rapport\2019-01-17-03-44-09_doc190104fr.pdf
rapport,L'écart salarial entre les femmes et les hommes,Négociation salariale,17/01/2019,https://www.ccecrb.fgov.be/p/fr/595/l-ecart-salarial-entre-les-femmes-et-les-hommes,https://www.ccecrb.fgov.be/dpics/fichiers/2019-11-28-01-47-45_RTCCE20190103defalain.pdf,D:\ccecrb_downloads\rapport\2019-11-28-01-47-45_RTCCE20190103defalain.pdf
rapport,L'écart salarial entre les femmes et les hommes,Négociation salariale,17/01/2019,https://www.ccecrb.fgov.be/p/fr/595/l-ecart-salarial-entre-les-femmes-et-les-hommes,https://www.ccecrb.fgov.be/dpics/fichiers/2019-02-06-01-43-19_RTCCE20190100.pdf#page=69,D:\ccecrb_downloads\rapport\2019-02-06-01-43-19_RTCCE20190100.pdf
rapport,Rapports destinés aux négociations salariales interprofessionnelles,Négociation salariale,17/01/2019,https://www.ccecrb.fgov.be/p/fr/597/rapports-destines-aux-negociations-salariales-interprofessionnelles,https://www.ccecrb.fgov.be/dpics/fichiers/2019-02-06-01-39-41_RTCCE20190100.pdf,D:\ccecrb_downloads\rapport\2019-02-06-01-39-41_RTCCE20190100.pdf
rapport,Rapports destinés aux négociations salariales interprofessionnelles,Négociation salariale,17/01/2019,https://www.ccecrb.fgov.be/p/fr/597/rapports-destines-aux-negociations-salariales-interprofessionnelles,https://www.ccecrb.fgov.be/dpics/fichiers/2019-01-17-02-56-21_CommuniquédepressepourlesrapportsdestinésauxnégociationsinterprofessionnellesFR.pdf,D:\ccecrb_downloads\rapport\2019-01-17-02-56-21_CommuniquédepressepourlesrapportsdestinésauxnégociationsinterprofessionnellesFR.pdf
rapport,Le handicap des coûts salariaux,Négociation salariale,17/01/2019,https://www.ccecrb.fgov.be/p/fr/598/le-handicap-des-couts-salariaux,https://www.ccecrb.fgov.be/dpics/fichiers/2019-01-17-03-47-53_doc190102fr.pdf,D:\ccecrb_downloads\rapport\2019-01-17-03-47-53_doc190102fr.pdf
rapport,Rapport technique 2018 sur la marge maximale disponible,Négociation salariale,17/01/2019,https://www.ccecrb.fgov.be/p/fr/599/rapport-technique-2018-sur-la-marge-maximale-disponible,https://www.ccecrb.fgov.be/dpics/fichiers/2019-01-17-03-39-52_doc190101fr.pdf,D:\ccecrb_downloads\rapport\2019-01-17-03-39-52_doc190101fr.pdf
rapport,Concessions de service d’intérêt économique général (SIEG) et solutions envisageables pour son futur,Papier,20/12/2018,https://www.ccecrb.fgov.be/p/fr/603/concessions-de-service-d-interet-economique-general-sieg-et-solutions-envisageables-pour-son-futur,https://www.ccecrb.fgov.be/dpics/fichiers/2019-02-01-08-49-06_doc183279fr.pdf,D:\ccecrb_downloads\rapport\2019-02-01-08-49-06_doc183279fr.pdf
rapport,Concessions de service d’intérêt économique général (SIEG) et solutions envisageables pour son futur,Papier,20/12/2018,https://www.ccecrb.fgov.be/p/fr/603/concessions-de-service-d-interet-economique-general-sieg-et-solutions-envisageables-pour-son-futur,https://www.ccecrb.fgov.be/dpics/fichiers/2019-02-01-08-48-02_doc183278fr.pdf,D:\ccecrb_downloads\rapport\2019-02-01-08-48-02_doc183278fr.pdf
rapport,La concentration des plateformes en ligne,Distribution,10/12/2018,https://www.ccecrb.fgov.be/p/fr/801/la-concentration-des-plateformes-en-ligne,https://www.ccecrb.fgov.be/dpics/fichiers/2020-12-10-09-52-08_CCE20202472Laconcentratriondesplateformes.pdf,D:\ccecrb_downloads\rapport\2020-12-10-09-52-08_CCE20202472Laconcentratriondesplateformes.pdf
rapport,La conjoncture économique dans le secteur de la distribution,Distribution,06/12/2018,https://www.ccecrb.fgov.be/p/fr/69/la-conjoncture-economique-dans-le-secteur-de-la-distribution,https://www.ccecrb.fgov.be/dpics/fichiers/2019-01-03-02-33-54_doc183160r.pdf,D:\ccecrb_downloads\rapport\2019-01-03-02-33-54_doc183160r.pdf
rapport,L'emploi dans l'industrie alimentaire,Alimentation,11/11/2018,https://www.ccecrb.fgov.be/p/fr/608/l-emploi-dans-l-industrie-alimentaire,https://www.ccecrb.fgov.be/dpics/fichiers/2019-02-08-01-12-15_doc182408fr.pdf,D:\ccecrb_downloads\rapport\2019-02-08-01-12-15_doc182408fr.pdf
rapport,La conjoncture économique dans le secteur de chimie,Chimie,15/10/2018,https://www.ccecrb.fgov.be/p/fr/604/la-conjoncture-economique-dans-le-secteur-de-chimie,https://www.ccecrb.fgov.be/dpics/fichiers/2019-02-20-10-52-42_doc182515fr.pdf,D:\ccecrb_downloads\rapport\2019-02-20-10-52-42_doc182515fr.pdf
rapport,La conjoncture dans le secteur de la construction - mai 2018,Construction,25/09/2018,https://www.ccecrb.fgov.be/p/fr/706/la-conjoncture-dans-le-secteur-de-la-construction-mai-2018,https://www.ccecrb.fgov.be/dpics/fichiers/2019-12-05-02-39-51_doc182470fr.pdf,D:\ccecrb_downloads\rapport\2019-12-05-02-39-51_doc182470fr.pdf
rapport,Stratégie de relance - Introduction d'un engagement global des employeurs en matière de places de stage - Evaluation annuelle,Emploi et compétitivité,25/09/2018,https://www.ccecrb.fgov.be/p/fr/456/strategie-de-relance-introduction-d-un-engagement-global-des-employeurs-en-matiere-de-places-de-stage-evaluation-annuelle,https://www.ccecrb.fgov.be/dpics/fichiers/fr/doc18-2394.pdf,D:\ccecrb_downloads\rapport\doc18-2394.pdf
rapport,L'emploi dans le secteur de la distribution,Distribution,20/08/2018,https://www.ccecrb.fgov.be/p/fr/39/l-emploi-dans-le-secteur-de-la-distribution,https://www.ccecrb.fgov.be/dpics/fichiers/2019-01-03-03-38-58_doc181853r.pdf,D:\ccecrb_downloads\rapport\2019-01-03-03-38-58_doc181853r.pdf
rapport,L'emploi dans le secteur de la distribution,Distribution,13/07/2018,https://www.ccecrb.fgov.be/p/fr/447/l-emploi-dans-le-secteur-de-la-distribution,https://www.ccecrb.fgov.be/dpics/fichiers/fr/doc18-1853.pdf,D:\ccecrb_downloads\rapport\doc18-1853.pdf
rapport,La conjoncture dans le secteur graphique et papetier,Papier,25/06/2018,https://www.ccecrb.fgov.be/p/fr/40/la-conjoncture-dans-le-secteur-graphique-et-papetier,https://www.ccecrb.fgov.be/dpics/fichiers/2018-08-22-11-46-11_doc181890.pdf,D:\ccecrb_downloads\rapport\2018-08-22-11-46-11_doc181890.pdf
rapport,La conjoncture économique dans le secteur de chimie,Chimie,19/04/2018,https://www.ccecrb.fgov.be/p/fr/59/la-conjoncture-economique-dans-le-secteur-de-chimie,https://www.ccecrb.fgov.be/dpics/fichiers/2019-02-05-09-47-24_doc182313fr.pdf,D:\ccecrb_downloads\rapport\2019-02-05-09-47-24_doc182313fr.pdf
rapport,La conjoncture économique dans l'industrie alimentaire et des boissons 2018,Alimentation,19/04/2018,https://www.ccecrb.fgov.be/p/fr/675/la-conjoncture-economique-dans-l-industrie-alimentaire-et-des-boissons-2018,https://www.ccecrb.fgov.be/dpics/fichiers/2019-08-01-11-22-37_doc181613fr.pdf,D:\ccecrb_downloads\rapport\2019-08-01-11-22-37_doc181613fr.pdf
rapport,Vers un secteur de l’imprimerie durable en Belgique,Papier,28/02/2018,https://www.ccecrb.fgov.be/p/fr/421/vers-un-secteur-de-l-imprimerie-durable-en-belgique,https://www.ccecrb.fgov.be/dpics/fichiers/fr/doc18-349.pdf,D:\ccecrb_downloads\rapport\doc18-349.pdf
rapport,Vers un secteur de l’édition durable en Belgique,Papier,28/02/2018,https://www.ccecrb.fgov.be/p/fr/422/vers-un-secteur-de-l-edition-durable-en-belgique,https://www.ccecrb.fgov.be/dpics/fichiers/fr/doc18-504.pdf,D:\ccecrb_downloads\rapport\doc18-504.pdf
rapport,Rapport Emploi Compétitivité 2017 - Partie 1,Négociation salariale,22/01/2018,https://www.ccecrb.fgov.be/p/fr/415/rapport-emploi-competitivite-2017-partie-1,https://www.ccecrb.fgov.be/dpics/fichiers/fr/doc18-170.pdf,D:\ccecrb_downloads\rapport\doc18-170.pdf
rapport,Rapport Emploi Compétitivité 2017,Emploi et compétitivité,22/01/2018,https://www.ccecrb.fgov.be/p/fr/416/rapport-emploi-competitivite-2017,https://www.ccecrb.fgov.be/dpics/fichiers/fr/doc18-171.pdf,D:\ccecrb_downloads\rapport\doc18-171.pdf
rapport,La conjoncture dans le secteur de la construction - novembre 2017,Construction,14/11/2017,https://www.ccecrb.fgov.be/p/fr/405/la-conjoncture-dans-le-secteur-de-la-construction-novembre-2017,https://www.ccecrb.fgov.be/dpics/fichiers/fr/doc17-2789.pdf,D:\ccecrb_downloads\rapport\doc17-2789.pdf
rapport,Digitalisation et économie collaborative,Emploi et compétitivité,04/10/2017,https://www.ccecrb.fgov.be/p/fr/399/digitalisation-et-economie-collaborative,https://www.ccecrb.fgov.be/dpics/fichiers/fr/doc17-2170.pdf,D:\ccecrb_downloads\rapport\doc17-2170.pdf
rapport,Evaluation des conventions de premier emploi,Emploi et compétitivité,18/07/2017,https://www.ccecrb.fgov.be/p/fr/387/evaluation-des-conventions-de-premier-emploi,https://www.ccecrb.fgov.be/dpics/fichiers/fr/doc17-1780.pdf,D:\ccecrb_downloads\rapport\doc17-1780.pdf
rapport,L'emploi dans le secteur de la distribution,Distribution,09/06/2017,https://www.ccecrb.fgov.be/p/fr/390/l-emploi-dans-le-secteur-de-la-distribution,https://www.ccecrb.fgov.be/dpics/fichiers/fr/doc17-1633.pdf,D:\ccecrb_downloads\rapport\doc17-1633.pdf
rapport,La conjoncture dans le secteur de la construction – juin 2017,Construction,06/06/2017,https://www.ccecrb.fgov.be/p/fr/389/la-conjoncture-dans-le-secteur-de-la-construction-juin-2017,https://www.ccecrb.fgov.be/dpics/fichiers/fr/doc17-1805.pdf,D:\ccecrb_downloads\rapport\doc17-1805.pdf
rapport,La conjoncture économique dans le secteur de la distribution,Distribution,31/05/2017,https://www.ccecrb.fgov.be/p/fr/392/la-conjoncture-economique-dans-le-secteur-de-la-distribution,https://www.ccecrb.fgov.be/dpics/fichiers/fr/doc17-2040.pdf,D:\ccecrb_downloads\rapport\doc17-2040.pdf
rapport,La conjoncture économique dans l’industrie alimentaire et des boissons 2017,Alimentation,31/03/2017,https://www.ccecrb.fgov.be/p/fr/618/la-conjoncture-economique-dans-l-industrie-alimentaire-et-des-boissons-2017,https://www.ccecrb.fgov.be/dpics/fichiers/2019-03-05-10-56-13_doc171820fr.pdf,D:\ccecrb_downloads\rapport\2019-03-05-10-56-13_doc171820fr.pdf
rapport,L'emploi dans l'industrie alimentaire,Alimentation,31/03/2017,https://www.ccecrb.fgov.be/p/fr/383/l-emploi-dans-l-industrie-alimentaire,https://www.ccecrb.fgov.be/dpics/fichiers/fr/doc17-1246.pdf,D:\ccecrb_downloads\rapport\doc17-1246.pdf
rapport,Évolution économique dans l’industrie du textile et de l’habillement – Automne 2016,Textile,14/02/2017,https://www.ccecrb.fgov.be/p/fr/368/evolution-economique-dans-l-industrie-du-textile-et-de-l-habillement-automne-2016,https://www.ccecrb.fgov.be/dpics/fichiers/fr/doc17-226.pdf,D:\ccecrb_downloads\rapport\doc17-226.pdf
rapport,Rapport Emploi Compétitivité 2016,Emploi et compétitivité,10/01/2017,https://www.ccecrb.fgov.be/p/fr/365/rapport-emploi-competitivite-2016,https://www.ccecrb.fgov.be/dpics/fichiers/2020-05-28-10-49-05_doc17155fr.pdf,D:\ccecrb_downloads\rapport\2020-05-28-10-49-05_doc17155fr.pdf
rapport,La conjoncture économique dans le secteur de la distribution - Avril 2016,Distribution,23/11/2016,https://www.ccecrb.fgov.be/p/fr/355/la-conjoncture-economique-dans-le-secteur-de-la-distribution-avril-2016,https://www.ccecrb.fgov.be/dpics/fichiers/fr/doc16-1387.pdf,D:\ccecrb_downloads\rapport\doc16-1387.pdf
rapport,La conjoncture dans le secteur de la construction - novembre 2016,Construction,16/11/2016,https://www.ccecrb.fgov.be/p/fr/356/la-conjoncture-dans-le-secteur-de-la-construction-novembre-2016,https://www.ccecrb.fgov.be/dpics/fichiers/fr/doc16-2507.pdf,D:\ccecrb_downloads\rapport\doc16-2507.pdf
rapport,Stratégie de relance – Introduction d’un engagement global des employeurs en matière de places de stage - Évaluation annuelle - année 2015,Emploi et compétitivité,21/09/2016,https://www.ccecrb.fgov.be/p/fr/352/strategie-de-relance-introduction-d-un-engagement-global-des-employeurs-en-matiere-de-places-de-stage-evaluation-annuelle-annee-2015,https://www.ccecrb.fgov.be/dpics/fichiers/fr/doc16-2041.pdf,D:\ccecrb_downloads\rapport\doc16-2041.pdf
rapport,L'évolution économique dans l'industrie du textile et de l'habillement - Printemps 2016,Textile,08/08/2016,https://www.ccecrb.fgov.be/p/fr/347/l-evolution-economique-dans-l-industrie-du-textile-et-de-l-habillement-printemps-2016,https://www.ccecrb.fgov.be/dpics/fichiers/fr/doc16-1657.pdf,D:\ccecrb_downloads\rapport\doc16-1657.pdf
rapport,La conjoncture économique dans l'industrie alimentaire et le secteur des boissons - Mai 2016,Alimentation,27/07/2016,https://www.ccecrb.fgov.be/p/fr/346/la-conjoncture-economique-dans-l-industrie-alimentaire-et-le-secteur-des-boissons-mai-2016,https://www.ccecrb.fgov.be/dpics/fichiers/fr/doc16-1324.pdf,D:\ccecrb_downloads\rapport\doc16-1324.pdf
rapport,Evaluation des conventions de premier emploi,Emploi et compétitivité,19/07/2016,https://www.ccecrb.fgov.be/p/fr/343/evaluation-des-conventions-de-premier-emploi,https://www.ccecrb.fgov.be/dpics/fichiers/fr/doc16-1670.pdf,D:\ccecrb_downloads\rapport\doc16-1670.pdf
rapport,L'emploi dans l'industrie alimentaire - Mai 2016,Alimentation,20/05/2016,https://www.ccecrb.fgov.be/p/fr/341/l-emploi-dans-l-industrie-alimentaire-mai-2016,https://www.ccecrb.fgov.be/dpics/fichiers/fr/doc16-1296.pdf,D:\ccecrb_downloads\rapport\doc16-1296.pdf
rapport,L'emploi dans le secteur de la distribution - Avril 2016,Distribution,28/04/2016,https://www.ccecrb.fgov.be/p/fr/340/l-emploi-dans-le-secteur-de-la-distribution-avril-2016,https://www.ccecrb.fgov.be/dpics/fichiers/fr/doc16-1036.pdf,D:\ccecrb_downloads\rapport\doc16-1036.pdf
rapport,La conjoncture dans le secteur de la construction- avril 2016,Construction,04/04/2016,https://www.ccecrb.fgov.be/p/fr/330/la-conjoncture-dans-le-secteur-de-la-construction-avril-2016,https://www.ccecrb.fgov.be/dpics/fichiers/fr/doc16-790.pdf,D:\ccecrb_downloads\rapport\doc16-790.pdf
rapport,Rapport technique sur les marges maximales disponibles pour l'évolution du coût salarial,Négociation salariale,01/02/2016,https://www.ccecrb.fgov.be/p/fr/317/rapport-technique-sur-les-marges-maximales-disponibles-pour-l-evolution-du-cout-salarial,https://www.ccecrb.fgov.be/dpics/fichiers/fr/doc16-245.pdf,D:\ccecrb_downloads\rapport\doc16-245.pdf
rapport,"La conjoncture économique dans l’industrie chimique, des sciences de la vie et de la transformation des matières plastiques et du caoutchouc - Janvier 2016",Chimie,26/01/2016,https://www.ccecrb.fgov.be/p/fr/329/la-conjoncture-economique-dans-l-industrie-chimique-des-sciences-de-la-vie-et-de-la-transformation-des-matieres-plastiques-et-du-caoutchouc-janvier-2016,https://www.ccecrb.fgov.be/dpics/fichiers/fr/doc16-712.pdf,D:\ccecrb_downloads\rapport\doc16-712.pdf
rapport,Rapport concernant l'évolution conjoncturelle dans l’industrie papetière et graphique automne 2015,Papier,22/12/2015,https://www.ccecrb.fgov.be/p/fr/312/rapport-concernant-l-evolution-conjoncturelle-dans-l-industrie-papetiere-et-graphique-automne-2015,https://www.ccecrb.fgov.be/dpics/fichiers/fr/doc15-2644.pdf,D:\ccecrb_downloads\rapport\doc15-2644.pdf
rapport,La conjoncture dans le secteur de la construction - novembre 2015,Construction,24/11/2015,https://www.ccecrb.fgov.be/p/fr/310/la-conjoncture-dans-le-secteur-de-la-construction-novembre-2015,https://www.ccecrb.fgov.be/dpics/fichiers/fr/doc15-2252.pdf,D:\ccecrb_downloads\rapport\doc15-2252.pdf
rapport,L’évolution économique dans l’industrie du textile et de l’habillement – printemps 2015,Textile,02/07/2015,https://www.ccecrb.fgov.be/p/fr/304/l-evolution-economique-dans-l-industrie-du-textile-et-de-l-habillement-printemps-2015,https://www.ccecrb.fgov.be/dpics/fichiers/fr/doc15-1382.pdf,D:\ccecrb_downloads\rapport\doc15-1382.pdf
rapport,L'emploi dans le secteur de la distribution en 2013,Distribution,11/05/2015,https://www.ccecrb.fgov.be/p/fr/299/l-emploi-dans-le-secteur-de-la-distribution-en-2013,https://www.ccecrb.fgov.be/dpics/fichiers/fr/doc15-1016.pdf,D:\ccecrb_downloads\rapport\doc15-1016.pdf
rapport,La conjoncture dans le secteur de la construction - avril 2015,Construction,27/04/2015,https://www.ccecrb.fgov.be/p/fr/298/la-conjoncture-dans-le-secteur-de-la-construction-avril-2015,https://www.ccecrb.fgov.be/dpics/fichiers/fr/doc15-967.pdf,D:\ccecrb_downloads\rapport\doc15-967.pdf
rapport,La conjoncture économique dans la distribution - Avril 2015,Distribution,23/04/2015,https://www.ccecrb.fgov.be/p/fr/301/la-conjoncture-economique-dans-la-distribution-avril-2015,https://www.ccecrb.fgov.be/dpics/fichiers/fr/doc15-1250.pdf,D:\ccecrb_downloads\rapport\doc15-1250.pdf
rapport,Statistiques concernant les secteurs du textile et de l’habillement,Textile,21/04/2015,https://www.ccecrb.fgov.be/p/fr/295/statistiques-concernant-les-secteurs-du-textile-et-de-l-habillement,https://www.ccecrb.fgov.be/dpics/fichiers/fr/doc15-785.pdf,D:\ccecrb_downloads\rapport\doc15-785.pdf
rapport,La conjoncture économique dans l'industrie alimentaire et des boissons - Mars 2015,Alimentation,14/04/2015,https://www.ccecrb.fgov.be/p/fr/294/la-conjoncture-economique-dans-l-industrie-alimentaire-et-des-boissons-mars-2015,https://www.ccecrb.fgov.be/dpics/fichiers/fr/doc15-841.pdf,D:\ccecrb_downloads\rapport\doc15-841.pdf
rapport,Rapport sur l'emploi dans l'industrie alimentaire en 2013,Alimentation,09/04/2015,https://www.ccecrb.fgov.be/p/fr/293/rapport-sur-l-emploi-dans-l-industrie-alimentaire-en-2013,https://www.ccecrb.fgov.be/dpics/fichiers/fr/doc15-825.pdf,D:\ccecrb_downloads\rapport\doc15-825.pdf
rapport,L’évolution conjoncturelle dans l’industrie papetière et graphique - Automne 2014,Papier,04/02/2015,https://www.ccecrb.fgov.be/p/fr/288/l-evolution-conjoncturelle-dans-l-industrie-papetiere-et-graphique-automne-2014,https://www.ccecrb.fgov.be/dpics/fichiers/fr/doc15-285.pdf,D:\ccecrb_downloads\rapport\doc15-285.pdf
rapport,Rapport sur l'évolution économique dans l'industrie du textile et de l'habillement - Automne 2014,Textile,20/01/2015,https://www.ccecrb.fgov.be/p/fr/285/rapport-sur-l-evolution-economique-dans-l-industrie-du-textile-et-de-l-habillement-automne-2014,https://www.ccecrb.fgov.be/dpics/fichiers/fr/doc15-74.pdf,D:\ccecrb_downloads\rapport\doc15-74.pdf
rapport,"La conjoncture économique dans l'industrie chimique, des sciences de la vie et de la transformation des matières plastiques et du caoutchouc - Janvier 2015",Chimie,20/01/2015,https://www.ccecrb.fgov.be/p/fr/290/la-conjoncture-economique-dans-l-industrie-chimique-des-sciences-de-la-vie-et-de-la-transformation-des-matieres-plastiques-et-du-caoutchouc-janvier-2015,https://www.ccecrb.fgov.be/dpics/fichiers/fr/doc15-421.pdf,D:\ccecrb_downloads\rapport\doc15-421.pdf
rapport,Rapport technique 2014,Négociation salariale,22/12/2014,https://www.ccecrb.fgov.be/p/fr/283/rapport-technique-2014,https://www.ccecrb.fgov.be/dpics/fichiers/fr/doc14-2415.pdf,D:\ccecrb_downloads\rapport\doc14-2415.pdf
rapport,Évaluation des conventions de premier emploi,Emploi et compétitivité,19/11/2014,https://www.ccecrb.fgov.be/p/fr/281/evaluation-des-conventions-de-premier-emploi,https://www.ccecrb.fgov.be/dpics/fichiers/fr/doc14-2151.pdf,D:\ccecrb_downloads\rapport\doc14-2151.pdf
rapport,Stratégie de relance – Introduction d’un engagement global des employeurs en matière de places de stage,Emploi et compétitivité,19/11/2014,https://www.ccecrb.fgov.be/p/fr/282/strategie-de-relance-introduction-d-un-engagement-global-des-employeurs-en-matiere-de-places-de-stage,https://www.ccecrb.fgov.be/dpics/fichiers/fr/doc14-2150.pdf,D:\ccecrb_downloads\rapport\doc14-2150.pdf
rapport,La conjoncture dans le secteur de la construction – octobre 2014,Construction,08/10/2014,https://www.ccecrb.fgov.be/p/fr/275/la-conjoncture-dans-le-secteur-de-la-construction-octobre-2014,https://www.ccecrb.fgov.be/dpics/fichiers/fr/doc14-1772.pdf,D:\ccecrb_downloads\rapport\doc14-1772.pdf
rapport,L’évolution conjoncturelle dans l’industrie papetière et graphique - printemps 2014,Papier,06/10/2014,https://www.ccecrb.fgov.be/p/fr/276/l-evolution-conjoncturelle-dans-l-industrie-papetiere-et-graphique-printemps-2014,https://www.ccecrb.fgov.be/dpics/fichiers/fr/doc14-1752.pdf,D:\ccecrb_downloads\rapport\doc14-1752.pdf
rapport,L'évolution économique dans l’industrie du textile et de l’habillement – Printemps 2014,Textile,29/07/2014,https://www.ccecrb.fgov.be/p/fr/270/l-evolution-economique-dans-l-industrie-du-textile-et-de-l-habillement-printemps-2014,https://www.ccecrb.fgov.be/dpics/fichiers/fr/doc14-1339.pdf,D:\ccecrb_downloads\rapport\doc14-1339.pdf
rapport,"Rapport sur la conjoncture économique dans l'industrie chimique, des sciences de la vie et de la transformation des matières plastiques et du caoutchouc - Juin 2014",Chimie,03/07/2014,https://www.ccecrb.fgov.be/p/fr/269/rapport-sur-la-conjoncture-economique-dans-l-industrie-chimique-des-sciences-de-la-vie-et-de-la-transformation-des-matieres-plastiques-et-du-caoutchouc-juin-2014,https://www.ccecrb.fgov.be/dpics/fichiers/fr/doc14-1212.pdf,D:\ccecrb_downloads\rapport\doc14-1212.pdf
rapport,Rapport sur la conjoncture dans le secteur de la construction - Avril 2014,Construction,07/04/2014,https://www.ccecrb.fgov.be/p/fr/272/rapport-sur-la-conjoncture-dans-le-secteur-de-la-construction-avril-2014,https://www.ccecrb.fgov.be/dpics/fichiers/fr/doc14-359.pdf,D:\ccecrb_downloads\rapport\doc14-359.pdf
rapport,Lévolution économique dans l’industrie du textile et de l’habillement - Automne 2013,Textile,31/01/2014,https://www.ccecrb.fgov.be/p/fr/254/levolution-economique-dans-l-industrie-du-textile-et-de-l-habillement-automne-2013,https://www.ccecrb.fgov.be/dpics/fichiers/fr/doc14-33.pdf,D:\ccecrb_downloads\rapport\doc14-33.pdf
rapport,"Rapport sur la conjoncture économique dans l'industrie chimique, des sciences de la vie et de la transformation des matières plastiques et du caoutchouc – décembre 2013",Chimie,14/01/2014,https://www.ccecrb.fgov.be/p/fr/258/rapport-sur-la-conjoncture-economique-dans-l-industrie-chimique-des-sciences-de-la-vie-et-de-la-transformation-des-matieres-plastiques-et-du-caoutchouc-decembre-2013,https://www.ccecrb.fgov.be/dpics/fichiers/fr/doc14-92.pdf,D:\ccecrb_downloads\rapport\doc14-92.pdf
rapport,L’évolution conjoncturelle dans l’industrie papetière et graphique - automne 2013,Papier,18/12/2013,https://www.ccecrb.fgov.be/p/fr/263/l-evolution-conjoncturelle-dans-l-industrie-papetiere-et-graphique-automne-2013,https://www.ccecrb.fgov.be/dpics/fichiers/fr/doc13-1617.pdf,D:\ccecrb_downloads\rapport\doc13-1617.pdf
rapport,Rapport technique du secrétariat sur les marges maximales disponibles pour l’évolution du coût salarial,Négociation salariale,12/12/2013,https://www.ccecrb.fgov.be/p/fr/250/rapport-technique-du-secretariat-sur-les-marges-maximales-disponibles-pour-l-evolution-du-cout-salarial,https://www.ccecrb.fgov.be/dpics/fichiers/fr/doc13-1560.pdf,D:\ccecrb_downloads\rapport\doc13-1560.pdf
rapport,La conjoncture dans le secteur de la construction,Construction,08/10/2013,https://www.ccecrb.fgov.be/p/fr/243/la-conjoncture-dans-le-secteur-de-la-construction,https://www.ccecrb.fgov.be/dpics/fichiers/fr/doc13-1146.pdf,D:\ccecrb_downloads\rapport\doc13-1146.pdf
rapport,L’évolution conjoncturelle dans l’industrie papetière et graphique,Papier,30/09/2013,https://www.ccecrb.fgov.be/p/fr/242/l-evolution-conjoncturelle-dans-l-industrie-papetiere-et-graphique,https://www.ccecrb.fgov.be/dpics/fichiers/fr/doc13-812.pdf,D:\ccecrb_downloads\rapport\doc13-812.pdf
rapport,Rapport sur l'évolution économique dans l'industrie du textile et de l'habillement - Printemps 2013,Textile,23/07/2013,https://www.ccecrb.fgov.be/p/fr/241/rapport-sur-l-evolution-economique-dans-l-industrie-du-textile-et-de-l-habillement-printemps-2013,https://www.ccecrb.fgov.be/dpics/fichiers/fr/doc13-907.pdf,D:\ccecrb_downloads\rapport\doc13-907.pdf
rapport,"La conjoncture économique dans l’industrie chimique, des sciences de la vie et de la transformation des matières plastiques et du caoutchouc – juin 2013",Chimie,19/06/2013,https://www.ccecrb.fgov.be/p/fr/240/la-conjoncture-economique-dans-l-industrie-chimique-des-sciences-de-la-vie-et-de-la-transformation-des-matieres-plastiques-et-du-caoutchouc-juin-2013,https://www.ccecrb.fgov.be/dpics/fichiers/fr/doc13-775.pdf,D:\ccecrb_downloads\rapport\doc13-775.pdf
rapport,Evaluation des conventions de premier emploi,Emploi et compétitivité,28/05/2013,https://www.ccecrb.fgov.be/p/fr/237/evaluation-des-conventions-de-premier-emploi,https://www.ccecrb.fgov.be/dpics/fichiers/fr/doc13-676.pdf,D:\ccecrb_downloads\rapport\doc13-676.pdf
rapport,La conjoncture dans le secteur de la construction en 2012 et les perspectives pour 2013,Construction,08/04/2013,https://www.ccecrb.fgov.be/p/fr/233/la-conjoncture-dans-le-secteur-de-la-construction-en-2012-et-les-perspectives-pour-2013,https://www.ccecrb.fgov.be/dpics/fichiers/fr/doc13-467.pdf,D:\ccecrb_downloads\rapport\doc13-467.pdf
rapport,L’évolution économique dans l’industrie du textile et du vêtement - Automne 2012,Textile,08/03/2013,https://www.ccecrb.fgov.be/p/fr/227/l-evolution-economique-dans-l-industrie-du-textile-et-du-vetement-automne-2012,https://www.ccecrb.fgov.be/dpics/fichiers/fr/doc13-40.pdf,D:\ccecrb_downloads\rapport\doc13-40.pdf
rapport,La compétitivité de l’industrie des déchets,Emploi et compétitivité,18/02/2013,https://www.ccecrb.fgov.be/p/fr/235/la-competitivite-de-l-industrie-des-dechets,https://www.ccecrb.fgov.be/dpics/fichiers/fr/doc13-198.pdf,D:\ccecrb_downloads\rapport\doc13-198.pdf
rapport,L’évolution conjoncturelle dans l’industrie papetière et graphique - Automne 2012,Papier,31/01/2013,https://www.ccecrb.fgov.be/p/fr/228/l-evolution-conjoncturelle-dans-l-industrie-papetiere-et-graphique-automne-2012,https://www.ccecrb.fgov.be/dpics/fichiers/fr/doc13-151.pdf,D:\ccecrb_downloads\rapport\doc13-151.pdf
rapport,L’emploi dans l’industrie alimentaire en 2011,Alimentation,14/01/2013,https://www.ccecrb.fgov.be/p/fr/222/l-emploi-dans-l-industrie-alimentaire-en-2011,https://www.ccecrb.fgov.be/dpics/fichiers/fr/doc13-62.pdf,D:\ccecrb_downloads\rapport\doc13-62.pdf
rapport,"la conjoncture économique dans l’industrie chimique, des sciences de la vie et de la transformation des matières plastiques et du caoutchouc",Chimie,20/12/2012,https://www.ccecrb.fgov.be/p/fr/219/la-conjoncture-economique-dans-l-industrie-chimique-des-sciences-de-la-vie-et-de-la-transformation-des-matieres-plastiques-et-du-caoutchouc,https://www.ccecrb.fgov.be/dpics/fichiers/fr/doc12-1610.pdf,D:\ccecrb_downloads\rapport\doc12-1610.pdf
rapport,La conjoncture dans l’industrie papetière pour le deuxième semestre 2011 et les premiers mois de l’année 2012,Papier,12/07/2012,https://www.ccecrb.fgov.be/p/fr/206/la-conjoncture-dans-l-industrie-papetiere-pour-le-deuxieme-semestre-2011-et-les-premiers-mois-de-l-annee-2012,https://www.ccecrb.fgov.be/dpics/fichiers/fr/doc12-791.pdf,D:\ccecrb_downloads\rapport\doc12-791.pdf
rapport,La conjoncture dans le secteur de la construction en 2011 et les perspectives pour 2012,Construction,05/07/2012,https://www.ccecrb.fgov.be/p/fr/201/la-conjoncture-dans-le-secteur-de-la-construction-en-2011-et-les-perspectives-pour-2012,https://www.ccecrb.fgov.be/dpics/fichiers/fr/doc12-732.pdf,D:\ccecrb_downloads\rapport\doc12-732.pdf
rapport,L’évolution économique dans l’industrie du textile et de l’habillement - Printemps 2012,Textile,28/06/2012,https://www.ccecrb.fgov.be/p/fr/202/l-evolution-economique-dans-l-industrie-du-textile-et-de-l-habillement-printemps-2012,https://www.ccecrb.fgov.be/dpics/fichiers/fr/doc12-716.pdf,D:\ccecrb_downloads\rapport\doc12-716.pdf
rapport,"La conjoncture économique dans l’industrie chimique, des sciences de la vie et de la transformation des matières plastiques et du caoutchouc",Chimie,21/06/2012,https://www.ccecrb.fgov.be/p/fr/203/la-conjoncture-economique-dans-l-industrie-chimique-des-sciences-de-la-vie-et-de-la-transformation-des-matieres-plastiques-et-du-caoutchouc,https://www.ccecrb.fgov.be/dpics/fichiers/fr/doc12-793.pdf,D:\ccecrb_downloads\rapport\doc12-793.pdf
rapport,La situation conjoncturelle dans le secteur de la distribution en 2011 et au cours des premiers mois de 2012,Distribution,10/05/2012,https://www.ccecrb.fgov.be/p/fr/212/la-situation-conjoncturelle-dans-le-secteur-de-la-distribution-en-2011-et-au-cours-des-premiers-mois-de-2012,https://www.ccecrb.fgov.be/dpics/fichiers/fr/doc12-485.pdf,D:\ccecrb_downloads\rapport\doc12-485.pdf
rapport,Rapport sur la conjoncture dans le secteur de la construction en 2011 et sur les perspectives pour 2012,Construction,23/01/2012,https://www.ccecrb.fgov.be/p/fr/197/rapport-sur-la-conjoncture-dans-le-secteur-de-la-construction-en-2011-et-sur-les-perspectives-pour-2012,https://www.ccecrb.fgov.be/dpics/fichiers/fr/doc12-124.pdf,D:\ccecrb_downloads\rapport\doc12-124.pdf
rapport,L’évolution économique dans l’industrie du textile et du vêtement - Automne 2011,Textile,06/01/2012,https://www.ccecrb.fgov.be/p/fr/194/l-evolution-economique-dans-l-industrie-du-textile-et-du-vetement-automne-2011,https://www.ccecrb.fgov.be/dpics/fichiers/fr/doc12-40.pdf,D:\ccecrb_downloads\rapport\doc12-40.pdf
rapport,La conjoncture dans l’industrie papetière au premier semestre 2011 et les perspectives pour le deuxième semestre de l’année 2011,Papier,12/12/2011,https://www.ccecrb.fgov.be/p/fr/192/la-conjoncture-dans-l-industrie-papetiere-au-premier-semestre-2011-et-les-perspectives-pour-le-deuxieme-semestre-de-l-annee-2011,https://www.ccecrb.fgov.be/dpics/fichiers/fr/doc11-1402.pdf,D:\ccecrb_downloads\rapport\doc11-1402.pdf
rapport,"La conjoncture économique dans l’industrie chimique, des sciences de la vie et de la transformation des matières plastiques et du caoutchouc",Chimie,05/12/2011,https://www.ccecrb.fgov.be/p/fr/196/la-conjoncture-economique-dans-l-industrie-chimique-des-sciences-de-la-vie-et-de-la-transformation-des-matieres-plastiques-et-du-caoutchouc,https://www.ccecrb.fgov.be/dpics/fichiers/fr/doc11-1316.pdf,D:\ccecrb_downloads\rapport\doc11-1316.pdf
rapport,Rapport technique du secrétariat sur les marges maximales disponibles pour l’évolution du coût salarial,Négociation salariale,08/11/2011,https://www.ccecrb.fgov.be/p/fr/182/rapport-technique-du-secretariat-sur-les-marges-maximales-disponibles-pour-l-evolution-du-cout-salarial,https://www.ccecrb.fgov.be/dpics/fichiers/fr/doc11-1200.pdf,D:\ccecrb_downloads\rapport\doc11-1200.pdf
rapport,Evaluation des conventions de premier emploi,Emploi et compétitivité,28/09/2011,https://www.ccecrb.fgov.be/p/fr/180/evaluation-des-conventions-de-premier-emploi,https://www.ccecrb.fgov.be/dpics/fichiers/fr/doc11-946.pdf,D:\ccecrb_downloads\rapport\doc11-946.pdf
rapport,La situation conjoncturelle dans le secteur de la distribution en 2010 et au cours des six premiers mois de 2011,Distribution,25/07/2011,https://www.ccecrb.fgov.be/p/fr/178/la-situation-conjoncturelle-dans-le-secteur-de-la-distribution-en-2010-et-au-cours-des-six-premiers-mois-de-2011,https://www.ccecrb.fgov.be/dpics/fichiers/fr/doc11-777.pdf,D:\ccecrb_downloads\rapport\doc11-777.pdf
rapport,L’évolution économique dans l’industrie du textile et du vêtement - Printemps 2011,Textile,07/07/2011,https://www.ccecrb.fgov.be/p/fr/176/l-evolution-economique-dans-l-industrie-du-textile-et-du-vetement-printemps-2011,https://www.ccecrb.fgov.be/dpics/fichiers/fr/doc11-755.pdf,D:\ccecrb_downloads\rapport\doc11-755.pdf
rapport,La conjoncture dans le secteur de la construction en 2010 et sur les perspectives pour 2011,Construction,27/06/2011,https://www.ccecrb.fgov.be/p/fr/175/la-conjoncture-dans-le-secteur-de-la-construction-en-2010-et-sur-les-perspectives-pour-2011,https://www.ccecrb.fgov.be/dpics/fichiers/fr/doc11-717.pdf,D:\ccecrb_downloads\rapport\doc11-717.pdf
rapport,La conjoncture dans l’industrie papetière et graphique pour l’année 2010 et les premiers mois de l’année 2011,Papier,24/06/2011,https://www.ccecrb.fgov.be/p/fr/177/la-conjoncture-dans-l-industrie-papetiere-et-graphique-pour-l-annee-2010-et-les-premiers-mois-de-l-annee-2011,https://www.ccecrb.fgov.be/dpics/fichiers/fr/doc11-704.pdf,D:\ccecrb_downloads\rapport\doc11-704.pdf
rapport,La conjoncture dans l’industrie papetière et graphique pour le premier semestre 2010 et les perspectives pour le deuxième semestre,Papier,01/02/2011,https://www.ccecrb.fgov.be/p/fr/162/la-conjoncture-dans-l-industrie-papetiere-et-graphique-pour-le-premier-semestre-2010-et-les-perspectives-pour-le-deuxieme-semestre,https://www.ccecrb.fgov.be/dpics/fichiers/fr/doc11-107.pdf,D:\ccecrb_downloads\rapport\doc11-107.pdf
rapport,La conjoncture dans le secteur de la construction en 2010 et sur les perspectives pour 2011,Construction,17/01/2011,https://www.ccecrb.fgov.be/p/fr/158/la-conjoncture-dans-le-secteur-de-la-construction-en-2010-et-sur-les-perspectives-pour-2011,https://www.ccecrb.fgov.be/dpics/fichiers/fr/doc11-131.pdf,D:\ccecrb_downloads\rapport\doc11-131.pdf
rapport,Rapport sur l’évolution économique dans l’industrie du textile et de l’habillement - Automne 2010,Textile,22/12/2010,https://www.ccecrb.fgov.be/p/fr/155/rapport-sur-l-evolution-economique-dans-l-industrie-du-textile-et-de-l-habillement-automne-2010,https://www.ccecrb.fgov.be/dpics/fichiers/fr/doc10-1797.pdf,D:\ccecrb_downloads\rapport\doc10-1797.pdf
rapport,Rapport de conjoncture économique dans l’industrie chimique et de la transformation des matières plastiques et du caoutchouc,Chimie,14/12/2010,https://www.ccecrb.fgov.be/p/fr/159/rapport-de-conjoncture-economique-dans-l-industrie-chimique-et-de-la-transformation-des-matieres-plastiques-et-du-caoutchouc,https://www.ccecrb.fgov.be/dpics/fichiers/fr/doc10-1812.pdf,D:\ccecrb_downloads\rapport\doc10-1812.pdf
rapport,Rapport technique du secrétariat relatif aux marges maximales disponibles pour l’évolution du coût salarial,Emploi et compétitivité,09/11/2010,https://www.ccecrb.fgov.be/p/fr/151/rapport-technique-du-secretariat-relatif-aux-marges-maximales-disponibles-pour-l-evolution-du-cout-salarial,https://www.ccecrb.fgov.be/dpics/fichiers/fr/doc10-1600.pdf,D:\ccecrb_downloads\rapport\doc10-1600.pdf
rapport,Rapport sur la situation conjoncturelle dans le secteur de la distribution en 2009 et au cours du premier semestre de 2010,Distribution,31/07/2010,https://www.ccecrb.fgov.be/p/fr/163/rapport-sur-la-situation-conjoncturelle-dans-le-secteur-de-la-distribution-en-2009-et-au-cours-du-premier-semestre-de-2010,https://www.ccecrb.fgov.be/dpics/fichiers/fr/doc10-1147.pdf,D:\ccecrb_downloads\rapport\doc10-1147.pdf
rapport,Rapport sur l'évolution conjoncturelle dans l'industri papetière et graphique durant l'année 2009 et perspectives pour les deux premiers trimestres de 2010,Papier,01/07/2010,https://www.ccecrb.fgov.be/p/fr/130/rapport-sur-l-evolution-conjoncturelle-dans-l-industri-papetiere-et-graphique-durant-l-annee-2009-et-perspectives-pour-les-deux-premiers-trimestres-de-2010,https://www.ccecrb.fgov.be/dpics/fichiers/fr/doc10-1054.pdf,D:\ccecrb_downloads\rapport\doc10-1054.pdf
rapport,Rapport sur l’évolution économique dans l’industrie du textile et de l’habillement - Printemps 2010,Textile,01/07/2010,https://www.ccecrb.fgov.be/p/fr/131/rapport-sur-l-evolution-economique-dans-l-industrie-du-textile-et-de-l-habillement-printemps-2010,https://www.ccecrb.fgov.be/dpics/fichiers/fr/doc10-1075.pdf,D:\ccecrb_downloads\rapport\doc10-1075.pdf
rapport,Rapport sur la conjoncture dans le secteur de la construction en 2009 et le perspectives pour 2010,Construction,28/06/2010,https://www.ccecrb.fgov.be/p/fr/132/rapport-sur-la-conjoncture-dans-le-secteur-de-la-construction-en-2009-et-le-perspectives-pour-2010,https://www.ccecrb.fgov.be/dpics/fichiers/fr/doc10-1089.pdf,D:\ccecrb_downloads\rapport\doc10-1089.pdf
rapport,Rapport sur l’évolution conjoncturelle dans l’industrie papetière et graphiques durant les trois premiers trimestres 2009 et perspectives pour le quatrième trimestre 2009 et les premiers mois de l’année 2010,Papier,17/03/2010,https://www.ccecrb.fgov.be/p/fr/133/rapport-sur-l-evolution-conjoncturelle-dans-l-industrie-papetiere-et-graphiques-durant-les-trois-premiers-trimestres-2009-et-perspectives-pour-le-quatrieme-trimestre-2009-et-les-premiers-mois-de-l-annee-2010,https://www.ccecrb.fgov.be/dpics/fichiers/fr/doc10-548.pdf,D:\ccecrb_downloads\rapport\doc10-548.pdf
rapport,Rapport sur l’emploi dans l’industrie alimentaire en 2008 - Évolution récente en 2009,Alimentation,22/01/2010,https://www.ccecrb.fgov.be/p/fr/138/rapport-sur-l-emploi-dans-l-industrie-alimentaire-en-2008-evolution-recente-en-2009,https://www.ccecrb.fgov.be/dpics/fichiers/fr/doc10-266.pdf,D:\ccecrb_downloads\rapport\doc10-266.pdf
rapport,Rapport sur l'évolution économique dans l'industrie du textile et de l'habillement – Automne 2009,Textile,12/01/2010,https://www.ccecrb.fgov.be/p/fr/124/rapport-sur-l-evolution-economique-dans-l-industrie-du-textile-et-de-l-habillement-automne-2009,https://www.ccecrb.fgov.be/dpics/fichiers/fr/doc10-73.pdf,D:\ccecrb_downloads\rapport\doc10-73.pdf
rapport,Rapport technique du secrétariat sur les marges maximales disponibles pour l’évolution du coût salarial,Négociation salariale,12/11/2009,https://www.ccecrb.fgov.be/p/fr/144/rapport-technique-du-secretariat-sur-les-marges-maximales-disponibles-pour-l-evolution-du-cout-salarial,https://www.ccecrb.fgov.be/dpics/fichiers/fr/doc09-1500.pdf,D:\ccecrb_downloads\rapport\doc09-1500.pdf
rapport,La conjoncture dans le secteur de la construction en 2008 et les perspectives pour 2009,Construction,29/06/2009,https://www.ccecrb.fgov.be/p/fr/112/la-conjoncture-dans-le-secteur-de-la-construction-en-2008-et-les-perspectives-pour-2009,https://www.ccecrb.fgov.be/dpics/fichiers/fr/doc09-1062.pdf,D:\ccecrb_downloads\rapport\doc09-1062.pdf
rapport,Rapport sur l’évolution économique dans l’industrie du textile et de l’habillement – Printemps 2009,Textile,25/06/2009,https://www.ccecrb.fgov.be/p/fr/101/rapport-sur-l-evolution-economique-dans-l-industrie-du-textile-et-de-l-habillement-printemps-2009,https://www.ccecrb.fgov.be/dpics/fichiers/fr/doc09-1011.pdf,D:\ccecrb_downloads\rapport\doc09-1011.pdf
rapport,Evolution conjoncturelle dans l’industrie papetière et graphique en 2008 et premières prévisions pour 2009,Papier,19/05/2009,https://www.ccecrb.fgov.be/p/fr/100/evolution-conjoncturelle-dans-l-industrie-papetiere-et-graphique-en-2008-et-premieres-previsions-pour-2009,https://www.ccecrb.fgov.be/dpics/fichiers/fr/doc09-863.pdf,D:\ccecrb_downloads\rapport\doc09-863.pdf
rapport,Rapport sur la situation conjoncturelle dans le secteur de la distribution en 2008 et perspectives pour 2009,Distribution,17/02/2009,https://www.ccecrb.fgov.be/p/fr/91/rapport-sur-la-situation-conjoncturelle-dans-le-secteur-de-la-distribution-en-2008-et-perspectives-pour-2009,https://www.ccecrb.fgov.be/dpics/fichiers/fr/doc09-268.pdf,D:\ccecrb_downloads\rapport\doc09-268.pdf
rapport,"Rapport sur l’évolution de la conjoncture économique dans l’industrie de la chimie, de la transformation du caoutchouc et des matières plastiques en 2008",Chimie,12/02/2009,https://www.ccecrb.fgov.be/p/fr/84/rapport-sur-l-evolution-de-la-conjoncture-economique-dans-l-industrie-de-la-chimie-de-la-transformation-du-caoutchouc-et-des-matieres-plastiques-en-2008,https://www.ccecrb.fgov.be/dpics/fichiers/fr/doc09-266.pdf,D:\ccecrb_downloads\rapport\doc09-266.pdf
rapport,Rapport sur l’évolution économique dans l’industrie textile et de l’habillement – Automne 2008,Textile,09/01/2009,https://www.ccecrb.fgov.be/p/fr/88/rapport-sur-l-evolution-economique-dans-l-industrie-textile-et-de-l-habillement-automne-2008,https://www.ccecrb.fgov.be/dpics/fichiers/fr/doc09-30.pdf,D:\ccecrb_downloads\rapport\doc09-30.pdf
rapport,Rapport sur l’emploi dans l’industrie alimentaire en 2007,Alimentation,18/12/2008,https://www.ccecrb.fgov.be/p/fr/79/rapport-sur-l-emploi-dans-l-industrie-alimentaire-en-2007,https://www.ccecrb.fgov.be/dpics/fichiers/fr/doc08-1772.pdf,D:\ccecrb_downloads\rapport\doc08-1772.pdf
rapport,"Evolution de l’emploi dans le secteur du commerce de détail dans les trois régions de Belgique de 1999 à 2006, selon la dimension des établissements, détaillée par groupes et par sous-classes du code NACE",Distribution,31/07/2008,https://www.ccecrb.fgov.be/p/fr/87/evolution-de-l-emploi-dans-le-secteur-du-commerce-de-detail-dans-les-trois-regions-de-belgique-de-1999-a-2006-selon-la-dimension-des-etablissements-detaillee-par-groupes-et-par-sous-classes-du-code-nace,https://www.ccecrb.fgov.be/dpics/fichiers/fr/doc08-1042.pdf,D:\ccecrb_downloads\rapport\doc08-1042.pdf
rapport,Évolution conjoncturelle du secteur de la construction en 2003,Construction,30/06/2003,https://www.ccecrb.fgov.be/p/fr/143/evolution-conjoncturelle-du-secteur-de-la-construction-en-2003,https://www.ccecrb.fgov.be/dpics/fichiers/fr/doc03-521.pdf,D:\ccecrb_downloads\rapport\doc03-521.pdf
rapport,Évolution conjoncturelle du secteur de la construction en 2002-2003,Construction,17/02/2003,https://www.ccecrb.fgov.be/p/fr/142/evolution-conjoncturelle-du-secteur-de-la-construction-en-2002-2003,https://www.ccecrb.fgov.be/dpics/fichiers/fr/doc03-136.pdf,D:\ccecrb_downloads\rapport\doc03-136.pdf
rapport,Rapport technique sur les marges maximales disponibles pour l'évolution du coût salarial,Négociation salariale,18/09/1996,https://www.ccecrb.fgov.be/p/fr/211/rapport-technique-sur-les-marges-maximales-disponibles-pour-l-evolution-du-cout-salarial,https://www.ccecrb.fgov.be/dpics/fichiers/fr/doc96-604.pdf,D:\ccecrb_downloads\rapport\doc96-604.pdf
note-documentaire,Analyse de suivi sur le travail de nuit dans le secteur du commerce et les secteurs connexes,Services Postaux et e-commerce,19/02/2026,https://www.ccecrb.fgov.be/p/fr/1358/analyse-de-suivi-sur-le-travail-de-nuit-dans-le-secteur-du-commerce-et-les-secteurs-connexes,https://www.ccecrb.fgov.be/dpics/fichiers/2026-03-05-11-42-02_doc260653.pdf,D:\ccecrb_downloads\note-documentaire\2026-03-05-11-42-02_doc260653.pdf
note-documentaire,Analyse de suivi sur le travail de nuit dans le secteur du commerce et les secteurs connexes,Services Postaux et e-commerce,19/02/2026,https://www.ccecrb.fgov.be/p/fr/1358/analyse-de-suivi-sur-le-travail-de-nuit-dans-le-secteur-du-commerce-et-les-secteurs-connexes,https://www.ccecrb.fgov.be/dpics/fichiers/2025-10-06-12-47-53_CCE20251785Travaildenuitdanslesecteurducommerceetlessecteursconnexes.pdf,D:\ccecrb_downloads\note-documentaire\2025-10-06-12-47-53_CCE20251785Travaildenuitdanslesecteurducommerceetlessecteursconnexes.pdf
note-documentaire,Note d'analyse sur la prime corona et pouvoir d'achat,Négociation salariale,24/03/2025,https://www.ccecrb.fgov.be/p/fr/1270/note-d-analyse-sur-la-prime-corona-et-pouvoir-d-achat,https://www.ccecrb.fgov.be/dpics/fichiers/2025-03-25-04-18-23_CRB20250675NotaAnalysecoronaenkoopkrachtpremie.pdf,D:\ccecrb_downloads\note-documentaire\2025-03-25-04-18-23_CRB20250675NotaAnalysecoronaenkoopkrachtpremie.pdf
note-documentaire,Une analyse du modèle de croissance belge,Emploi et compétitivité,30/09/2022,https://www.ccecrb.fgov.be/p/fr/1014/une-analyse-du-modele-de-croissance-belge,https://www.ccecrb.fgov.be/dpics/fichiers/2022-09-30-01-36-11_doc222314fr.pdf,D:\ccecrb_downloads\note-documentaire\2022-09-30-01-36-11_doc222314fr.pdf
note-documentaire,"Quelles pistes pour solutionner la crise du logement abordable, durable et de qualité ?",Construction,25/03/2022,https://www.ccecrb.fgov.be/p/fr/971/quelles-pistes-pour-solutionner-la-crise-du-logement-abordable-durable-et-de-qualite-,https://www.ccecrb.fgov.be/dpics/fichiers/2022-04-13-09-20-22_CCE20220869defNotedoc.logementSite.pdf,D:\ccecrb_downloads\note-documentaire\2022-04-13-09-20-22_CCE20220869defNotedoc.logementSite.pdf
note-documentaire,La gratuité des déplacements domicile-travail en transports publics,Mobilité,15/09/2021,https://www.ccecrb.fgov.be/p/fr/899/la-gratuite-des-deplacements-domicile-travail-en-transports-publics,https://www.ccecrb.fgov.be/dpics/fichiers/2021-09-13-04-51-32_8020.pdf#page=5,D:\ccecrb_downloads\note-documentaire\2021-09-13-04-51-32_8020.pdf
note-documentaire,La gratuité des déplacements domicile-travail en transports publics,Mobilité,15/09/2021,https://www.ccecrb.fgov.be/p/fr/899/la-gratuite-des-deplacements-domicile-travail-en-transports-publics,https://www.ccecrb.fgov.be/dpics/fichiers/2021-09-13-04-51-32_8020.pdf#page=4,D:\ccecrb_downloads\note-documentaire\2021-09-13-04-51-32_8020.pdf
note-documentaire,La gratuité des déplacements domicile-travail en transports publics,Mobilité,15/09/2021,https://www.ccecrb.fgov.be/p/fr/899/la-gratuite-des-deplacements-domicile-travail-en-transports-publics,https://www.ccecrb.fgov.be/dpics/fichiers/2021-09-13-04-51-32_8020.pdf#page=8,D:\ccecrb_downloads\note-documentaire\2021-09-13-04-51-32_8020.pdf
note-documentaire,La gratuité des déplacements domicile-travail en transports publics,Mobilité,15/09/2021,https://www.ccecrb.fgov.be/p/fr/899/la-gratuite-des-deplacements-domicile-travail-en-transports-publics,https://www.ccecrb.fgov.be/dpics/fichiers/2021-09-13-04-51-32_8020.pdf#page=9,D:\ccecrb_downloads\note-documentaire\2021-09-13-04-51-32_8020.pdf
note-documentaire,La gratuité des déplacements domicile-travail en transports publics,Mobilité,15/09/2021,https://www.ccecrb.fgov.be/p/fr/899/la-gratuite-des-deplacements-domicile-travail-en-transports-publics,https://www.ccecrb.fgov.be/dpics/fichiers/2021-09-13-04-51-32_8020.pdf#page=6,D:\ccecrb_downloads\note-documentaire\2021-09-13-04-51-32_8020.pdf
note-documentaire,La gratuité des déplacements domicile-travail en transports publics,Mobilité,15/09/2021,https://www.ccecrb.fgov.be/p/fr/899/la-gratuite-des-deplacements-domicile-travail-en-transports-publics,https://www.ccecrb.fgov.be/dpics/fichiers/2021-09-13-04-51-32_8020.pdf#page=2,D:\ccecrb_downloads\note-documentaire\2021-09-13-04-51-32_8020.pdf
note-documentaire,La gratuité des déplacements domicile-travail en transports publics,Mobilité,15/09/2021,https://www.ccecrb.fgov.be/p/fr/899/la-gratuite-des-deplacements-domicile-travail-en-transports-publics,https://www.ccecrb.fgov.be/dpics/fichiers/2021-09-13-04-51-32_8020.pdf,D:\ccecrb_downloads\note-documentaire\2021-09-13-04-51-32_8020.pdf
note-documentaire,La gratuité des déplacements domicile-travail en transports publics,Mobilité,15/09/2021,https://www.ccecrb.fgov.be/p/fr/899/la-gratuite-des-deplacements-domicile-travail-en-transports-publics,https://www.ccecrb.fgov.be/dpics/fichiers/2021-09-13-04-51-32_8020.pdf#page=7,D:\ccecrb_downloads\note-documentaire\2021-09-13-04-51-32_8020.pdf
note-documentaire,La gratuité des déplacements domicile-travail en transports publics,Mobilité,15/09/2021,https://www.ccecrb.fgov.be/p/fr/899/la-gratuite-des-deplacements-domicile-travail-en-transports-publics,https://www.ccecrb.fgov.be/dpics/fichiers/2021-09-13-04-51-32_8020.pdf#page=3,D:\ccecrb_downloads\note-documentaire\2021-09-13-04-51-32_8020.pdf
note-documentaire,La gratuité des déplacements domicile-travail en transports publics,Mobilité,15/09/2021,https://www.ccecrb.fgov.be/p/fr/899/la-gratuite-des-deplacements-domicile-travail-en-transports-publics,https://www.ccecrb.fgov.be/dpics/fichiers/2021-09-13-04-51-32_8020.pdf#page=10,D:\ccecrb_downloads\note-documentaire\2021-09-13-04-51-32_8020.pdf
note-documentaire,Le rôle futur de la SNCB et d’Infrabel,Mobilité,15/09/2021,https://www.ccecrb.fgov.be/p/fr/901/le-role-futur-de-la-sncb-et-d-infrabel,https://www.ccecrb.fgov.be/dpics/fichiers/2021-09-14-12-33-19_contrats_gestion.pdf#page=10,D:\ccecrb_downloads\note-documentaire\2021-09-14-12-33-19_contrats_gestion.pdf
note-documentaire,Le rôle futur de la SNCB et d’Infrabel,Mobilité,15/09/2021,https://www.ccecrb.fgov.be/p/fr/901/le-role-futur-de-la-sncb-et-d-infrabel,https://www.ccecrb.fgov.be/dpics/fichiers/2021-09-14-12-33-19_contrats_gestion.pdf#page=5,D:\ccecrb_downloads\note-documentaire\2021-09-14-12-33-19_contrats_gestion.pdf
note-documentaire,Le rôle futur de la SNCB et d’Infrabel,Mobilité,15/09/2021,https://www.ccecrb.fgov.be/p/fr/901/le-role-futur-de-la-sncb-et-d-infrabel,https://www.ccecrb.fgov.be/dpics/fichiers/2021-09-14-12-33-19_contrats_gestion.pdf#page=8,D:\ccecrb_downloads\note-documentaire\2021-09-14-12-33-19_contrats_gestion.pdf
note-documentaire,Le rôle futur de la SNCB et d’Infrabel,Mobilité,15/09/2021,https://www.ccecrb.fgov.be/p/fr/901/le-role-futur-de-la-sncb-et-d-infrabel,https://www.ccecrb.fgov.be/dpics/fichiers/2021-09-14-12-33-19_contrats_gestion.pdf#page=7,D:\ccecrb_downloads\note-documentaire\2021-09-14-12-33-19_contrats_gestion.pdf
note-documentaire,Le rôle futur de la SNCB et d’Infrabel,Mobilité,15/09/2021,https://www.ccecrb.fgov.be/p/fr/901/le-role-futur-de-la-sncb-et-d-infrabel,https://www.ccecrb.fgov.be/dpics/fichiers/2021-09-14-12-33-19_contrats_gestion.pdf#page=3,D:\ccecrb_downloads\note-documentaire\2021-09-14-12-33-19_contrats_gestion.pdf
note-documentaire,Le rôle futur de la SNCB et d’Infrabel,Mobilité,15/09/2021,https://www.ccecrb.fgov.be/p/fr/901/le-role-futur-de-la-sncb-et-d-infrabel,https://www.ccecrb.fgov.be/dpics/fichiers/2021-09-14-12-33-19_contrats_gestion.pdf#page=6,D:\ccecrb_downloads\note-documentaire\2021-09-14-12-33-19_contrats_gestion.pdf
note-documentaire,Le rôle futur de la SNCB et d’Infrabel,Mobilité,15/09/2021,https://www.ccecrb.fgov.be/p/fr/901/le-role-futur-de-la-sncb-et-d-infrabel,https://www.ccecrb.fgov.be/dpics/fichiers/2021-09-14-12-33-19_contrats_gestion.pdf#page=2,D:\ccecrb_downloads\note-documentaire\2021-09-14-12-33-19_contrats_gestion.pdf
note-documentaire,Le rôle futur de la SNCB et d’Infrabel,Mobilité,15/09/2021,https://www.ccecrb.fgov.be/p/fr/901/le-role-futur-de-la-sncb-et-d-infrabel,https://www.ccecrb.fgov.be/dpics/fichiers/2021-09-14-12-33-19_contrats_gestion.pdf#page=13,D:\ccecrb_downloads\note-documentaire\2021-09-14-12-33-19_contrats_gestion.pdf
note-documentaire,Le rôle futur de la SNCB et d’Infrabel,Mobilité,15/09/2021,https://www.ccecrb.fgov.be/p/fr/901/le-role-futur-de-la-sncb-et-d-infrabel,https://www.ccecrb.fgov.be/dpics/fichiers/2021-09-14-12-33-19_contrats_gestion.pdf#page=15,D:\ccecrb_downloads\note-documentaire\2021-09-14-12-33-19_contrats_gestion.pdf
note-documentaire,Le rôle futur de la SNCB et d’Infrabel,Mobilité,15/09/2021,https://www.ccecrb.fgov.be/p/fr/901/le-role-futur-de-la-sncb-et-d-infrabel,https://www.ccecrb.fgov.be/dpics/fichiers/2021-09-14-12-33-19_contrats_gestion.pdf#page=12,D:\ccecrb_downloads\note-documentaire\2021-09-14-12-33-19_contrats_gestion.pdf
note-documentaire,Le rôle futur de la SNCB et d’Infrabel,Mobilité,15/09/2021,https://www.ccecrb.fgov.be/p/fr/901/le-role-futur-de-la-sncb-et-d-infrabel,https://www.ccecrb.fgov.be/dpics/fichiers/2021-09-14-12-33-19_contrats_gestion.pdf,D:\ccecrb_downloads\note-documentaire\2021-09-14-12-33-19_contrats_gestion.pdf
note-documentaire,Le rôle futur de la SNCB et d’Infrabel,Mobilité,15/09/2021,https://www.ccecrb.fgov.be/p/fr/901/le-role-futur-de-la-sncb-et-d-infrabel,https://www.ccecrb.fgov.be/dpics/fichiers/2021-09-14-12-33-19_contrats_gestion.pdf#page=4,D:\ccecrb_downloads\note-documentaire\2021-09-14-12-33-19_contrats_gestion.pdf
note-documentaire,Conséquences fiscales du cumul revenus-allocations,Emploi et compétitivité,09/02/2021,https://www.ccecrb.fgov.be/p/fr/825/consequences-fiscales-du-cumul-revenus-allocations,https://www.ccecrb.fgov.be/dpics/fichiers/2021-03-10-10-21-07_CCE20210214defsite.pdf,D:\ccecrb_downloads\note-documentaire\2021-03-10-10-21-07_CCE20210214defsite.pdf
note-documentaire,Aperçu des différents instruments visant à stimuler la rénovation énergétique,Énergie,03/02/2021,https://www.ccecrb.fgov.be/p/fr/813/apercu-des-differents-instruments-visant-a-stimuler-la-renovation-energetique,https://www.ccecrb.fgov.be/dpics/fichiers/2021-02-01-10-22-43_doc210236.pdf,D:\ccecrb_downloads\note-documentaire\2021-02-01-10-22-43_doc210236.pdf
note-documentaire,Aperçu des différents instruments visant à stimuler la rénovation énergétique,Énergie,03/02/2021,https://www.ccecrb.fgov.be/p/fr/813/apercu-des-differents-instruments-visant-a-stimuler-la-renovation-energetique,https://www.ccecrb.fgov.be/dpics/fichiers/2021-02-03-12-09-20_doc210237.pdf,D:\ccecrb_downloads\note-documentaire\2021-02-03-12-09-20_doc210237.pdf
note-documentaire,Aperçu des différents instruments visant à stimuler la rénovation énergétique,Énergie,03/02/2021,https://www.ccecrb.fgov.be/p/fr/813/apercu-des-differents-instruments-visant-a-stimuler-la-renovation-energetique,https://www.ccecrb.fgov.be/dpics/fichiers/2021-02-01-10-27-12_doc210241.pdf,D:\ccecrb_downloads\note-documentaire\2021-02-01-10-27-12_doc210241.pdf
note-documentaire,Aperçu des différents instruments visant à stimuler la rénovation énergétique,Énergie,03/02/2021,https://www.ccecrb.fgov.be/p/fr/813/apercu-des-differents-instruments-visant-a-stimuler-la-renovation-energetique,https://www.ccecrb.fgov.be/dpics/fichiers/2021-02-01-10-21-57_doc210235.pdf,D:\ccecrb_downloads\note-documentaire\2021-02-01-10-21-57_doc210235.pdf
note-documentaire,Aperçu des différents instruments visant à stimuler la rénovation énergétique,Énergie,03/02/2021,https://www.ccecrb.fgov.be/p/fr/813/apercu-des-differents-instruments-visant-a-stimuler-la-renovation-energetique,https://www.ccecrb.fgov.be/dpics/fichiers/2021-02-01-01-22-52_doc210238.pdf,D:\ccecrb_downloads\note-documentaire\2021-02-01-01-22-52_doc210238.pdf
note-documentaire,Aperçu des différents instruments visant à stimuler la rénovation énergétique,Énergie,03/02/2021,https://www.ccecrb.fgov.be/p/fr/813/apercu-des-differents-instruments-visant-a-stimuler-la-renovation-energetique,https://www.ccecrb.fgov.be/dpics/fichiers/2021-02-01-10-16-40_doc210233.pdf,D:\ccecrb_downloads\note-documentaire\2021-02-01-10-16-40_doc210233.pdf
note-documentaire,Aperçu des différents instruments visant à stimuler la rénovation énergétique,Énergie,03/02/2021,https://www.ccecrb.fgov.be/p/fr/813/apercu-des-differents-instruments-visant-a-stimuler-la-renovation-energetique,https://www.ccecrb.fgov.be/dpics/fichiers/2021-02-01-10-18-10_doc210234.pdf,D:\ccecrb_downloads\note-documentaire\2021-02-01-10-18-10_doc210234.pdf
note-documentaire,Résumé des rapports annuels de 2019 de six ombudsmans,Pratiques du commerce,01/12/2020,https://www.ccecrb.fgov.be/p/fr/796/resume-des-rapports-annuels-de-2019-de-six-ombudsmans,https://www.ccecrb.fgov.be/dpics/fichiers/2020-12-01-10-51-04_CCE20201616defsite.pdf,D:\ccecrb_downloads\note-documentaire\2020-12-01-10-51-04_CCE20201616defsite.pdf
note-documentaire,Le renforcement des géants du numérique en période de confinement,Distribution,20/11/2020,https://www.ccecrb.fgov.be/p/fr/790/le-renforcement-des-geants-du-numerique-en-periode-de-confinement,https://www.ccecrb.fgov.be/dpics/fichiers/2020-11-20-03-46-19_CCE20202001Lerenforcementdesgrandesplateformespendantleconfinement.pdf,D:\ccecrb_downloads\note-documentaire\2020-11-20-03-46-19_CCE20202001Lerenforcementdesgrandesplateformespendantleconfinement.pdf
note-documentaire,"Le secteur de la construction, un partenaire pour une politique climatique sociale et économique ambitieuse",Construction,02/10/2020,https://www.ccecrb.fgov.be/p/fr/794/le-secteur-de-la-construction-un-partenaire-pour-une-politique-climatique-sociale-et-economique-ambitieuse,https://www.ccecrb.fgov.be/dpics/fichiers/2020-12-04-11-26-22_doc202270.pdf,D:\ccecrb_downloads\note-documentaire\2020-12-04-11-26-22_doc202270.pdf
note-documentaire,Vision d’experts sur les investissements en infrastructures durables,Construction,02/10/2020,https://www.ccecrb.fgov.be/p/fr/795/vision-d-experts-sur-les-investissements-en-infrastructures-durables,https://www.ccecrb.fgov.be/dpics/fichiers/2020-12-04-12-14-45_doc202271.pdf,D:\ccecrb_downloads\note-documentaire\2020-12-04-12-14-45_doc202271.pdf
note-documentaire,L’estimation de l’impact du COVID-19 sur l’économie : vue d’ensemble par institution,Emploi et compétitivité,30/07/2020,https://www.ccecrb.fgov.be/p/fr/767/l-estimation-de-l-impact-du-covid-19-sur-l-economie-vue-d-ensemble-par-institution,https://www.ccecrb.fgov.be/dpics/fichiers/2020-07-31-11-42-10_doc201425fr.pdf,D:\ccecrb_downloads\note-documentaire\2020-07-31-11-42-10_doc201425fr.pdf
note-documentaire,Un marché durable pour la livraison de colis,Distribution,10/02/2020,https://www.ccecrb.fgov.be/p/fr/724/un-marche-durable-pour-la-livraison-de-colis,https://www.ccecrb.fgov.be/dpics/fichiers/2020-02-11-09-52-48_doc192661.pdf,D:\ccecrb_downloads\note-documentaire\2020-02-11-09-52-48_doc192661.pdf
note-documentaire,Un marché durable pour la livraison de colis,Distribution,10/02/2020,https://www.ccecrb.fgov.be/p/fr/724/un-marche-durable-pour-la-livraison-de-colis,https://www.ccecrb.fgov.be/dpics/fichiers/2020-02-10-05-18-30_doc192298fr.pdf,D:\ccecrb_downloads\note-documentaire\2020-02-10-05-18-30_doc192298fr.pdf
note-documentaire,Les entreprises à forte croissance dans des États fédéraux,Emploi et compétitivité,04/11/2019,https://www.ccecrb.fgov.be/p/fr/699/les-entreprises-a-forte-croissance-dans-des-etats-federaux,https://www.ccecrb.fgov.be/dpics/fichiers/2019-11-04-10-25-07_doc191859nl.pdf,D:\ccecrb_downloads\note-documentaire\2019-11-04-10-25-07_doc191859nl.pdf
note-documentaire,Groupes à risque sur le marché du travail,Emploi et compétitivité,23/10/2019,https://www.ccecrb.fgov.be/p/fr/695/groupes-a-risque-sur-le-marche-du-travail,https://www.ccecrb.fgov.be/dpics/fichiers/2019-10-23-11-31-18_doc192080fr.pdf,D:\ccecrb_downloads\note-documentaire\2019-10-23-11-31-18_doc192080fr.pdf
note-documentaire,Monitoring de la sécurité d’approvisionnement en Belgique,Énergie,24/09/2019,https://www.ccecrb.fgov.be/p/fr/687/monitoring-de-la-securite-d-approvisionnement-en-belgique,https://www.ccecrb.fgov.be/dpics/fichiers/2019-09-24-10-06-24_CCE20191774.pdf,D:\ccecrb_downloads\note-documentaire\2019-09-24-10-06-24_CCE20191774.pdf
note-documentaire,Monitoring de la sécurité d’approvisionnement en Belgique,Énergie,24/09/2019,https://www.ccecrb.fgov.be/p/fr/687/monitoring-de-la-securite-d-approvisionnement-en-belgique,https://www.ccecrb.fgov.be/dpics/fichiers/fr/doc15-135.pdf,D:\ccecrb_downloads\note-documentaire\doc15-135.pdf
note-documentaire,Monitoring de la sécurité d’approvisionnement en Belgique,Énergie,24/09/2019,https://www.ccecrb.fgov.be/p/fr/687/monitoring-de-la-securite-d-approvisionnement-en-belgique,https://www.ccecrb.fgov.be/dpics/fichiers/fr/doc17-2055.pdf,D:\ccecrb_downloads\note-documentaire\doc17-2055.pdf
note-documentaire,La soutenabilité environnementale en Belgique,Emploi et compétitivité,21/08/2019,https://www.ccecrb.fgov.be/p/fr/680/la-soutenabilite-environnementale-en-belgique,https://www.ccecrb.fgov.be/dpics/fichiers/2019-08-21-03-40-10_doc19711.pdf,D:\ccecrb_downloads\note-documentaire\2019-08-21-03-40-10_doc19711.pdf
note-documentaire,La soutenabilité environnementale en Belgique,Emploi et compétitivité,21/08/2019,https://www.ccecrb.fgov.be/p/fr/680/la-soutenabilite-environnementale-en-belgique,https://www.ccecrb.fgov.be/dpics/fichiers/2019-07-12-01-24-38_doc191410.pdf,D:\ccecrb_downloads\note-documentaire\2019-07-12-01-24-38_doc191410.pdf
note-documentaire,Les progrès de l’économie circulaire en Belgique,Emploi et compétitivité,12/07/2019,https://www.ccecrb.fgov.be/p/fr/668/les-progres-de-l-economie-circulaire-en-belgique,https://www.ccecrb.fgov.be/dpics/fichiers/2019-07-15-12-23-54_doc191425fr.pdf,D:\ccecrb_downloads\note-documentaire\2019-07-15-12-23-54_doc191425fr.pdf
note-documentaire,Les progrès de l’économie circulaire en Belgique,Emploi et compétitivité,12/07/2019,https://www.ccecrb.fgov.be/p/fr/668/les-progres-de-l-economie-circulaire-en-belgique,https://www.ccecrb.fgov.be/dpics/fichiers/2019-07-12-01-24-38_doc191410.pdf,D:\ccecrb_downloads\note-documentaire\2019-07-12-01-24-38_doc191410.pdf
note-documentaire,Le financement des entreprises à forte croissance en Belgique : résultats de l’enquête et des groupes de focus,Emploi et compétitivité,24/04/2019,https://www.ccecrb.fgov.be/p/fr/640/le-financement-des-entreprises-a-forte-croissance-en-belgique-resultats-de-l-enquete-et-des-groupes-de-focus,https://www.ccecrb.fgov.be/dpics/fichiers/2019-04-24-04-15-29_doc190839.pdf,D:\ccecrb_downloads\note-documentaire\2019-04-24-04-15-29_doc190839.pdf
note-documentaire,Définition du secteur privé,Négociation salariale,17/01/2019,https://www.ccecrb.fgov.be/p/fr/248/definition-du-secteur-prive,https://www.ccecrb.fgov.be/dpics/fichiers/2019-07-18-04-19-41_doc191048fr.pdf,D:\ccecrb_downloads\note-documentaire\2019-07-18-04-19-41_doc191048fr.pdf
note-documentaire,Définition du secteur privé,Négociation salariale,17/01/2019,https://www.ccecrb.fgov.be/p/fr/248/definition-du-secteur-prive,https://www.ccecrb.fgov.be/dpics/fichiers/fr/doc13-1332.pdf,D:\ccecrb_downloads\note-documentaire\doc13-1332.pdf
note-documentaire,Analyse du compte des sociétés,Emploi et compétitivité,20/12/2018,https://www.ccecrb.fgov.be/p/fr/606/analyse-du-compte-des-societes,https://www.ccecrb.fgov.be/dpics/fichiers/2019-02-07-11-09-53_doc183137fr.pdf,D:\ccecrb_downloads\note-documentaire\2019-02-07-11-09-53_doc183137fr.pdf
note-documentaire,Etat des lieux des objectifs de politique économique,Emploi et compétitivité,18/12/2018,https://www.ccecrb.fgov.be/p/fr/619/etat-des-lieux-des-objectifs-de-politique-economique,https://www.ccecrb.fgov.be/dpics/fichiers/2019-03-11-04-05-06_doc183264fr.pdf,D:\ccecrb_downloads\note-documentaire\2019-03-11-04-05-06_doc183264fr.pdf
note-documentaire,Le revenu minimum en Belgique,Emploi et compétitivité,11/10/2018,https://www.ccecrb.fgov.be/p/fr/590/le-revenu-minimum-en-belgique,https://www.ccecrb.fgov.be/dpics/fichiers/2019-01-09-10-40-45_doc182768nl.pdf,D:\ccecrb_downloads\note-documentaire\2019-01-09-10-40-45_doc182768nl.pdf
note-documentaire,Le taux d'emploi,Emploi et compétitivité,04/04/2018,https://www.ccecrb.fgov.be/p/fr/433/le-taux-d-emploi,https://www.ccecrb.fgov.be/dpics/fichiers/fr/doc18-770.pdf,D:\ccecrb_downloads\note-documentaire\doc18-770.pdf
note-documentaire,La distribution du patrimoine des ménages,Emploi et compétitivité,27/03/2018,https://www.ccecrb.fgov.be/p/fr/428/la-distribution-du-patrimoine-des-menages,https://www.ccecrb.fgov.be/dpics/fichiers/fr/doc18-779.pdf,D:\ccecrb_downloads\note-documentaire\doc18-779.pdf
note-documentaire,L’entrepreneuriat,Emploi et compétitivité,27/03/2018,https://www.ccecrb.fgov.be/p/fr/429/l-entrepreneuriat,https://www.ccecrb.fgov.be/dpics/fichiers/fr/doc18-781.pdf,D:\ccecrb_downloads\note-documentaire\doc18-781.pdf
note-documentaire,Economisch beleid op basis van vooruitzichten,Emploi et compétitivité,15/03/2018,https://www.ccecrb.fgov.be/p/fr/427/economisch-beleid-op-basis-van-vooruitzichten,https://www.ccecrb.fgov.be/dpics/fichiers/fr/doc18-612.pdf,D:\ccecrb_downloads\note-documentaire\doc18-612.pdf
note-documentaire,Statistiques concernant les secteurs du textile et de l’habillement 1973-2016,Textile,01/02/2018,https://www.ccecrb.fgov.be/p/fr/622/statistiques-concernant-les-secteurs-du-textile-et-de-l-habillement-1973-2016,https://www.ccecrb.fgov.be/dpics/fichiers/2019-03-26-02-46-48_doc18348(2).pdf,D:\ccecrb_downloads\note-documentaire\2019-03-26-02-46-48_doc18348(2).pdf
note-documentaire,Investissements publics,Construction,09/11/2017,https://www.ccecrb.fgov.be/p/fr/410/investissements-publics,https://www.ccecrb.fgov.be/dpics/fichiers/fr/doc17-1346.pdf,D:\ccecrb_downloads\note-documentaire\doc17-1346.pdf
note-documentaire,Politique d'investissements publics en Belgique : quelles solutions ?,Construction,09/11/2017,https://www.ccecrb.fgov.be/p/fr/411/politique-d-investissements-publics-en-belgique-quelles-solutions-,https://www.ccecrb.fgov.be/dpics/fichiers/fr/doc17-2546.pdf,D:\ccecrb_downloads\note-documentaire\doc17-2546.pdf
note-documentaire,Estimation approximative des coûts directs des déplacements domicile-travail en Belgique pour les salariés et les employeurs du secteur privé,Mobilité,12/07/2017,https://www.ccecrb.fgov.be/p/fr/386/estimation-approximative-des-couts-directs-des-deplacements-domicile-travail-en-belgique-pour-les-salaries-et-les-employeurs-du-secteur-prive,https://www.ccecrb.fgov.be/dpics/fichiers/fr/doc17-1653.pdf,D:\ccecrb_downloads\note-documentaire\doc17-1653.pdf
note-documentaire,"L'écosystème de la chaine de valeur du secteur papetier, graphique et de l'édition",Papier,14/03/2017,https://www.ccecrb.fgov.be/p/fr/373/l-ecosysteme-de-la-chaine-de-valeur-du-secteur-papetier-graphique-et-de-l-edition,https://www.ccecrb.fgov.be/dpics/fichiers/fr/doc17-313.pdf,D:\ccecrb_downloads\note-documentaire\doc17-313.pdf
note-documentaire,Het gebruik van de economische vooruitzichten van het Federaal Planbureau voor het economisch beleid,Emploi et compétitivité,14/02/2017,https://www.ccecrb.fgov.be/p/fr/367/het-gebruik-van-de-economische-vooruitzichten-van-het-federaal-planbureau-voor-het-economisch-beleid,https://www.ccecrb.fgov.be/dpics/fichiers/fr/doc17-43.pdf,D:\ccecrb_downloads\note-documentaire\doc17-43.pdf
note-documentaire,La soutenabilité des finances publiques et les impacts économiques et sociaux des politiques budgétaires et structurelles,Emploi et compétitivité,27/01/2017,https://www.ccecrb.fgov.be/p/fr/366/la-soutenabilite-des-finances-publiques-et-les-impacts-economiques-et-sociaux-des-politiques-budgetaires-et-structurelles,https://www.ccecrb.fgov.be/dpics/fichiers/fr/doc17-47.pdf,D:\ccecrb_downloads\note-documentaire\doc17-47.pdf
note-documentaire,Monitoring de l’Emploi en Belgique : Indicateurs de suivi pour le Rapport Emploi Compétitivité,Emploi et compétitivité,27/01/2017,https://www.ccecrb.fgov.be/p/fr/371/monitoring-de-l-emploi-en-belgique-indicateurs-de-suivi-pour-le-rapport-emploi-competitivite,https://www.ccecrb.fgov.be/dpics/fichiers/fr/doc17-46.pdf,D:\ccecrb_downloads\note-documentaire\doc17-46.pdf
note-documentaire,(Para)fiscalité 2016,Emploi et compétitivité,21/01/2017,https://www.ccecrb.fgov.be/p/fr/400/-para-fiscalite-2016,https://www.ccecrb.fgov.be/dpics/fichiers/fr/doc17-79.pdf,D:\ccecrb_downloads\note-documentaire\doc17-79.pdf
note-documentaire,Analyse de la hausse de l’intensité en r&d en Belgique depuis 2005,Emploi et compétitivité,16/01/2017,https://www.ccecrb.fgov.be/p/fr/362/analyse-de-la-hausse-de-l-intensite-en-r-d-en-belgique-depuis-2005,https://www.ccecrb.fgov.be/dpics/fichiers/fr/doc17-45.pdf,D:\ccecrb_downloads\note-documentaire\doc17-45.pdf
note-documentaire,Interventions de l’employeur dans le coût des déplacements domicile-travail,Mobilité,19/12/2016,https://www.ccecrb.fgov.be/p/fr/359/interventions-de-l-employeur-dans-le-cout-des-deplacements-domicile-travail,https://www.ccecrb.fgov.be/dpics/fichiers/fr/doc16-2595.pdf,D:\ccecrb_downloads\note-documentaire\doc16-2595.pdf
note-documentaire,Les difficultés d'appariement sur le marché du travail en Belgique et dans les trois régions : analyse à partir de fonctions critiques,Emploi et compétitivité,13/10/2016,https://www.ccecrb.fgov.be/p/fr/357/les-difficultes-d-appariement-sur-le-marche-du-travail-en-belgique-et-dans-les-trois-regions-analyse-a-partir-de-fonctions-critiques,https://www.ccecrb.fgov.be/dpics/fichiers/fr/doc16-2308.pdf,D:\ccecrb_downloads\note-documentaire\doc16-2308.pdf
note-documentaire,Analyse de la distribution des revenus en Belgique - Partie 1 : situation générale et pistes de recherche,Emploi et compétitivité,26/09/2016,https://www.ccecrb.fgov.be/p/fr/354/analyse-de-la-distribution-des-revenus-en-belgique-partie-1-situation-generale-et-pistes-de-recherche,https://www.ccecrb.fgov.be/dpics/fichiers/fr/doc16-1548.pdf,D:\ccecrb_downloads\note-documentaire\doc16-1548.pdf
note-documentaire,Inventaire des secrétariats avec des informations et données disponibles pour calculer le coût actuel des déplacements domicile-travail en Belgique,Mobilité,23/09/2016,https://www.ccecrb.fgov.be/p/fr/351/inventaire-des-secretariats-avec-des-informations-et-donnees-disponibles-pour-calculer-le-cout-actuel-des-deplacements-domicile-travail-en-belgique,https://www.ccecrb.fgov.be/dpics/fichiers/fr/doc16-2150.pdf,D:\ccecrb_downloads\note-documentaire\doc16-2150.pdf
note-documentaire,Caractéristiques de la négociation salariale dans les pays de référence,Négociation salariale,18/07/2016,https://www.ccecrb.fgov.be/p/fr/342/caracteristiques-de-la-negociation-salariale-dans-les-pays-de-reference,https://www.ccecrb.fgov.be/dpics/fichiers/fr/doc16-1620.pdf,D:\ccecrb_downloads\note-documentaire\doc16-1620.pdf
note-documentaire,L'économie durable: moteur de compétitivité dans l'industrie agro-alimentaire - Étude de cas Belvas,Alimentation,26/04/2016,https://www.ccecrb.fgov.be/p/fr/335/l-economie-durable-moteur-de-competitivite-dans-l-industrie-agro-alimentaire-etude-de-cas-belvas,https://www.ccecrb.fgov.be/dpics/fichiers/fr/doc16-1215.pdf,D:\ccecrb_downloads\note-documentaire\doc16-1215.pdf
note-documentaire,L'économie durable : moteur de compétitivité dans l'industrie agro-alimentaire - Étude de cas Spadel,Alimentation,26/04/2016,https://www.ccecrb.fgov.be/p/fr/336/l-economie-durable-moteur-de-competitivite-dans-l-industrie-agro-alimentaire-etude-de-cas-spadel,https://www.ccecrb.fgov.be/dpics/fichiers/fr/doc16-1217.pdf,D:\ccecrb_downloads\note-documentaire\doc16-1217.pdf
note-documentaire,Duurzame economie als motor voor de competitiviteit in de voedingssector - Casestudie Brouwerij Huyghe,Alimentation,26/04/2016,https://www.ccecrb.fgov.be/p/fr/337/duurzame-economie-als-motor-voor-de-competitiviteit-in-de-voedingssector-casestudie-brouwerij-huyghe,https://www.ccecrb.fgov.be/dpics/fichiers/fr/doc16-1216.pdf,D:\ccecrb_downloads\note-documentaire\doc16-1216.pdf
note-documentaire,L'économie durable : moteur de compétitivité dans l'industrie agro-alimentaire - Approche conceptuelle,Alimentation,26/04/2016,https://www.ccecrb.fgov.be/p/fr/338/l-economie-durable-moteur-de-competitivite-dans-l-industrie-agro-alimentaire-approche-conceptuelle,https://www.ccecrb.fgov.be/dpics/fichiers/fr/doc16-1214.pdf,D:\ccecrb_downloads\note-documentaire\doc16-1214.pdf
note-documentaire,"L'économie durable : moteur de compétitivité dans l'industrie agro-alimentaire - Conclusions des études de cas : création de valeurs partagées chez Alpro, Belvas, Brouwerij Huyghe et Spadel",Alimentation,26/04/2016,https://www.ccecrb.fgov.be/p/fr/339/l-economie-durable-moteur-de-competitivite-dans-l-industrie-agro-alimentaire-conclusions-des-etudes-de-cas-creation-de-valeurs-partagees-chez-alpro-belvas-brouwerij-huyghe-et-spadel,https://www.ccecrb.fgov.be/dpics/fichiers/fr/doc16-912.pdf,D:\ccecrb_downloads\note-documentaire\doc16-912.pdf
note-documentaire,Études réalisées en 2015 par le secrétariat du CCE dans le cadre des travaux de la sous-commission « Rapport technique marge salariale » et conclusions des partenaires sociaux,Emploi et compétitivité,19/02/2016,https://www.ccecrb.fgov.be/p/fr/325/etudes-realisees-en-2015-par-le-secretariat-du-cce-dans-le-cadre-des-travaux-de-la-sous-commission-rapport-technique-marge-salariale-et-conclusions-des-partenaires-sociaux,https://www.ccecrb.fgov.be/dpics/fichiers/fr/doc16-525.pdf,D:\ccecrb_downloads\note-documentaire\doc16-525.pdf
note-documentaire,Contexte macroéconomique,Emploi et compétitivité,03/02/2016,https://www.ccecrb.fgov.be/p/fr/318/contexte-macroeconomique,https://www.ccecrb.fgov.be/dpics/fichiers/fr/doc16-509.pdf,D:\ccecrb_downloads\note-documentaire\doc16-509.pdf
note-documentaire,Taux d'emploi et évolution structurelle de l'emploi,Emploi et compétitivité,03/02/2016,https://www.ccecrb.fgov.be/p/fr/319/taux-d-emploi-et-evolution-structurelle-de-l-emploi,https://www.ccecrb.fgov.be/dpics/fichiers/fr/doc16-511.pdf,D:\ccecrb_downloads\note-documentaire\doc16-511.pdf
note-documentaire,Ontwikkeling van de koopkracht van de particulieren,Emploi et compétitivité,03/02/2016,https://www.ccecrb.fgov.be/p/fr/320/ontwikkeling-van-de-koopkracht-van-de-particulieren,https://www.ccecrb.fgov.be/dpics/fichiers/fr/doc16-513.pdf,D:\ccecrb_downloads\note-documentaire\doc16-513.pdf
note-documentaire,Consolidation budgétaire,Emploi et compétitivité,03/02/2016,https://www.ccecrb.fgov.be/p/fr/321/consolidation-budgetaire,https://www.ccecrb.fgov.be/dpics/fichiers/fr/doc16-515.pdf,D:\ccecrb_downloads\note-documentaire\doc16-515.pdf
note-documentaire,(Para)fiscalité 2015,Emploi et compétitivité,03/02/2016,https://www.ccecrb.fgov.be/p/fr/322/-para-fiscalite-2015,https://www.ccecrb.fgov.be/dpics/fichiers/fr/doc16-519.pdf,D:\ccecrb_downloads\note-documentaire\doc16-519.pdf
note-documentaire,Werkloosheidsverzekering,Emploi et compétitivité,03/02/2016,https://www.ccecrb.fgov.be/p/fr/323/werkloosheidsverzekering,https://www.ccecrb.fgov.be/dpics/fichiers/fr/doc16-521.pdf,D:\ccecrb_downloads\note-documentaire\doc16-521.pdf
note-documentaire,Belgium 2.0,Emploi et compétitivité,03/02/2016,https://www.ccecrb.fgov.be/p/fr/324/belgium-2-0,https://www.ccecrb.fgov.be/dpics/fichiers/fr/doc16-523.pdf,D:\ccecrb_downloads\note-documentaire\doc16-523.pdf
note-documentaire,Annexes au Rapport technique 2014 du secrétariat sur les marges maximales disponibles pour l’évolution du coût salarial,Emploi et compétitivité,03/06/2015,https://www.ccecrb.fgov.be/p/fr/302/annexes-au-rapport-technique-2014-du-secretariat-sur-les-marges-maximales-disponibles-pour-l-evolution-du-cout-salarial,https://www.ccecrb.fgov.be/dpics/fichiers/fr/doc15-1150.pdf,D:\ccecrb_downloads\note-documentaire\doc15-1150.pdf
note-documentaire,Résumé des CCT relatives aux défis structurels,Emploi et compétitivité,02/06/2015,https://www.ccecrb.fgov.be/p/fr/300/resume-des-cct-relatives-aux-defis-structurels,https://www.ccecrb.fgov.be/dpics/fichiers/fr/doc15-1010.pdf,D:\ccecrb_downloads\note-documentaire\doc15-1010.pdf
note-documentaire,Les mécanismes de coordination en vue de définir la position à défendre par la Belgique au Conseil de l’Union européenne,Emploi et compétitivité,21/04/2015,https://www.ccecrb.fgov.be/p/fr/296/les-mecanismes-de-coordination-en-vue-de-definir-la-position-a-defendre-par-la-belgique-au-conseil-de-l-union-europeenne,https://www.ccecrb.fgov.be/dpics/fichiers/fr/doc15-900.pdf,D:\ccecrb_downloads\note-documentaire\doc15-900.pdf
note-documentaire,L’accord du gouvernement fédéral et les déclarations de politique régionale : comparaison des volets énergie/climat et mobilité,Énergie,06/01/2015,https://www.ccecrb.fgov.be/p/fr/284/l-accord-du-gouvernement-federal-et-les-declarations-de-politique-regionale-comparaison-des-volets-energie-climat-et-mobilite,https://www.ccecrb.fgov.be/dpics/fichiers/fr/doc15-19.pdf,D:\ccecrb_downloads\note-documentaire\doc15-19.pdf
note-documentaire,Le système allemand d’enseignement en alternance,Emploi et compétitivité,16/09/2014,https://www.ccecrb.fgov.be/p/fr/279/le-systeme-allemand-d-enseignement-en-alternance,https://www.ccecrb.fgov.be/dpics/fichiers/fr/doc14-1599.pdf,D:\ccecrb_downloads\note-documentaire\doc14-1599.pdf
note-documentaire,Choix de la méthode d’estimation de la durée du travail dans le cadre du calcul du coût salarial horaire,Négociation salariale,19/08/2014,https://www.ccecrb.fgov.be/p/fr/273/choix-de-la-methode-d-estimation-de-la-duree-du-travail-dans-le-cadre-du-calcul-du-cout-salarial-horaire,https://www.ccecrb.fgov.be/dpics/fichiers/fr/doc14-945.pdf,D:\ccecrb_downloads\note-documentaire\doc14-945.pdf
note-documentaire,Les tensions sur le marché du travail,Emploi et compétitivité,28/07/2014,https://www.ccecrb.fgov.be/p/fr/274/les-tensions-sur-le-marche-du-travail,https://www.ccecrb.fgov.be/dpics/fichiers/fr/doc14-1380.pdf,D:\ccecrb_downloads\note-documentaire\doc14-1380.pdf
note-documentaire,Règlementation adéquate pour un bon fonctionnement des marchés,Emploi et compétitivité,25/07/2014,https://www.ccecrb.fgov.be/p/fr/271/reglementation-adequate-pour-un-bon-fonctionnement-des-marches,https://www.ccecrb.fgov.be/dpics/fichiers/fr/doc14-1127.pdf,D:\ccecrb_downloads\note-documentaire\doc14-1127.pdf
note-documentaire,La dégressivité renforcée des allocations de chômage belges,Emploi et compétitivité,19/02/2014,https://www.ccecrb.fgov.be/p/fr/260/la-degressivite-renforcee-des-allocations-de-chomage-belges,https://www.ccecrb.fgov.be/dpics/fichiers/fr/doc14-264.pdf,D:\ccecrb_downloads\note-documentaire\doc14-264.pdf
note-documentaire,Étude sur la compétitivité structurelle de l'industrie graphique,Papier,18/02/2014,https://www.ccecrb.fgov.be/p/fr/257/etude-sur-la-competitivite-structurelle-de-l-industrie-graphique,https://www.ccecrb.fgov.be/dpics/fichiers/fr/doc14-176.pdf,D:\ccecrb_downloads\note-documentaire\doc14-176.pdf
note-documentaire,Statistiques concernant les secteurs du Textile et l’Habillement,Textile,04/02/2014,https://www.ccecrb.fgov.be/p/fr/256/statistiques-concernant-les-secteurs-du-textile-et-l-habillement,https://www.ccecrb.fgov.be/dpics/fichiers/fr/doc14-147.pdf,D:\ccecrb_downloads\note-documentaire\doc14-147.pdf
note-documentaire,Choix de la méthode d’estimation de la durée du travail dans le cadre du calcul du coût salarial horaire,Négociation salariale,18/11/2013,https://www.ccecrb.fgov.be/p/fr/253/choix-de-la-methode-d-estimation-de-la-duree-du-travail-dans-le-cadre-du-calcul-du-cout-salarial-horaire,https://www.ccecrb.fgov.be/dpics/fichiers/fr/doc13-1394.pdf,D:\ccecrb_downloads\note-documentaire\doc13-1394.pdf
note-documentaire,"Étude sur le secteur belge de la viande : Coûts salariaux, rentabilité, structure financière et performances à l’exportation",Alimentation,23/10/2013,https://www.ccecrb.fgov.be/p/fr/247/etude-sur-le-secteur-belge-de-la-viande-couts-salariaux-rentabilite-structure-financiere-et-performances-a-l-exportation,https://www.ccecrb.fgov.be/dpics/fichiers/fr/doc13-1002.pdf,D:\ccecrb_downloads\note-documentaire\doc13-1002.pdf
note-documentaire,Le système de formation continue aux Pays-Bas,Emploi et compétitivité,31/05/2013,https://www.ccecrb.fgov.be/p/fr/238/le-systeme-de-formation-continue-aux-pays-bas,https://www.ccecrb.fgov.be/dpics/fichiers/fr/doc13-765.pdf,D:\ccecrb_downloads\note-documentaire\doc13-765.pdf
note-documentaire,Descriptif de 5 mesures d’emploi allemandes et belges,Emploi et compétitivité,19/03/2013,https://www.ccecrb.fgov.be/p/fr/229/descriptif-de-5-mesures-d-emploi-allemandes-et-belges,https://www.ccecrb.fgov.be/dpics/fichiers/fr/doc13-359.pdf,D:\ccecrb_downloads\note-documentaire\doc13-359.pdf
note-documentaire,Effets des changements (para)fiscaux sur l'évolution du salaire net à prix constants depuis 1996 : mise à jour des resultats,Emploi et compétitivité,07/03/2013,https://www.ccecrb.fgov.be/p/fr/226/effets-des-changements-para-fiscaux-sur-l-evolution-du-salaire-net-a-prix-constants-depuis-1996-mise-a-jour-des-resultats,https://www.ccecrb.fgov.be/dpics/fichiers/fr/doc13-291.pdf,D:\ccecrb_downloads\note-documentaire\doc13-291.pdf
note-documentaire,Gouvernance économique européenne : étapes et timing,Emploi et compétitivité,05/03/2013,https://www.ccecrb.fgov.be/p/fr/224/gouvernance-economique-europeenne-etapes-et-timing,https://www.ccecrb.fgov.be/dpics/fichiers/fr/doc13-277.pdf,D:\ccecrb_downloads\note-documentaire\doc13-277.pdf
note-documentaire,Nouvelles règles et instances de supervision pour le secteur financier,Emploi et compétitivité,05/03/2013,https://www.ccecrb.fgov.be/p/fr/225/nouvelles-regles-et-instances-de-supervision-pour-le-secteur-financier,https://www.ccecrb.fgov.be/dpics/fichiers/fr/doc13-278.pdf,D:\ccecrb_downloads\note-documentaire\doc13-278.pdf
note-documentaire,Definities Privésector,Emploi et compétitivité,31/01/2013,https://www.ccecrb.fgov.be/p/fr/221/definities-privesector,https://www.ccecrb.fgov.be/dpics/fichiers/fr/doc13-147.pdf,D:\ccecrb_downloads\note-documentaire\doc13-147.pdf
note-documentaire,Vers une transformation structurelle de l’économie,Emploi et compétitivité,25/10/2012,https://www.ccecrb.fgov.be/p/fr/216/vers-une-transformation-structurelle-de-l-economie,https://www.ccecrb.fgov.be/dpics/fichiers/fr/doc12-1220.pdf,D:\ccecrb_downloads\note-documentaire\doc12-1220.pdf
note-documentaire,"Statistiques concernant les secteurs du Textile et l’Habillement""",Textile,10/10/2012,https://www.ccecrb.fgov.be/p/fr/213/statistiques-concernant-les-secteurs-du-textile-et-l-habillement-,https://www.ccecrb.fgov.be/dpics/fichiers/fr/doc12-1062.pdf,D:\ccecrb_downloads\note-documentaire\doc12-1062.pdf
note-documentaire,L’impact sur le revenu des régimes de chômage en Belgique et dans les pays voisins,Emploi et compétitivité,04/09/2012,https://www.ccecrb.fgov.be/p/fr/209/l-impact-sur-le-revenu-des-regimes-de-chomage-en-belgique-et-dans-les-pays-voisins,https://www.ccecrb.fgov.be/dpics/fichiers/fr/doc12-899.pdf,D:\ccecrb_downloads\note-documentaire\doc12-899.pdf
note-documentaire,Différences de calcul de l’indice du coût de la main-d’œuvre,Emploi et compétitivité,12/07/2012,https://www.ccecrb.fgov.be/p/fr/204/differences-de-calcul-de-l-indice-du-cout-de-la-main-d-uvre,https://www.ccecrb.fgov.be/dpics/fichiers/fr/doc12-781.pdf,D:\ccecrb_downloads\note-documentaire\doc12-781.pdf
note-documentaire,Part salariale : note méthodologique,Emploi et compétitivité,12/07/2012,https://www.ccecrb.fgov.be/p/fr/205/part-salariale-note-methodologique,https://www.ccecrb.fgov.be/dpics/fichiers/fr/doc12-779.pdf,D:\ccecrb_downloads\note-documentaire\doc12-779.pdf
note-documentaire,Suivi des avis portant sur la R&D et l’innovation,Emploi et compétitivité,04/06/2012,https://www.ccecrb.fgov.be/p/fr/207/suivi-des-avis-portant-sur-la-r-d-et-l-innovation,https://www.ccecrb.fgov.be/dpics/fichiers/fr/doc12-577.pdf,D:\ccecrb_downloads\note-documentaire\doc12-577.pdf
note-documentaire,Méthodologies utilisées pour le calcul des taux d’imposition implicites,Emploi et compétitivité,02/03/2012,https://www.ccecrb.fgov.be/p/fr/199/methodologies-utilisees-pour-le-calcul-des-taux-d-imposition-implicites,https://www.ccecrb.fgov.be/dpics/fichiers/fr/doc12-224.pdf,D:\ccecrb_downloads\note-documentaire\doc12-224.pdf
note-documentaire,"La productivité du travail, en Belgique et dans les trois pays voisins",Emploi et compétitivité,23/01/2012,https://www.ccecrb.fgov.be/p/fr/195/la-productivite-du-travail-en-belgique-et-dans-les-trois-pays-voisins,https://www.ccecrb.fgov.be/dpics/fichiers/fr/doc12-88.pdf,D:\ccecrb_downloads\note-documentaire\doc12-88.pdf
note-documentaire,Statistiques concernant les secteurs du Textile et l’Habillement,Textile,18/11/2011,https://www.ccecrb.fgov.be/p/fr/184/statistiques-concernant-les-secteurs-du-textile-et-l-habillement,https://www.ccecrb.fgov.be/dpics/fichiers/fr/doc11-1218.pdf,D:\ccecrb_downloads\note-documentaire\doc11-1218.pdf
note-documentaire,Les défis de la compétitivité en Belgique,Emploi et compétitivité,20/09/2011,https://www.ccecrb.fgov.be/p/fr/189/les-defis-de-la-competitivite-en-belgique,https://www.ccecrb.fgov.be/dpics/fichiers/fr/doc11-809.pdf,D:\ccecrb_downloads\note-documentaire\doc11-809.pdf
note-documentaire,Analyse du système des avantages non récurrents liés aux résultats - Actualisation,Emploi et compétitivité,14/06/2011,https://www.ccecrb.fgov.be/p/fr/174/analyse-du-systeme-des-avantages-non-recurrents-lies-aux-resultats-actualisation,https://www.ccecrb.fgov.be/dpics/fichiers/fr/doc11-679.pdf,D:\ccecrb_downloads\note-documentaire\doc11-679.pdf
note-documentaire,Les pièges financiers du chômage en Belgique en 2010,Emploi et compétitivité,08/03/2011,https://www.ccecrb.fgov.be/p/fr/164/les-pieges-financiers-du-chomage-en-belgique-en-2010,https://www.ccecrb.fgov.be/dpics/fichiers/fr/doc11-189.pdf,D:\ccecrb_downloads\note-documentaire\doc11-189.pdf
note-documentaire,Statistiques concernant les pensions complémentaires en Belgique : état des lieux,Emploi et compétitivité,15/02/2011,https://www.ccecrb.fgov.be/p/fr/168/statistiques-concernant-les-pensions-complementaires-en-belgique-etat-des-lieux,https://www.ccecrb.fgov.be/dpics/fichiers/fr/doc11-177.pdf,D:\ccecrb_downloads\note-documentaire\doc11-177.pdf
note-documentaire,Étude sur la compétitivité du secteur belge des services aux entreprises,Emploi et compétitivité,08/02/2011,https://www.ccecrb.fgov.be/p/fr/161/etude-sur-la-competitivite-du-secteur-belge-des-services-aux-entreprises,https://www.ccecrb.fgov.be/dpics/fichiers/fr/doc11-153.pdf,D:\ccecrb_downloads\note-documentaire\doc11-153.pdf
note-documentaire,Nouvelles compétences pour des nouveaux métiers,Emploi et compétitivité,24/01/2011,https://www.ccecrb.fgov.be/p/fr/160/nouvelles-competences-pour-des-nouveaux-metiers,https://www.ccecrb.fgov.be/dpics/fichiers/fr/doc11-81.pdf,D:\ccecrb_downloads\note-documentaire\doc11-81.pdf
note-documentaire,Statistiques concernant les secteurs du textile et de l'habillement,Textile,08/11/2010,https://www.ccecrb.fgov.be/p/fr/152/statistiques-concernant-les-secteurs-du-textile-et-de-l-habillement,https://www.ccecrb.fgov.be/dpics/fichiers/fr/doc10-1611.pdf,D:\ccecrb_downloads\note-documentaire\doc10-1611.pdf
note-documentaire,Etude sur la compétitivité dans l'industrie alimentaire belge,Alimentation,22/10/2010,https://www.ccecrb.fgov.be/p/fr/153/etude-sur-la-competitivite-dans-l-industrie-alimentaire-belge,https://www.ccecrb.fgov.be/dpics/fichiers/fr/doc10-1271.pdf,D:\ccecrb_downloads\note-documentaire\doc10-1271.pdf
note-documentaire,Étude sur la compétitivité dans le secteur de la distribution,Distribution,20/09/2010,https://www.ccecrb.fgov.be/p/fr/150/etude-sur-la-competitivite-dans-le-secteur-de-la-distribution,https://www.ccecrb.fgov.be/dpics/fichiers/fr/doc10-1290.pdf,D:\ccecrb_downloads\note-documentaire\doc10-1290.pdf
note-documentaire,Effets des changements (para)fiscaux sur l'évolution du salaire net à prix constants entre 1996 et 2009: globalisation des résultats,Emploi et compétitivité,14/09/2010,https://www.ccecrb.fgov.be/p/fr/146/effets-des-changements-para-fiscaux-sur-l-evolution-du-salaire-net-a-prix-constants-entre-1996-et-2009-globalisation-des-resultats,https://www.ccecrb.fgov.be/dpics/fichiers/fr/doc10-1261.pdf,D:\ccecrb_downloads\note-documentaire\doc10-1261.pdf
note-documentaire,L’entrepreneuriat en Belgique : problèmes et défis,Emploi et compétitivité,16/08/2010,https://www.ccecrb.fgov.be/p/fr/145/l-entrepreneuriat-en-belgique-problemes-et-defis,https://www.ccecrb.fgov.be/dpics/fichiers/fr/doc10-1158.pdf,D:\ccecrb_downloads\note-documentaire\doc10-1158.pdf
note-documentaire,Analyse du système des avantages non récurrents liés aux résultats,Emploi et compétitivité,01/03/2010,https://www.ccecrb.fgov.be/p/fr/134/analyse-du-systeme-des-avantages-non-recurrents-lies-aux-resultats,https://www.ccecrb.fgov.be/dpics/fichiers/fr/doc10-395.pdf,D:\ccecrb_downloads\note-documentaire\doc10-395.pdf
note-documentaire,HIVA studie : Loondrift in België sinds de invoering van de loonnorm,Négociation salariale,25/02/2010,https://www.ccecrb.fgov.be/p/fr/139/hiva-studie-loondrift-in-belgie-sinds-de-invoering-van-de-loonnorm,https://www.ccecrb.fgov.be/dpics/fichiers/fr/doc10-371.pdf,D:\ccecrb_downloads\note-documentaire\doc10-371.pdf
note-documentaire,Effets des changements (para)fiscaux sur l'évolution du salaire net à prix constants entre 1996 et 2009,Emploi et compétitivité,15/02/2010,https://www.ccecrb.fgov.be/p/fr/140/effets-des-changements-para-fiscaux-sur-l-evolution-du-salaire-net-a-prix-constants-entre-1996-et-2009,https://www.ccecrb.fgov.be/dpics/fichiers/fr/doc10-185.pdf,D:\ccecrb_downloads\note-documentaire\doc10-185.pdf
note-documentaire,Etude sur la structure des coûts de production de l'économie,Emploi et compétitivité,18/01/2010,https://www.ccecrb.fgov.be/p/fr/141/etude-sur-la-structure-des-couts-de-production-de-l-economie,https://www.ccecrb.fgov.be/dpics/fichiers/fr/doc10-114.pdf,D:\ccecrb_downloads\note-documentaire\doc10-114.pdf
note-documentaire,Note méthodologique : Marché du travail -Concepts et définitions,Emploi et compétitivité,17/11/2009,https://www.ccecrb.fgov.be/p/fr/118/note-methodologique-marche-du-travail-concepts-et-definitions,https://www.ccecrb.fgov.be/dpics/fichiers/fr/doc09-1585.pdf,D:\ccecrb_downloads\note-documentaire\doc09-1585.pdf
note-documentaire,Les incitants financiers à la reprise du travail pour les chômeurs et bénéficiaires du revenu d'intégration en Belgique: hier et aujourd'hui,Emploi et compétitivité,13/11/2009,https://www.ccecrb.fgov.be/p/fr/120/les-incitants-financiers-a-la-reprise-du-travail-pour-les-chomeurs-et-beneficiaires-du-revenu-d-integration-en-belgique-hier-et-aujourd-hui,https://www.ccecrb.fgov.be/dpics/fichiers/fr/doc09-1486.pdf,D:\ccecrb_downloads\note-documentaire\doc09-1486.pdf
note-documentaire,Note méthodologique formation continue,Emploi et compétitivité,29/10/2009,https://www.ccecrb.fgov.be/p/fr/119/note-methodologique-formation-continue,https://www.ccecrb.fgov.be/dpics/fichiers/fr/doc09-1491.pdf,D:\ccecrb_downloads\note-documentaire\doc09-1491.pdf
note-documentaire,Note méthodologique relative aux prévisions en matière de durée du travail et de coût salarial 2009-2010,Négociation salariale,27/10/2009,https://www.ccecrb.fgov.be/p/fr/117/note-methodologique-relative-aux-previsions-en-matiere-de-duree-du-travail-et-de-cout-salarial-2009-2010,https://www.ccecrb.fgov.be/dpics/fichiers/fr/doc09-1451.pdf,D:\ccecrb_downloads\note-documentaire\doc09-1451.pdf
note-documentaire,La mobilité géographique de la main-d'œuvre,Emploi et compétitivité,07/10/2009,https://www.ccecrb.fgov.be/p/fr/121/la-mobilite-geographique-de-la-main-d-uvre,https://www.ccecrb.fgov.be/dpics/fichiers/fr/doc09-1249.pdf,D:\ccecrb_downloads\note-documentaire\doc09-1249.pdf
note-documentaire,Statistiques concernant le secteur du textile et de l’habillement 1973 – 2007,Textile,17/07/2009,https://www.ccecrb.fgov.be/p/fr/104/statistiques-concernant-le-secteur-du-textile-et-de-l-habillement-1973-2007,https://www.ccecrb.fgov.be/dpics/fichiers/fr/doc09-955.pdf,D:\ccecrb_downloads\note-documentaire\doc09-955.pdf
note-documentaire,Analyse des mécanismes de formation des salaires en Belgique : typologie descriptive des négociations collectives du coût salarial,Négociation salariale,08/07/2009,https://www.ccecrb.fgov.be/p/fr/105/analyse-des-mecanismes-de-formation-des-salaires-en-belgique-typologie-descriptive-des-negociations-collectives-du-cout-salarial,https://www.ccecrb.fgov.be/dpics/fichiers/fr/doc09-1064.pdf,D:\ccecrb_downloads\note-documentaire\doc09-1064.pdf
note-documentaire,Analyse des mécanismes de formation des salaires en Belgique : résultats de l’enquête,Négociation salariale,30/06/2009,https://www.ccecrb.fgov.be/p/fr/106/analyse-des-mecanismes-de-formation-des-salaires-en-belgique-resultats-de-l-enquete,https://www.ccecrb.fgov.be/dpics/fichiers/fr/doc09-1065.pdf,D:\ccecrb_downloads\note-documentaire\doc09-1065.pdf
note-documentaire,L'inflation dans une perspective internationale,Emploi et compétitivité,25/03/2009,https://www.ccecrb.fgov.be/p/fr/95/l-inflation-dans-une-perspective-internationale,https://www.ccecrb.fgov.be/dpics/fichiers/fr/doc09-567.pdf,D:\ccecrb_downloads\note-documentaire\doc09-567.pdf
note-documentaire,Les efforts de formation dans l’industrie alimentaire,Alimentation,04/03/2009,https://www.ccecrb.fgov.be/p/fr/85/les-efforts-de-formation-dans-l-industrie-alimentaire,https://www.ccecrb.fgov.be/dpics/fichiers/fr/doc09-379.pdf,D:\ccecrb_downloads\note-documentaire\doc09-379.pdf
note-documentaire,L'innovation dans le secteur de l'alimentation,Alimentation,29/01/2009,https://www.ccecrb.fgov.be/p/fr/80/l-innovation-dans-le-secteur-de-l-alimentation,https://www.ccecrb.fgov.be/dpics/fichiers/fr/doc09-160.pdf,D:\ccecrb_downloads\note-documentaire\doc09-160.pdf
note-documentaire,Étude sur la compétitivité structurelle de l'industrie textile belge,Textile,15/12/2008,https://www.ccecrb.fgov.be/p/fr/607/etude-sur-la-competitivite-structurelle-de-l-industrie-textile-belge,https://www.ccecrb.fgov.be/dpics/fichiers/2019-02-08-12-59-41_doc081710fr.pdf,D:\ccecrb_downloads\note-documentaire\2019-02-08-12-59-41_doc081710fr.pdf
note-documentaire,Formation professionnelle continue : les efforts des branches et des secteurs,Emploi et compétitivité,01/11/2008,https://www.ccecrb.fgov.be/p/fr/114/formation-professionnelle-continue-les-efforts-des-branches-et-des-secteurs,https://www.ccecrb.fgov.be/dpics/fichiers/fr/doc08-873.pdf,D:\ccecrb_downloads\note-documentaire\doc08-873.pdf
note-documentaire,"Formation professionnelle continue en Belgique : avantages, organisation et enjeux",Emploi et compétitivité,01/08/2007,https://www.ccecrb.fgov.be/p/fr/115/formation-professionnelle-continue-en-belgique-avantages-organisation-et-enjeux,https://www.ccecrb.fgov.be/dpics/fichiers/fr/doc07-854.pdf,D:\ccecrb_downloads\note-documentaire\doc07-854.pdf
note-documentaire,Évaluation des efforts de formation professionnelle continue en faveur des groupes à risque et des travailleurs du secteur privé,Emploi et compétitivité,01/08/2007,https://www.ccecrb.fgov.be/p/fr/116/evaluation-des-efforts-de-formation-professionnelle-continue-en-faveur-des-groupes-a-risque-et-des-travailleurs-du-secteur-prive,https://www.ccecrb.fgov.be/dpics/fichiers/fr/doc07-855.pdf,D:\ccecrb_downloads\note-documentaire\doc07-855.pdf
article,Droit de la concurrence et durabilité : vers une conciliation nécessaire,Concurrence,29/10/2025,https://www.ccecrb.fgov.be/p/fr/1312/droit-de-la-concurrence-et-durabilite-vers-une-conciliation-necessaire,https://www.ccecrb.fgov.be/dpics/fichiers/2025-10-29-12-56-28_CCE20252050Droitdelaconcurrenceetdurabilité.pdf,D:\ccecrb_downloads\article\2025-10-29-12-56-28_CCE20252050Droitdelaconcurrenceetdurabilité.pdf
article,L’impact du paquet de simplification Omnibus sur les directives CSRD et CSDDD,Organisation de l'économie,24/04/2025,https://www.ccecrb.fgov.be/p/fr/1277/l-impact-du-paquet-de-simplification-omnibus-sur-les-directives-csrd-et-csddd,https://www.ccecrb.fgov.be/dpics/fichiers/2025-04-24-04-24-01_CCE20250839L’impactdupaquetdesimplificationOmnibussurlesdirectivesCSRDetCSDDD.pdf,D:\ccecrb_downloads\article\2025-04-24-04-24-01_CCE20250839L’impactdupaquetdesimplificationOmnibussurlesdirectivesCSRDetCSDDD.pdf
article,La capacité de l’infrastructure ferroviaire face aux ambitions d’un « transfert modal » vers le rail,Mobilité,16/09/2024,https://www.ccecrb.fgov.be/p/fr/1210/la-capacite-de-l-infrastructure-ferroviaire-face-aux-ambitions-d-un-transfert-modal-vers-le-rail,https://www.ccecrb.fgov.be/dpics/fichiers/2024-08-08-12-10-54_Lacapacitédel’infrastructureferroviairefaceauxambitionsd’un«transfertmodal»verslerail.pdf,D:\ccecrb_downloads\article\2024-08-08-12-10-54_Lacapacitédel’infrastructureferroviairefaceauxambitionsd’un«transfertmodal»verslerail.pdf
article,Progrès et obstacles dans la mise en place d’un système intégré de transports en commun,Mobilité,16/09/2024,https://www.ccecrb.fgov.be/p/fr/1211/progres-et-obstacles-dans-la-mise-en-place-d-un-systeme-integre-de-transports-en-commun,https://www.ccecrb.fgov.be/dpics/fichiers/2024-09-05-10-12-11_ArticleProgrèsetobstaclesdanslamiseenplacedunsystèmeintégrédetransportsencommunDEF.pdf,D:\ccecrb_downloads\article\2024-09-05-10-12-11_ArticleProgrèsetobstaclesdanslamiseenplacedunsystèmeintégrédetransportsencommunDEF.pdf
article,Zoom sur l’exemple suisse d’un système intégré de transports en commun,Mobilité,16/09/2024,https://www.ccecrb.fgov.be/p/fr/1212/zoom-sur-l-exemple-suisse-d-un-systeme-integre-de-transports-en-commun,https://www.ccecrb.fgov.be/dpics/fichiers/2024-08-08-12-49-37_ArticleZoomsurl’exemplesuissed’unsystèmeintégrédetransportsencommun.pdf,D:\ccecrb_downloads\article\2024-08-08-12-49-37_ArticleZoomsurl’exemplesuissed’unsystèmeintégrédetransportsencommun.pdf
article,Feuille de route d'Integrato pour un système intégré de transports en commun en Belgique,Mobilité,16/09/2024,https://www.ccecrb.fgov.be/p/fr/1213/feuille-de-route-d-integrato-pour-un-systeme-integre-de-transports-en-commun-en-belgique,https://www.ccecrb.fgov.be/dpics/fichiers/2024-08-08-01-05-01_Feuillederouted'IntegratopourunsystèmeintégrédetransportsencommunenBelgiqueversiondéfinitivearticleFR.pdf,D:\ccecrb_downloads\article\2024-08-08-01-05-01_Feuillederouted'IntegratopourunsystèmeintégrédetransportsencommunenBelgiqueversiondéfinitivearticleFR.pdf
article,Fiscalité et parafiscalité des déplacements domicile-travail,Mobilité,29/07/2024,https://www.ccecrb.fgov.be/p/fr/1209/fiscalite-et-parafiscalite-des-deplacements-domicile-travail,https://www.ccecrb.fgov.be/dpics/fichiers/2025-02-03-02-52-36_Fiscalitéetparafiscalitédesdéplacementsdomiciletravail.pdf,D:\ccecrb_downloads\article\2025-02-03-02-52-36_Fiscalitéetparafiscalitédesdéplacementsdomiciletravail.pdf
article,Fiscalité et parafiscalité des déplacements domicile-travail,Mobilité,29/07/2024,https://www.ccecrb.fgov.be/p/fr/1209/fiscalite-et-parafiscalite-des-deplacements-domicile-travail,https://www.ccecrb.fgov.be/dpics/fichiers/2024-08-08-11-10-41_Articlefiscalit%C3%A9etparafiscalit%C3%A9trajetsdomiciletravail2020.pdf,D:\ccecrb_downloads\article\2024-08-08-11-10-41_Articlefiscalit%C3%A9etparafiscalit%C3%A9trajetsdomiciletravail2020.pdf
article,Fiscalité et parafiscalité des déplacements domicile-travail,Mobilité,29/07/2024,https://www.ccecrb.fgov.be/p/fr/1209/fiscalite-et-parafiscalite-des-deplacements-domicile-travail,https://www.ccecrb.fgov.be/dpics/fichiers/2024-09-19-11-10-18_La(para)fiscalit%C3%A9unlevierpourunemobilit%C3%A9plusdurableetmultimodaleversiond%C3%A9finitive19.09.2024.pdf,D:\ccecrb_downloads\article\2024-09-19-11-10-18_La(para)fiscalit%C3%A9unlevierpourunemobilit%C3%A9plusdurableetmultimodaleversiond%C3%A9finitive19.09.2024.pdf
article,Check-list relative à la sécurité et au bien-être du travailleur-cycliste,Mobilité,27/02/2024,https://www.ccecrb.fgov.be/p/fr/1156/check-list-relative-a-la-securite-et-au-bien-etre-du-travailleur-cycliste,https://www.ccecrb.fgov.be/dpics/fichiers/2024-02-27-02-34-44_doc240616fr.pdf,D:\ccecrb_downloads\article\2024-02-27-02-34-44_doc240616fr.pdf
article,Budget mobilité : des modifications à partir du 1er janvier 2024,Mobilité,03/01/2024,https://www.ccecrb.fgov.be/p/fr/1139/budget-mobilite-des-modifications-a-partir-du-1er-janvier-2024,https://www.ccecrb.fgov.be/dpics/fichiers/2024-01-03-01-47-52_03012024articlebudgetmobilité.pdf,D:\ccecrb_downloads\article\2024-01-03-01-47-52_03012024articlebudgetmobilité.pdf
article,"La création du Conseil central de l’économie, son rôle et son évolution au sein du système institutionnel et démocratique belge",75ème anniversaire,05/12/2023,https://www.ccecrb.fgov.be/p/fr/1127/la-creation-du-conseil-central-de-l-economie-son-role-et-son-evolution-au-sein-du-systeme-institutionnel-et-democratique-belge,https://www.ccecrb.fgov.be/dpics/fichiers/2024-02-13-04-32-40_DirkLuyten75ansduConseilcentraldel’économieoriginesetévolutiondurôled'unorganedeconcertationéconomique.pdf,D:\ccecrb_downloads\article\2024-02-13-04-32-40_DirkLuyten75ansduConseilcentraldel’économieoriginesetévolutiondurôled'unorganedeconcertationéconomique.pdf
article,"Quel est le rôle de la concertation sociale dans le monde d’aujourd’hui, dans notre XXIe siècle riche en incertitudes ?",75ème anniversaire,05/12/2023,https://www.ccecrb.fgov.be/p/fr/1128/quel-est-le-role-de-la-concertation-sociale-dans-le-monde-d-aujourd-hui-dans-notre-xxie-siecle-riche-en-incertitudes-,https://www.ccecrb.fgov.be/dpics/fichiers/2024-01-17-10-00-54_evelyneleonardleroledudialoguesocialauxxiesiecledansuncontextedeprofondesmutationsdefisetenjeux.pdf,D:\ccecrb_downloads\article\2024-01-17-10-00-54_evelyneleonardleroledudialoguesocialauxxiesiecledansuncontextedeprofondesmutationsdefisetenjeux.pdf
article,L’utilisation de la mobilité partagée par le navetteur,Mobilité,15/09/2023,https://www.ccecrb.fgov.be/p/fr/1089/l-utilisation-de-la-mobilite-partagee-par-le-navetteur,https://www.ccecrb.fgov.be/dpics/fichiers/2023-09-15-02-39-09_1_mobilité_partagée_demande.pdf,D:\ccecrb_downloads\article\2023-09-15-02-39-09_1_mobilité_partagée_demande.pdf
article,L’offre de mobilité partagée,Mobilité,15/09/2023,https://www.ccecrb.fgov.be/p/fr/1090/l-offre-de-mobilite-partagee,https://www.ccecrb.fgov.be/dpics/fichiers/2023-09-15-02-40-46_2_mobilité_partagée_offre.docx.pdf,D:\ccecrb_downloads\article\2023-09-15-02-40-46_2_mobilité_partagée_offre.docx.pdf
article,"La mobilité partagée, un levier pour un transfert modal durable ?",Mobilité,15/09/2023,https://www.ccecrb.fgov.be/p/fr/1091/la-mobilite-partagee-un-levier-pour-un-transfert-modal-durable-,https://www.ccecrb.fgov.be/dpics/fichiers/2023-09-15-02-42-59_3_mobilité_partagée_shift_modal.pdf,D:\ccecrb_downloads\article\2023-09-15-02-42-59_3_mobilité_partagée_shift_modal.pdf
article,Vélos en libre-service aux Pays-Bas,Mobilité,15/09/2023,https://www.ccecrb.fgov.be/p/fr/1092/velos-en-libre-service-aux-pays-bas,https://www.ccecrb.fgov.be/dpics/fichiers/2023-09-15-02-45-17_4_mobilité_partagée_OVfiets.pdf,D:\ccecrb_downloads\article\2023-09-15-02-45-17_4_mobilité_partagée_OVfiets.pdf
article,Zones d’activités économiques et mobilité partagée,Mobilité,15/09/2023,https://www.ccecrb.fgov.be/p/fr/1093/zones-d-activites-economiques-et-mobilite-partagee,https://www.ccecrb.fgov.be/dpics/fichiers/2023-09-15-02-47-20_5_mobilité_partagée_entreprises.docx.pdf,D:\ccecrb_downloads\article\2023-09-15-02-47-20_5_mobilité_partagée_entreprises.docx.pdf
article,"La mobilité partagée, une option pour tous ?",Mobilité,15/09/2023,https://www.ccecrb.fgov.be/p/fr/1094/la-mobilite-partagee-une-option-pour-tous-,https://www.ccecrb.fgov.be/dpics/fichiers/2023-09-15-02-49-10_6_mobilité_partagée_pour_tous.docx.pdf,D:\ccecrb_downloads\article\2023-09-15-02-49-10_6_mobilité_partagée_pour_tous.docx.pdf
article,L'Autriche mise sur le « Klimaticket Ö »,Mobilité,12/09/2023,https://www.ccecrb.fgov.be/p/fr/932/l-autriche-mise-sur-le-klimaticket-o-,https://www.ccecrb.fgov.be/dpics/fichiers/2023-09-19-11-38-23_KlimaticketFR.pdf,D:\ccecrb_downloads\article\2023-09-19-11-38-23_KlimaticketFR.pdf
article,L'Autriche mise sur le « Klimaticket Ö »,Mobilité,12/09/2023,https://www.ccecrb.fgov.be/p/fr/932/l-autriche-mise-sur-le-klimaticket-o-,https://www.ccecrb.fgov.be/dpics/fichiers/2023-09-19-11-38-23_KlimaticketFR.pdf#page=6,D:\ccecrb_downloads\article\2023-09-19-11-38-23_KlimaticketFR.pdf
article,L'Autriche mise sur le « Klimaticket Ö »,Mobilité,12/09/2023,https://www.ccecrb.fgov.be/p/fr/932/l-autriche-mise-sur-le-klimaticket-o-,https://www.ccecrb.fgov.be/dpics/fichiers/2023-09-19-11-38-23_KlimaticketFR.pdf#page=2,D:\ccecrb_downloads\article\2023-09-19-11-38-23_KlimaticketFR.pdf
article,L'Autriche mise sur le « Klimaticket Ö »,Mobilité,12/09/2023,https://www.ccecrb.fgov.be/p/fr/932/l-autriche-mise-sur-le-klimaticket-o-,https://www.ccecrb.fgov.be/dpics/fichiers/2023-09-19-11-38-23_KlimaticketFR.pdf#page=4,D:\ccecrb_downloads\article\2023-09-19-11-38-23_KlimaticketFR.pdf
article,Il reste du travail à accomplir pour combiner le train et le vélo,Mobilité,15/09/2022,https://www.ccecrb.fgov.be/p/fr/1003/il-reste-du-travail-a-accomplir-pour-combiner-le-train-et-le-velo,https://www.ccecrb.fgov.be/dpics/fichiers/2022-09-13-02-36-47_2_complémentarité_train_vélo.pdf,D:\ccecrb_downloads\article\2022-09-13-02-36-47_2_complémentarité_train_vélo.pdf
article,Impact de la hausse des prix du carburant sur les déplacements domicile-travail,Mobilité,15/09/2022,https://www.ccecrb.fgov.be/p/fr/1004/impact-de-la-hausse-des-prix-du-carburant-sur-les-deplacements-domicile-travail,https://www.ccecrb.fgov.be/dpics/fichiers/2022-09-14-11-05-51_1_Impact_fr.pdf,D:\ccecrb_downloads\article\2022-09-14-11-05-51_1_Impact_fr.pdf
article,Changements (para)fiscaux pour une mobilité plus durable et multimodale,Mobilité,15/09/2022,https://www.ccecrb.fgov.be/p/fr/1005/changements-para-fiscaux-pour-une-mobilite-plus-durable-et-multimodale,https://www.ccecrb.fgov.be/dpics/fichiers/2022-09-16-11-01-49_changements.pdf,D:\ccecrb_downloads\article\2022-09-16-11-01-49_changements.pdf
article,Les indemnités pour les déplacements professionnels et leur traitement (para)fiscal,Mobilité,15/09/2022,https://www.ccecrb.fgov.be/p/fr/1006/les-indemnites-pour-les-deplacements-professionnels-et-leur-traitement-para-fiscal,https://www.ccecrb.fgov.be/dpics/fichiers/2022-09-15-08-51-21_déplacements_professionnels.pdf,D:\ccecrb_downloads\article\2022-09-15-08-51-21_déplacements_professionnels.pdf
article,Fiscalité et parafiscalité des déplacements domicile-travail,Mobilité,15/09/2022,https://www.ccecrb.fgov.be/p/fr/756/fiscalite-et-parafiscalite-des-deplacements-domicile-travail,https://www.ccecrb.fgov.be/dpics/fichiers/2022-09-14-04-30-52_(para)fiscal_fr.pdf,D:\ccecrb_downloads\article\2022-09-14-04-30-52_(para)fiscal_fr.pdf
article,Des pièges fiscaux en cas de chômage ?,Emploi et compétitivité,18/03/2021,https://www.ccecrb.fgov.be/p/fr/836/des-pieges-fiscaux-en-cas-de-chomage-,https://www.ccecrb.fgov.be/dpics/fichiers/2021-03-18-03-59-24_Fiscalevallenwerkloosheidsuitkering.pdf,D:\ccecrb_downloads\article\2021-03-18-03-59-24_Fiscalevallenwerkloosheidsuitkering.pdf
article,L’avenir des chemins de fer belges,Mobilité,02/02/2021,https://www.ccecrb.fgov.be/p/fr/821/l-avenir-des-chemins-de-fer-belges,https://www.ccecrb.fgov.be/dpics/fichiers/2021-02-02-07-47-18_toekomst_belgische_spoorwegen.pdf,D:\ccecrb_downloads\article\2021-02-02-07-47-18_toekomst_belgische_spoorwegen.pdf
article,La crise du coronavirus et notre comportement en matière de mobilité,Mobilité,23/11/2020,https://www.ccecrb.fgov.be/p/fr/789/la-crise-du-coronavirus-et-notre-comportement-en-matiere-de-mobilite,https://www.ccecrb.fgov.be/dpics/fichiers/2020-11-23-03-20-11_la_crise_du_coronavirus_et_notre_comportement_en_matiere_de_mobilite.pdf,D:\ccecrb_downloads\article\2020-11-23-03-20-11_la_crise_du_coronavirus_et_notre_comportement_en_matiere_de_mobilite.pdf
article,La crise du coronavirus et notre comportement en matière de mobilité,Mobilité,23/11/2020,https://www.ccecrb.fgov.be/p/fr/789/la-crise-du-coronavirus-et-notre-comportement-en-matiere-de-mobilite,https://www.ccecrb.fgov.be/dpics/fichiers/2020-11-20-11-05-14_Dobruszkes_interview.pdf,D:\ccecrb_downloads\article\2020-11-20-11-05-14_Dobruszkes_interview.pdf
article,La crise du coronavirus et notre comportement en matière de mobilité,Mobilité,23/11/2020,https://www.ccecrb.fgov.be/p/fr/789/la-crise-du-coronavirus-et-notre-comportement-en-matiere-de-mobilite,https://www.ccecrb.fgov.be/dpics/fichiers/2020-11-20-11-02-56_DeBorger_interview.pdf,D:\ccecrb_downloads\article\2020-11-20-11-02-56_DeBorger_interview.pdf
article,La crise du coronavirus et notre comportement en matière de mobilité,Mobilité,23/11/2020,https://www.ccecrb.fgov.be/p/fr/789/la-crise-du-coronavirus-et-notre-comportement-en-matiere-de-mobilite,https://www.ccecrb.fgov.be/dpics/fichiers/2020-11-20-10-57-57_Cornelis_interview.pdf,D:\ccecrb_downloads\article\2020-11-20-10-57-57_Cornelis_interview.pdf
article,La crise du coronavirus et notre comportement en matière de mobilité,Mobilité,23/11/2020,https://www.ccecrb.fgov.be/p/fr/789/la-crise-du-coronavirus-et-notre-comportement-en-matiere-de-mobilite,https://www.ccecrb.fgov.be/dpics/fichiers/2020-11-20-11-07-25_Hubert_interview.pdf,D:\ccecrb_downloads\article\2020-11-20-11-07-25_Hubert_interview.pdf
article,La crise du coronavirus et notre comportement en matière de mobilité,Mobilité,23/11/2020,https://www.ccecrb.fgov.be/p/fr/789/la-crise-du-coronavirus-et-notre-comportement-en-matiere-de-mobilite,https://www.ccecrb.fgov.be/dpics/fichiers/2020-11-20-11-00-24_Proost_interview.pdf,D:\ccecrb_downloads\article\2020-11-20-11-00-24_Proost_interview.pdf
article,La crise du coronavirus et notre comportement en matière de mobilité,Mobilité,23/11/2020,https://www.ccecrb.fgov.be/p/fr/789/la-crise-du-coronavirus-et-notre-comportement-en-matiere-de-mobilite,https://www.ccecrb.fgov.be/dpics/fichiers/2020-11-20-11-13-27_Lauwers_interview.pdf,D:\ccecrb_downloads\article\2020-11-20-11-13-27_Lauwers_interview.pdf
article,La crise du coronavirus et notre comportement en matière de mobilité,Mobilité,23/11/2020,https://www.ccecrb.fgov.be/p/fr/789/la-crise-du-coronavirus-et-notre-comportement-en-matiere-de-mobilite,https://www.ccecrb.fgov.be/dpics/fichiers/2020-11-20-11-10-31_Keseru_interview.pdf,D:\ccecrb_downloads\article\2020-11-20-11-10-31_Keseru_interview.pdf
article,Brexit : existe-t-il encore un espoir ?,Emploi et compétitivité,29/10/2020,https://www.ccecrb.fgov.be/p/fr/783/brexit-existe-t-il-encore-un-espoir-,https://www.ccecrb.fgov.be/dpics/fichiers/2020-10-29-12-07-57_Brexit_situation_201028.pdf,D:\ccecrb_downloads\article\2020-10-29-12-07-57_Brexit_situation_201028.pdf
article,"À vélo au boulot, une pratique en hausse",Mobilité,15/05/2020,https://www.ccecrb.fgov.be/p/fr/754/a-velo-au-boulot-une-pratique-en-hausse,https://www.ccecrb.fgov.be/dpics/fichiers/2020-05-12-04-39-58_vélo.pdf,D:\ccecrb_downloads\article\2020-05-12-04-39-58_vélo.pdf
article,Les déplacements domicile-travail en Belgique,Mobilité,15/05/2020,https://www.ccecrb.fgov.be/p/fr/755/les-deplacements-domicile-travail-en-belgique,https://www.ccecrb.fgov.be/dpics/fichiers/2020-05-13-04-52-12_domicile_travail.pdf,D:\ccecrb_downloads\article\2020-05-13-04-52-12_domicile_travail.pdf
article,Aides d’État au temps du coronavirus,Concurrence,20/04/2020,https://www.ccecrb.fgov.be/p/fr/749/aides-d-etat-au-temps-du-coronavirus,https://www.ccecrb.fgov.be/dpics/fichiers/2020-04-20-01-14-58_aides_etat_au_temps_du_coronavirus.pdf,D:\ccecrb_downloads\article\2020-04-20-01-14-58_aides_etat_au_temps_du_coronavirus.pdf
article,Amélioration de la protection des consommateurs avec la directive 'Omnibus',Pratiques du commerce,15/04/2020,https://www.ccecrb.fgov.be/p/fr/748/amelioration-de-la-protection-des-consommateurs-avec-la-directive-omnibus-,https://www.ccecrb.fgov.be/dpics/fichiers/2020-04-16-10-33-04_protectionduconsommateur.pdf,D:\ccecrb_downloads\article\2020-04-16-10-33-04_protectionduconsommateur.pdf
article,La contribution des interlocuteurs sociaux au Programme national de réforme de la Belgique,Emploi et compétitivité,01/04/2020,https://www.ccecrb.fgov.be/p/fr/744/la-contribution-des-interlocuteurs-sociaux-au-programme-national-de-reforme-de-la-belgique,https://www.ccecrb.fgov.be/dpics/fichiers/2020-04-07-05-44-37_PNR_article.pdf,D:\ccecrb_downloads\article\2020-04-07-05-44-37_PNR_article.pdf
article,Mobility as a Service,Mobilité,16/09/2019,https://www.ccecrb.fgov.be/p/fr/683/mobility-as-a-service,https://www.ccecrb.fgov.be/dpics/fichiers/2019-09-16-04-33-44_Mobility_as_a_Service.pdf,D:\ccecrb_downloads\article\2019-09-16-04-33-44_Mobility_as_a_Service.pdf
article,Nouvelle législation sur la protection « business-to-business »,Clauses abusives,27/05/2019,https://www.ccecrb.fgov.be/p/fr/651/nouvelle-legislation-sur-la-protection-business-to-business-,https://www.ccecrb.fgov.be/dpics/fichiers/2019-09-30-01-22-04_Nieuwewetgevingbusinesstobusinessbescherming.pdf,D:\ccecrb_downloads\article\2019-09-30-01-22-04_Nieuwewetgevingbusinesstobusinessbescherming.pdf
article,Le nouveau Code des sociétés et des associations et ses implications fiscales,Organisation de l'économie,13/05/2019,https://www.ccecrb.fgov.be/p/fr/645/le-nouveau-code-des-societes-et-des-associations-et-ses-implications-fiscales,https://www.ccecrb.fgov.be/dpics/fichiers/2019-09-30-01-32-11_LenouveauCodedessociétésetdesassociationsetsesimplicationsfiscales.pdf,D:\ccecrb_downloads\article\2019-09-30-01-32-11_LenouveauCodedessociétésetdesassociationsetsesimplicationsfiscales.pdf
article,L'instauration d'une tarification carbone en Belgique,Énergie,02/05/2019,https://www.ccecrb.fgov.be/p/fr/638/l-instauration-d-une-tarification-carbone-en-belgique,https://www.ccecrb.fgov.be/dpics/fichiers/2019-04-19-03-54-32_L’INSTAURATION_D’UNE_TARIFICATION_CARBONE_EN_BELGIQUE.pdf,D:\ccecrb_downloads\article\2019-04-19-03-54-32_L’INSTAURATION_D’UNE_TARIFICATION_CARBONE_EN_BELGIQUE.pdf
article,Les composantes de la politique ferroviaire en Belgique,Mobilité,29/10/2015,https://www.ccecrb.fgov.be/p/fr/873/les-composantes-de-la-politique-ferroviaire-en-belgique,https://www.ccecrb.fgov.be/dpics/fichiers/2021-06-28-03-04-50_LescomposantesdelapolitiqueferroviaireenBelgique.pdf,D:\ccecrb_downloads\article\2021-06-28-03-04-50_LescomposantesdelapolitiqueferroviaireenBelgique.pdf
article,Indexation : quelques clés pour mieux comprendre,Négociation salariale,31/01/2010,https://www.ccecrb.fgov.be/p/fr/935/indexation-quelques-cles-pour-mieux-comprendre,https://www.ccecrb.fgov.be/dpics/fichiers/2021-11-29-03-05-25_Indexation_article.pdf,D:\ccecrb_downloads\article\2021-11-29-03-05-25_Indexation_article.pdf
rapport-externe,Points d’attention relatifs aux investissements publics dans la défense visant à respecter la norme de l’OTAN,Construction,25/03/2026,https://www.ccecrb.fgov.be/p/fr/1381/points-d-attention-relatifs-aux-investissements-publics-dans-la-defense-visant-a-respecter-la-norme-de-l-otan,https://www.ccecrb.fgov.be/dpics/fichiers/2026-04-29-10-07-29_doc261141fr.pdf,D:\ccecrb_downloads\rapport-externe\2026-04-29-10-07-29_doc261141fr.pdf
rapport-externe,Appel à candidatures pour le mandat de président de la Commission consultative spéciale « Concurrence »,Concurrence,17/10/2025,https://www.ccecrb.fgov.be/p/fr/1311/appel-a-candidatures-pour-le-mandat-de-president-de-la-commission-consultative-speciale-concurrence-,https://www.ccecrb.fgov.be/dpics/fichiers/2025-10-17-03-56-10_doc251962fr.pdf,D:\ccecrb_downloads\rapport-externe\2025-10-17-03-56-10_doc251962fr.pdf
rapport-externe,Les partenaires sociaux du secteur de l’alimentation disent non à une harmonisation de la TVA à 9 %,Alimentation,10/10/2025,https://www.ccecrb.fgov.be/p/fr/1319/les-partenaires-sociaux-du-secteur-de-l-alimentation-disent-non-a-une-harmonisation-de-la-tva-a-9-,https://www.ccecrb.fgov.be/dpics/fichiers/2025-11-20-03-36-28_CCE20251894CommunicationauxPremierministreetVicepremiersministresconcernantuneharmonisationdelaTVA.pdf,D:\ccecrb_downloads\rapport-externe\2025-11-20-03-36-28_CCE20251894CommunicationauxPremierministreetVicepremiersministresconcernantuneharmonisationdelaTVA.pdf
rapport-externe,"Mobilité partagée, précarité en matière de transport et lieux de travail difficilement accessibles",Mobilité,19/05/2025,https://www.ccecrb.fgov.be/p/fr/1280/mobilite-partagee-precarite-en-matiere-de-transport-et-lieux-de-travail-difficilement-accessibles,"https://www.ccecrb.fgov.be/dpics/fichiers/2025-05-27-08-49-55_PresentatieRobertOphoff_deelmobiliteit,deoplossingvoorvervoersarmoede.pdf","D:\ccecrb_downloads\rapport-externe\2025-05-27-08-49-55_PresentatieRobertOphoff_deelmobiliteit,deoplossingvoorvervoersarmoede.pdf"
rapport-externe,Une conférence sur la voie vers un secteur de la distribution et un e-commerce belges durables et compétitifs.,Distribution,21/11/2024,https://www.ccecrb.fgov.be/p/fr/1233/une-conference-sur-la-voie-vers-un-secteur-de-la-distribution-et-un-e-commerce-belges-durables-et-competitifs-,https://www.ccecrb.fgov.be/dpics/fichiers/2024-11-21-04-00-00_doc242387fr.pdf,D:\ccecrb_downloads\rapport-externe\2024-11-21-04-00-00_doc242387fr.pdf
rapport-externe,Une conférence sur la voie vers un secteur de la distribution et un e-commerce belges durables et compétitifs.,Distribution,21/11/2024,https://www.ccecrb.fgov.be/p/fr/1233/une-conference-sur-la-voie-vers-un-secteur-de-la-distribution-et-un-e-commerce-belges-durables-et-competitifs-,https://www.ccecrb.fgov.be/dpics/fichiers/2024-11-21-04-02-21_doc242383.pdf,D:\ccecrb_downloads\rapport-externe\2024-11-21-04-02-21_doc242383.pdf
rapport-externe,Une journée d’étude consacrée à la publication d’informations sur la durabilité,Organisation de l'économie,01/10/2024,https://www.ccecrb.fgov.be/p/fr/1219/une-journee-d-etude-consacree-a-la-publication-d-informations-sur-la-durabilite,https://www.ccecrb.fgov.be/dpics/fichiers/2024-10-10-03-09-29_doc242123fr.pdf,D:\ccecrb_downloads\rapport-externe\2024-10-10-03-09-29_doc242123fr.pdf
rapport-externe,Une journée d’étude consacrée à la publication d’informations sur la durabilité,Organisation de l'économie,01/10/2024,https://www.ccecrb.fgov.be/p/fr/1219/une-journee-d-etude-consacree-a-la-publication-d-informations-sur-la-durabilite,https://www.ccecrb.fgov.be/dpics/fichiers/2024-10-08-04-36-18_doc242120fr.pdf,D:\ccecrb_downloads\rapport-externe\2024-10-08-04-36-18_doc242120fr.pdf
rapport-externe,Une journée d’étude consacrée à la publication d’informations sur la durabilité,Organisation de l'économie,01/10/2024,https://www.ccecrb.fgov.be/p/fr/1219/une-journee-d-etude-consacree-a-la-publication-d-informations-sur-la-durabilite,https://www.ccecrb.fgov.be/dpics/fichiers/2024-10-15-02-33-24_doc242126fr.pdf,D:\ccecrb_downloads\rapport-externe\2024-10-15-02-33-24_doc242126fr.pdf
rapport-externe,Une journée d’étude consacrée à la publication d’informations sur la durabilité,Organisation de l'économie,01/10/2024,https://www.ccecrb.fgov.be/p/fr/1219/une-journee-d-etude-consacree-a-la-publication-d-informations-sur-la-durabilite,https://www.ccecrb.fgov.be/dpics/fichiers/2024-10-08-04-32-22_doc242125fr.pdf,D:\ccecrb_downloads\rapport-externe\2024-10-08-04-32-22_doc242125fr.pdf
rapport-externe,Une journée d’étude consacrée à la publication d’informations sur la durabilité,Organisation de l'économie,01/10/2024,https://www.ccecrb.fgov.be/p/fr/1219/une-journee-d-etude-consacree-a-la-publication-d-informations-sur-la-durabilite,https://www.ccecrb.fgov.be/dpics/fichiers/2024-10-08-04-41-06_doc242128fr.pdf,D:\ccecrb_downloads\rapport-externe\2024-10-08-04-41-06_doc242128fr.pdf
rapport-externe,Une journée d’étude consacrée à la publication d’informations sur la durabilité,Organisation de l'économie,01/10/2024,https://www.ccecrb.fgov.be/p/fr/1219/une-journee-d-etude-consacree-a-la-publication-d-informations-sur-la-durabilite,https://www.ccecrb.fgov.be/dpics/fichiers/2024-10-08-04-45-22_doc242121fr.pdf,D:\ccecrb_downloads\rapport-externe\2024-10-08-04-45-22_doc242121fr.pdf
rapport-externe,Une journée d’étude consacrée à la publication d’informations sur la durabilité,Organisation de l'économie,01/10/2024,https://www.ccecrb.fgov.be/p/fr/1219/une-journee-d-etude-consacree-a-la-publication-d-informations-sur-la-durabilite,https://www.ccecrb.fgov.be/dpics/fichiers/2024-10-03-10-52-08_CCE20242127KarenHofmans.pdf,D:\ccecrb_downloads\rapport-externe\2024-10-03-10-52-08_CCE20242127KarenHofmans.pdf
rapport-externe,Une journée d’étude consacrée à la publication d’informations sur la durabilité,Organisation de l'économie,01/10/2024,https://www.ccecrb.fgov.be/p/fr/1219/une-journee-d-etude-consacree-a-la-publication-d-informations-sur-la-durabilite,https://www.ccecrb.fgov.be/dpics/fichiers/2024-10-08-04-38-08_doc242122fr.pdf,D:\ccecrb_downloads\rapport-externe\2024-10-08-04-38-08_doc242122fr.pdf
rapport-externe,Une journée d’étude consacrée à la publication d’informations sur la durabilité,Organisation de l'économie,01/10/2024,https://www.ccecrb.fgov.be/p/fr/1219/une-journee-d-etude-consacree-a-la-publication-d-informations-sur-la-durabilite,https://www.ccecrb.fgov.be/dpics/fichiers/2024-10-03-10-54-08_CCECRB20242124SaskiaSlomp.pdf,D:\ccecrb_downloads\rapport-externe\2024-10-03-10-54-08_CCECRB20242124SaskiaSlomp.pdf
rapport-externe,Save the date : Pour un secteur de la distribution et un e-commerce belges durables et compétitifs,Distribution,04/09/2024,https://www.ccecrb.fgov.be/p/fr/1221/save-the-date-pour-un-secteur-de-la-distribution-et-un-e-commerce-belges-durables-et-competitifs,https://www.ccecrb.fgov.be/dpics/fichiers/2024-10-18-02-19-37_programme21.11.2024.pdf,D:\ccecrb_downloads\rapport-externe\2024-10-18-02-19-37_programme21.11.2024.pdf
rapport-externe,La CCS Consommation explique sa valeur ajoutée aux négociateurs du gouvernement fédéral,Divers,02/09/2024,https://www.ccecrb.fgov.be/p/fr/1217/la-ccs-consommation-explique-sa-valeur-ajoutee-aux-negociateurs-du-gouvernement-federal,https://www.ccecrb.fgov.be/dpics/fichiers/2024-09-02-02-12-06_doc241920fr.pdf,D:\ccecrb_downloads\rapport-externe\2024-09-02-02-12-06_doc241920fr.pdf
rapport-externe,Communication aux présidents de partis : appel pour rendre au logement la place centrale au sein des politiques publiques,Construction,09/07/2024,https://www.ccecrb.fgov.be/p/fr/1205/communication-aux-presidents-de-partis-appel-pour-rendre-au-logement-la-place-centrale-au-sein-des-politiques-publiques,https://www.ccecrb.fgov.be/dpics/fichiers/2024-07-09-04-52-32_CCE20241807Appelpourrendreaulogementlaplacecentralequiluirevientauseindespolitiquespubliques_Website.pdf,D:\ccecrb_downloads\rapport-externe\2024-07-09-04-52-32_CCE20241807Appelpourrendreaulogementlaplacecentralequiluirevientauseindespolitiquespubliques_Website.pdf
rapport-externe,Dialogue entre les opérateurs de transports en commun et les conseils consultatifs fédéraux et régionaux,Mobilité,18/06/2024,https://www.ccecrb.fgov.be/p/fr/1198/dialogue-entre-les-operateurs-de-transports-en-commun-et-les-conseils-consultatifs-federaux-et-regionaux,https://www.ccecrb.fgov.be/dpics/fichiers/2024-07-18-11-04-47_doc241689fr.pdf,D:\ccecrb_downloads\rapport-externe\2024-07-18-11-04-47_doc241689fr.pdf
rapport-externe,Communication aux présidents de partis : créer une politique stable pour l’industrie de l’alimentation et des boissons,Alimentation,29/05/2024,https://www.ccecrb.fgov.be/p/fr/1186/communication-aux-presidents-de-partis-creer-une-politique-stable-pour-l-industrie-de-l-alimentation-et-des-boissons,https://www.ccecrb.fgov.be/dpics/fichiers/2024-05-30-11-00-56_CCE20241417communicatiepolitiekFR.pdf,D:\ccecrb_downloads\rapport-externe\2024-05-30-11-00-56_CCE20241417communicatiepolitiekFR.pdf
rapport-externe,Séminaire dans le cadre de la présidence belge du Conseil de l'Union européenne,Présidence belge de l’Union européenne,24/05/2024,https://www.ccecrb.fgov.be/p/fr/1184/seminaire-dans-le-cadre-de-la-presidence-belge-du-conseil-de-l-union-europeenne,https://www.ccecrb.fgov.be/dpics/fichiers/2024-05-24-10-34-17_Programmeséminaire2006.pdf,D:\ccecrb_downloads\rapport-externe\2024-05-24-10-34-17_Programmeséminaire2006.pdf
rapport-externe,Un séminaire sur le climat et la gouvernance économique dans un contexte européen : quelles implications pour la Belgique ?,Finances publiques,07/05/2024,https://www.ccecrb.fgov.be/p/fr/1180/un-seminaire-sur-le-climat-et-la-gouvernance-economique-dans-un-contexte-europeen-quelles-implications-pour-la-belgique-,https://www.ccecrb.fgov.be/dpics/fichiers/2024-05-31-03-26-46_Invitation24juinCCECFDD.pdf,D:\ccecrb_downloads\rapport-externe\2024-05-31-03-26-46_Invitation24juinCCECFDD.pdf
rapport-externe,Cinquante ans d'informations économiques et financières à fournir aux conseils d'entreprise,Organisation de l'économie,22/03/2024,https://www.ccecrb.fgov.be/p/fr/1122/cinquante-ans-d-informations-economiques-et-financieres-a-fournir-aux-conseils-d-entreprise,https://www.ccecrb.fgov.be/dpics/fichiers/2024-02-06-02-19-06_programma50jaarkbFR_defversie.pdf,D:\ccecrb_downloads\rapport-externe\2024-02-06-02-19-06_programma50jaarkbFR_defversie.pdf
rapport-externe,Cinquante ans d'informations économiques et financières à fournir aux conseils d'entreprise,Organisation de l'économie,22/03/2024,https://www.ccecrb.fgov.be/p/fr/1122/cinquante-ans-d-informations-economiques-et-financieres-a-fournir-aux-conseils-d-entreprise,https://www.ccecrb.fgov.be/dpics/fichiers/2024-03-22-10-29-41_2024061NewsletterLeconseild%E2%80%99entrepriseetl%E2%80%99arr%C3%AAt%C3%A9royaldu27novembre197326022024FR.pdf,D:\ccecrb_downloads\rapport-externe\2024-03-22-10-29-41_2024061NewsletterLeconseild%E2%80%99entrepriseetl%E2%80%99arr%C3%AAt%C3%A9royaldu27novembre197326022024FR.pdf
rapport-externe,Revoir l'événement du 20 novembre,75ème anniversaire,20/11/2023,https://www.ccecrb.fgov.be/p/fr/1113/revoir-l-evenement-du-20-novembre,https://www.ccecrb.fgov.be/dpics/fichiers/2023-10-24-01-57-37_programma75FR.pdf,D:\ccecrb_downloads\rapport-externe\2023-10-24-01-57-37_programma75FR.pdf
rapport-externe,Petite rétrospective en image,75ème anniversaire,20/11/2023,https://www.ccecrb.fgov.be/p/fr/1120/petite-retrospective-en-image,https://www.ccecrb.fgov.be/dpics/fichiers/2023-11-17-04-23-34_DirkLuyten75jaarCentraleRaadvoorhetBedrijfslevenoverdeoorsprongendeverschuivenderolvaneeneconomischoverlegorgaan.pdf,D:\ccecrb_downloads\rapport-externe\2023-11-17-04-23-34_DirkLuyten75jaarCentraleRaadvoorhetBedrijfslevenoverdeoorsprongendeverschuivenderolvaneeneconomischoverlegorgaan.pdf
rapport-externe,Appel à candidature examen expert diamant,Diamant,26/10/2023,https://www.ccecrb.fgov.be/p/fr/1117/appel-a-candidature-examen-expert-diamant,https://www.ccecrb.fgov.be/dpics/fichiers/2023-12-04-02-29-55_CRB20232436oproepkandidatendiamantsector.pdf,D:\ccecrb_downloads\rapport-externe\2023-12-04-02-29-55_CRB20232436oproepkandidatendiamantsector.pdf
rapport-externe,Besoin urgent d’un président pour l’Autorité belge de la concurrence,Concurrence,02/10/2023,https://www.ccecrb.fgov.be/p/fr/1108/besoin-urgent-d-un-president-pour-l-autorite-belge-de-la-concurrence,https://www.ccecrb.fgov.be/dpics/fichiers/2023-10-04-02-17-03_doc232309fr.pdf,D:\ccecrb_downloads\rapport-externe\2023-10-04-02-17-03_doc232309fr.pdf
rapport-externe,Revoir le webinaire avec Eric Cornelis sur la mobilité de demain,Mobilité,15/09/2023,https://www.ccecrb.fgov.be/p/fr/1100/revoir-le-webinaire-avec-eric-cornelis-sur-la-mobilite-de-demain,https://www.ccecrb.fgov.be/dpics/fichiers/2023-09-18-03-06-52_mobilite_de_demain.pdf,D:\ccecrb_downloads\rapport-externe\2023-09-18-03-06-52_mobilite_de_demain.pdf
rapport-externe,Le secteur de la construction demande l'extension et le maintien du taux de TVA de 6%.,Construction,16/06/2023,https://www.ccecrb.fgov.be/p/fr/1076/le-secteur-de-la-construction-demande-l-extension-et-le-maintien-du-taux-de-tva-de-6-,https://www.ccecrb.fgov.be/dpics/fichiers/2023-06-16-11-15-31_CCE20231506.pdf,D:\ccecrb_downloads\rapport-externe\2023-06-16-11-15-31_CCE20231506.pdf
rapport-externe,"Appel à l’intensification de l’investissement dans le logement abordable, durable et de qualité",Construction,29/09/2022,https://www.ccecrb.fgov.be/p/fr/1013/appel-a-l-intensification-de-l-investissement-dans-le-logement-abordable-durable-et-de-qualite,https://www.ccecrb.fgov.be/dpics/fichiers/2022-09-29-04-02-48_Communiqu%C3%A9dePresseCommunicationConstruction.pdf,D:\ccecrb_downloads\rapport-externe\2022-09-29-04-02-48_Communiqu%C3%A9dePresseCommunicationConstruction.pdf
rapport-externe,Le CCE et le CNT réagissent au Parlement sur la proposition de résolution concernant la mobilité partagée,Mobilité,04/05/2022,https://www.ccecrb.fgov.be/p/fr/977/le-cce-et-le-cnt-reagissent-au-parlement-sur-la-proposition-de-resolution-concernant-la-mobilite-partagee,https://www.ccecrb.fgov.be/dpics/fichiers/2022-05-09-08-37-43_doc221137fr.pdf,D:\ccecrb_downloads\rapport-externe\2022-05-09-08-37-43_doc221137fr.pdf
rapport-externe,Convergences en matière de rénovation énergétique des bâtiments publics,Énergie,01/04/2022,https://www.ccecrb.fgov.be/p/fr/968/convergences-en-matiere-de-renovation-energetique-des-batiments-publics,https://www.ccecrb.fgov.be/dpics/fichiers/2022-04-08-03-44-30_Convergencesenmatièrederénovationénergétiquedesbâtimentspublics.pdf,D:\ccecrb_downloads\rapport-externe\2022-04-08-03-44-30_Convergencesenmatièrederénovationénergétiquedesbâtimentspublics.pdf
rapport-externe,Vision du rail 2040 : conseils consultatifs et ministre fédéral se rejoignent sur les ambitions,Mobilité,17/03/2022,https://www.ccecrb.fgov.be/p/fr/963/vision-du-rail-2040-conseils-consultatifs-et-ministre-federal-se-rejoignent-sur-les-ambitions,https://www.ccecrb.fgov.be/dpics/fichiers/2021-12-22-10-14-24_CCE20213440CNT2.259AvisPrincipesdebasepourlavisiondurail2040.pdf,D:\ccecrb_downloads\rapport-externe\2021-12-22-10-14-24_CCE20213440CNT2.259AvisPrincipesdebasepourlavisiondurail2040.pdf
rapport-externe,Vision du rail 2040 : conseils consultatifs et ministre fédéral se rejoignent sur les ambitions,Mobilité,17/03/2022,https://www.ccecrb.fgov.be/p/fr/963/vision-du-rail-2040-conseils-consultatifs-et-ministre-federal-se-rejoignent-sur-les-ambitions,https://www.ccecrb.fgov.be/dpics/fichiers/2022-03-14-04-20-38_doc220600fr.pdf,D:\ccecrb_downloads\rapport-externe\2022-03-14-04-20-38_doc220600fr.pdf
rapport-externe,Webinaire sur le thème de la rénovation énergétique des bâtiments publics en Belgique,Énergie,02/02/2022,https://www.ccecrb.fgov.be/p/fr/950/webinaire-sur-le-theme-de-la-renovation-energetique-des-batiments-publics-en-belgique,https://www.ccecrb.fgov.be/dpics/fichiers/2022-02-07-12-21-57_Frederik_Hindryckx_VEB.pdf,D:\ccecrb_downloads\rapport-externe\2022-02-07-12-21-57_Frederik_Hindryckx_VEB.pdf
rapport-externe,Webinaire sur le thème de la rénovation énergétique des bâtiments publics en Belgique,Énergie,02/02/2022,https://www.ccecrb.fgov.be/p/fr/950/webinaire-sur-le-theme-de-la-renovation-energetique-des-batiments-publics-en-belgique,https://www.ccecrb.fgov.be/dpics/fichiers/2022-02-07-12-24-42_Wiebe_Verhoeven_RENOLUTION.pdf,D:\ccecrb_downloads\rapport-externe\2022-02-07-12-24-42_Wiebe_Verhoeven_RENOLUTION.pdf
rapport-externe,Webinaire sur le thème de la rénovation énergétique des bâtiments publics en Belgique,Énergie,02/02/2022,https://www.ccecrb.fgov.be/p/fr/950/webinaire-sur-le-theme-de-la-renovation-energetique-des-batiments-publics-en-belgique,https://www.ccecrb.fgov.be/dpics/fichiers/2022-02-07-12-22-49_Salma_Lasri_RENOWATT.pdf,D:\ccecrb_downloads\rapport-externe\2022-02-07-12-22-49_Salma_Lasri_RENOWATT.pdf
rapport-externe,Webinaire sur le thème de la rénovation énergétique des bâtiments publics en Belgique,Énergie,02/02/2022,https://www.ccecrb.fgov.be/p/fr/950/webinaire-sur-le-theme-de-la-renovation-energetique-des-batiments-publics-en-belgique,https://www.ccecrb.fgov.be/dpics/fichiers/2022-02-07-12-26-22_Remi_Lepape_RegiedesBatiments.pdf,D:\ccecrb_downloads\rapport-externe\2022-02-07-12-26-22_Remi_Lepape_RegiedesBatiments.pdf
rapport-externe,Mettre fin aux augmentations des taxes indirectes sur les aliments et les boissons,Alimentation,21/12/2021,https://www.ccecrb.fgov.be/p/fr/945/mettre-fin-aux-augmentations-des-taxes-indirectes-sur-les-aliments-et-les-boissons,https://www.ccecrb.fgov.be/dpics/fichiers/2022-01-10-10-06-26_doc213342fr.pdf,D:\ccecrb_downloads\rapport-externe\2022-01-10-10-06-26_doc213342fr.pdf
rapport-externe,Le gouvernement et le Parlement veulent accroître l’utilisation du budget mobilité,Mobilité,09/11/2021,https://www.ccecrb.fgov.be/p/fr/923/le-gouvernement-et-le-parlement-veulent-accroitre-l-utilisation-du-budget-mobilite,https://www.ccecrb.fgov.be/dpics/fichiers/2021-11-16-09-51-55_complementautexteweb.pdf,D:\ccecrb_downloads\rapport-externe\2021-11-16-09-51-55_complementautexteweb.pdf
rapport-externe,Vers une cohérence entre niveaux de pouvoir pour réduire les émissions dans le secteur des bâtiments,Énergie,23/08/2021,https://www.ccecrb.fgov.be/p/fr/891/vers-une-coherence-entre-niveaux-de-pouvoir-pour-reduire-les-emissions-dans-le-secteur-des-batiments,https://www.ccecrb.fgov.be/dpics/fichiers/2021-08-19-04-54-58_doc212230fr.pdf,D:\ccecrb_downloads\rapport-externe\2021-08-19-04-54-58_doc212230fr.pdf
rapport-externe,Attention à l’impact de notre fiscalité indirecte élevée sur les achats transfrontaliers,Alimentation,27/05/2021,https://www.ccecrb.fgov.be/p/fr/859/attention-a-l-impact-de-notre-fiscalite-indirecte-elevee-sur-les-achats-transfrontaliers,https://www.ccecrb.fgov.be/dpics/fichiers/2021-05-27-02-46-47_doc211263fr.pdf,D:\ccecrb_downloads\rapport-externe\2021-05-27-02-46-47_doc211263fr.pdf
rapport-externe,"Vers des marchés publics qui soutiennent au mieux l’activité et l’emploi local, dans une optique durable",Construction,25/03/2021,https://www.ccecrb.fgov.be/p/fr/838/vers-des-marches-publics-qui-soutiennent-au-mieux-l-activite-et-l-emploi-local-dans-une-optique-durable,https://www.ccecrb.fgov.be/dpics/fichiers/2021-03-25-09-48-33_doc210582fr.pdf,D:\ccecrb_downloads\rapport-externe\2021-03-25-09-48-33_doc210582fr.pdf
rapport-externe,The Belgian Artificial Intelligence Week,Digitalisation,16/03/2021,https://www.ccecrb.fgov.be/p/fr/835/the-belgian-artificial-intelligence-week,https://www.ccecrb.fgov.be/dpics/fichiers/fr/doc17-2170.pdf,D:\ccecrb_downloads\rapport-externe\doc17-2170.pdf
rapport-externe,The Belgian Artificial Intelligence Week,Digitalisation,16/03/2021,https://www.ccecrb.fgov.be/p/fr/835/the-belgian-artificial-intelligence-week,https://www.ccecrb.fgov.be/dpics/fichiers/2019-09-13-10-09-31_CCE20191661InternetofthingsDEF.pdf,D:\ccecrb_downloads\rapport-externe\2019-09-13-10-09-31_CCE20191661InternetofthingsDEF.pdf
rapport-externe,The Belgian Artificial Intelligence Week,Digitalisation,16/03/2021,https://www.ccecrb.fgov.be/p/fr/835/the-belgian-artificial-intelligence-week,https://www.ccecrb.fgov.be/dpics/fichiers/2020-02-20-03-43-43_doc20280fr.pdf,D:\ccecrb_downloads\rapport-externe\2020-02-20-03-43-43_doc20280fr.pdf
rapport-externe,L’implication du CCE dans le Plan pour la reprise et la résilience de la Belgique,Emploi et compétitivité,26/01/2021,https://www.ccecrb.fgov.be/p/fr/800/l-implication-du-cce-dans-le-plan-pour-la-reprise-et-la-resilience-de-la-belgique,https://www.ccecrb.fgov.be/dpics/fichiers/2020-12-04-02-31-25_doc202289fr.pdf,D:\ccecrb_downloads\rapport-externe\2020-12-04-02-31-25_doc202289fr.pdf
rapport-externe,Benoît Bayenet succède à Robert Tollet à la présidence du Conseil central de l'économie,Organes politiques,01/09/2020,https://www.ccecrb.fgov.be/p/fr/774/benoit-bayenet-succede-a-robert-tollet-a-la-presidence-du-conseil-central-de-l-economie,https://www.ccecrb.fgov.be/dpics/fichiers/2020-09-07-03-26-08_nomination_Bayenet.pdf,D:\ccecrb_downloads\rapport-externe\2020-09-07-03-26-08_nomination_Bayenet.pdf
rapport-externe,Journée d’étude des vice-présidents du Conseil central de l’économie,Organes politiques,31/08/2020,https://www.ccecrb.fgov.be/p/fr/773/journee-d-etude-des-vice-presidents-du-conseil-central-de-l-economie,https://www.ccecrb.fgov.be/dpics/fichiers/2020-08-31-11-10-24_Covid‐19crisisandEconomicJoepKonings.pdf,D:\ccecrb_downloads\rapport-externe\2020-08-31-11-10-24_Covid‐19crisisandEconomicJoepKonings.pdf
rapport-externe,Journée d’étude des vice-présidents du Conseil central de l’économie,Organes politiques,31/08/2020,https://www.ccecrb.fgov.be/p/fr/773/journee-d-etude-des-vice-presidents-du-conseil-central-de-l-economie,https://www.ccecrb.fgov.be/dpics/fichiers/2020-08-31-11-11-39_EconomischbeleidnaCOVIDErikSchokkaert.pdf,D:\ccecrb_downloads\rapport-externe\2020-08-31-11-11-39_EconomischbeleidnaCOVIDErikSchokkaert.pdf
rapport-externe,Journée d’étude des vice-présidents du Conseil central de l’économie,Organes politiques,31/08/2020,https://www.ccecrb.fgov.be/p/fr/773/journee-d-etude-des-vice-presidents-du-conseil-central-de-l-economie,https://www.ccecrb.fgov.be/dpics/fichiers/2020-08-31-11-14-50_tatdeslieuxdesimpactssocioéconomiquesdelacriseliéeaucoronavirusLucDenayer.pdf,D:\ccecrb_downloads\rapport-externe\2020-08-31-11-14-50_tatdeslieuxdesimpactssocioéconomiquesdelacriseliéeaucoronavirusLucDenayer.pdf
rapport-externe,Les organisations de consommateurs et les organisations professionnelles appellent à un assouplissement de l’obligation d’aller faire seul ses achats,Pratiques du commerce,05/08/2020,https://www.ccecrb.fgov.be/p/fr/768/les-organisations-de-consommateurs-et-les-organisations-professionnelles-appellent-a-un-assouplissement-de-l-obligation-d-aller-faire-seul-ses-achats,https://www.ccecrb.fgov.be/dpics/fichiers/2020-08-05-04-06-15_CCE20201442Muylle.pdf,D:\ccecrb_downloads\rapport-externe\2020-08-05-04-06-15_CCE20201442Muylle.pdf
rapport-externe,Le CCE présente ses priorités à la Chambre,Emploi et compétitivité,20/02/2020,https://www.ccecrb.fgov.be/p/fr/728/le-cce-presente-ses-priorites-a-la-chambre,https://www.ccecrb.fgov.be/dpics/fichiers/2020-02-20-03-15-33_CCE20200347PPT19.02.2020envoiChambre.pdf,D:\ccecrb_downloads\rapport-externe\2020-02-20-03-15-33_CCE20200347PPT19.02.2020envoiChambre.pdf
rapport-externe,Audition à la Chambre sur la transition vers une économie bas carbone,Énergie,07/02/2020,https://www.ccecrb.fgov.be/p/fr/721/audition-a-la-chambre-sur-la-transition-vers-une-economie-bas-carbone,https://www.ccecrb.fgov.be/dpics/fichiers/2019-10-25-02-09-00_doc192101fr.pdf#page=15,D:\ccecrb_downloads\rapport-externe\2019-10-25-02-09-00_doc192101fr.pdf
rapport-externe,Audition à la Chambre sur la transition vers une économie bas carbone,Énergie,07/02/2020,https://www.ccecrb.fgov.be/p/fr/721/audition-a-la-chambre-sur-la-transition-vers-une-economie-bas-carbone,https://www.ccecrb.fgov.be/dpics/fichiers/2019-10-25-02-09-00_doc192101fr.pdf#page=61,D:\ccecrb_downloads\rapport-externe\2019-10-25-02-09-00_doc192101fr.pdf
rapport-externe,Audition à la Chambre sur la transition vers une économie bas carbone,Énergie,07/02/2020,https://www.ccecrb.fgov.be/p/fr/721/audition-a-la-chambre-sur-la-transition-vers-une-economie-bas-carbone,https://www.ccecrb.fgov.be/dpics/fichiers/2020-06-09-02-49-20_energie_chambre_200122_energie_kamer.pdf,D:\ccecrb_downloads\rapport-externe\2020-06-09-02-49-20_energie_chambre_200122_energie_kamer.pdf
rapport-externe,Audition à la Chambre sur la transition vers une économie bas carbone,Énergie,07/02/2020,https://www.ccecrb.fgov.be/p/fr/721/audition-a-la-chambre-sur-la-transition-vers-une-economie-bas-carbone,https://www.ccecrb.fgov.be/dpics/fichiers/2019-10-25-05-29-40_doc192100fr.pdf,D:\ccecrb_downloads\rapport-externe\2019-10-25-05-29-40_doc192100fr.pdf
rapport-externe,Audition à la Chambre sur la transition vers une économie bas carbone,Énergie,07/02/2020,https://www.ccecrb.fgov.be/p/fr/721/audition-a-la-chambre-sur-la-transition-vers-une-economie-bas-carbone,https://www.ccecrb.fgov.be/dpics/fichiers/2019-10-25-02-09-00_doc192101fr.pdf#page=47,D:\ccecrb_downloads\rapport-externe\2019-10-25-02-09-00_doc192101fr.pdf
rapport-externe,Garantie sur les animaux : la ministre Muylle exécute l’avis de la CCS « Consommation »,Pratiques du commerce,22/01/2020,https://www.ccecrb.fgov.be/p/fr/716/garantie-sur-les-animaux-la-ministre-muylle-execute-l-avis-de-la-ccs-consommation-,https://www.ccecrb.fgov.be/dpics/fichiers/2019-09-19-03-21-55_CCE20191660transpositiondirectives..pdf,D:\ccecrb_downloads\rapport-externe\2019-09-19-03-21-55_CCE20191660transpositiondirectives..pdf
rapport-externe,Recommandations spécifiques par pays pour la Belgique,Emploi et compétitivité,05/08/2019,https://www.ccecrb.fgov.be/p/fr/678/recommandations-specifiques-par-pays-pour-la-belgique,https://www.ccecrb.fgov.be/dpics/fichiers/2019-03-28-12-03-14_doc190640fr.pdf,D:\ccecrb_downloads\rapport-externe\2019-03-28-12-03-14_doc190640fr.pdf
rapport-externe,L’apport du CCE au Plan national Énergie-Climat,Énergie,21/06/2019,https://www.ccecrb.fgov.be/p/fr/663/l-apport-du-cce-au-plan-national-energie-climat,https://www.ccecrb.fgov.be/dpics/fichiers/fr/doc18-1000.pdf,D:\ccecrb_downloads\rapport-externe\doc18-1000.pdf
rapport-externe,Implication du CCE dans le débat énergie-climat,Énergie,05/04/2019,https://www.ccecrb.fgov.be/p/fr/627/implication-du-cce-dans-le-debat-energie-climat,https://www.ccecrb.fgov.be/dpics/fichiers/2019-04-05-03-27-07_cce20172055defissociauxeconomiquesetenvironnementauxareleverdansladefinitiondunevisionenergetiqueenbelgique20092017.pdf,D:\ccecrb_downloads\rapport-externe\2019-04-05-03-27-07_cce20172055defissociauxeconomiquesetenvironnementauxareleverdansladefinitiondunevisionenergetiqueenbelgique20092017.pdf
rapport-externe,Implication du CCE dans le débat énergie-climat,Énergie,05/04/2019,https://www.ccecrb.fgov.be/p/fr/627/implication-du-cce-dans-le-debat-energie-climat,https://www.ccecrb.fgov.be/dpics/fichiers/2019-04-05-03-27-40_cce20181750mesuresconcretespourlapartiefederaleduplannationalenergieclimat.pdf,D:\ccecrb_downloads\rapport-externe\2019-04-05-03-27-40_cce20181750mesuresconcretespourlapartiefederaleduplannationalenergieclimat.pdf
rapport-externe,Implication du CCE dans le débat énergie-climat,Énergie,05/04/2019,https://www.ccecrb.fgov.be/p/fr/627/implication-du-cce-dans-le-debat-energie-climat,https://www.ccecrb.fgov.be/dpics/fichiers/2019-04-05-03-22-59_cce20150135lengagementdesinterlocuteurssociauxfaceauxenjeuxenergetiques21012015.pdf,D:\ccecrb_downloads\rapport-externe\2019-04-05-03-22-59_cce20150135lengagementdesinterlocuteurssociauxfaceauxenjeuxenergetiques21012015.pdf
rapport-externe,Suivi des avis 2018 de la Consommation,Divers,27/02/2019,https://www.ccecrb.fgov.be/p/fr/613/suivi-des-avis-2018-de-la-consommation,https://www.ccecrb.fgov.be/dpics/fichiers/2019-02-27-04-02-02_suiviavisccsconsommation2018.pdf,D:\ccecrb_downloads\rapport-externe\2019-02-27-04-02-02_suiviavisccsconsommation2018.pdf
rapport-externe,Le projet d'accord interprofessionnel 2019-2020 est connu,Négociation salariale,26/02/2019,https://www.ccecrb.fgov.be/p/fr/612/le-projet-d-accord-interprofessionnel-2019-2020-est-connu,https://www.ccecrb.fgov.be/dpics/fichiers/2019-02-26-12-23-40_IPAAIP20192020(ontwerpprojet).pdf,D:\ccecrb_downloads\rapport-externe\2019-02-26-12-23-40_IPAAIP20192020(ontwerpprojet).pdf
rapport-externe,Rencontre avec Infrabel autour de l'avis du CCE sur le transport ferroviaire de marchandises,Mobilité,20/12/2018,https://www.ccecrb.fgov.be/p/fr/52/rencontre-avec-infrabel-autour-de-l-avis-du-cce-sur-le-transport-ferroviaire-de-marchandises,https://www.ccecrb.fgov.be/dpics/fichiers/2019-01-04-02-14-20_doc182330fr.pdf,D:\ccecrb_downloads\rapport-externe\2019-01-04-02-14-20_doc182330fr.pdf
rapport-externe,Plan national énergie climat,Énergie,20/12/2018,https://www.ccecrb.fgov.be/p/fr/68/plan-national-energie-climat,https://www.ccecrb.fgov.be/dpics/fichiers/2019-01-03-03-21-20_doc181750fr.pdf,D:\ccecrb_downloads\rapport-externe\2019-01-03-03-21-20_doc181750fr.pdf
rapport-externe,La Commission de la concurrence se prononce sur les modifications du droit de la concurrence,Concurrence,16/11/2018,https://www.ccecrb.fgov.be/p/fr/56/la-commission-de-la-concurrence-se-prononce-sur-les-modifications-du-droit-de-la-concurrence,https://www.ccecrb.fgov.be/dpics/fichiers/2019-04-30-03-16-57_doc181680fr.pdf,D:\ccecrb_downloads\rapport-externe\2019-04-30-03-16-57_doc181680fr.pdf
note-methodologique,Compétitivité du secteur alimentaire - juin 2021,Alimentation,03/09/2021,https://www.ccecrb.fgov.be/p/fr/903/competitivite-du-secteur-alimentaire-juin-2021,https://www.ccecrb.fgov.be/dpics/fichiers/2021-09-14-02-14-43_CCE20212369AvantproposrapportconjonctureAlimentation2021.pdf,D:\ccecrb_downloads\note-methodologique\2021-09-14-02-14-43_CCE20212369AvantproposrapportconjonctureAlimentation2021.pdf
note-methodologique,Financement des entreprises de croissance en Belgique : un aperçu des sources de financement appropriés et des recommandations politiques,Emploi et compétitivité,02/06/2016,https://www.ccecrb.fgov.be/p/fr/636/financement-des-entreprises-de-croissance-en-belgique-un-apercu-des-sources-de-financement-appropries-et-des-recommandations-politiques,https://www.ccecrb.fgov.be/dpics/fichiers/2019-04-19-03-28-22_rapport_Laveren.pdf,D:\ccecrb_downloads\note-methodologique\2019-04-19-03-28-22_rapport_Laveren.pdf
note-methodologique,Les entreprises de forte croissance en Belgique,Emploi et compétitivité,15/04/2016,https://www.ccecrb.fgov.be/p/fr/637/les-entreprises-de-forte-croissance-en-belgique,https://www.ccecrb.fgov.be/dpics/fichiers/2019-04-19-03-32-16_rapport_Sleuwaegen.pdf,D:\ccecrb_downloads\note-methodologique\2019-04-19-03-32-16_rapport_Sleuwaegen.pdf
debat,Mémorandum pour un secteur de la distribution durable et compétitif,Distribution,21/06/2024,https://www.ccecrb.fgov.be/p/fr/1208/memorandum-pour-un-secteur-de-la-distribution-durable-et-competitif,https://www.ccecrb.fgov.be/dpics/fichiers/2024-08-26-03-41-40_doc241750fr.pdf,D:\ccecrb_downloads\debat\2024-08-26-03-41-40_doc241750fr.pdf
debat,Recommandations prioritaires pour une construction durable et sociale,Construction,22/03/2024,https://www.ccecrb.fgov.be/p/fr/1164/recommandations-prioritaires-pour-une-construction-durable-et-sociale,https://www.ccecrb.fgov.be/dpics/fichiers/2024-03-26-04-37-38_doc240860fr.pdf,D:\ccecrb_downloads\debat\2024-03-26-04-37-38_doc240860fr.pdf
debat,Une industrie alimentaire forte comme moteur de notre économie,Alimentation,06/06/2019,https://www.ccecrb.fgov.be/p/fr/657/une-industrie-alimentaire-forte-comme-moteur-de-notre-economie,https://www.ccecrb.fgov.be/dpics/fichiers/2019-06-06-02-56-17_CCE20191099DEFsite.pdf,D:\ccecrb_downloads\debat\2019-06-06-02-56-17_CCE20191099DEFsite.pdf
debat,"Le secteur de la construction, partenaire d'une politique climatique ambitieuse sur les plans économique et social",Construction,15/05/2019,https://www.ccecrb.fgov.be/p/fr/648/le-secteur-de-la-construction-partenaire-d-une-politique-climatique-ambitieuse-sur-les-plans-economique-et-social,https://www.ccecrb.fgov.be/dpics/fichiers/2019-05-15-03-04-24_doc190950fr.pdf,D:\ccecrb_downloads\debat\2019-05-15-03-04-24_doc190950fr.pdf
debat,Un avenir durable pour l’édition et le secteur papetier et graphique,Papier,15/05/2019,https://www.ccecrb.fgov.be/p/fr/649/un-avenir-durable-pour-l-edition-et-le-secteur-papetier-et-graphique,https://www.ccecrb.fgov.be/dpics/fichiers/2019-05-15-03-15-56_doc190934fr.pdf,D:\ccecrb_downloads\debat\2019-05-15-03-15-56_doc190934fr.pdf
